  0
SECTION
  2
HEADER
  9
$ACADVER
  1
AC1014
  9
$ACADMAINTVER
 70
     9
  9
$DWGCODEPAGE
  3
ANSI_1252
  9
$INSBASE
 10
0.0
 20
0.0
 30
0.0
  9
$EXTMIN
 10
235.0657463888888
 20
111.0829136111111
 30
0.0
  9
$EXTMAX
 10
455.065765
 20
378.4541438888889
 30
0.0
  9
$LIMMIN
 10
0.0
 20
0.0
  9
$LIMMAX
 10
12.0
 20
9.0
  9
$ORTHOMODE
 70
     0
  9
$REGENMODE
 70
     1
  9
$FILLMODE
 70
     1
  9
$QTEXTMODE
 70
     0
  9
$MIRRTEXT
 70
     1
  9
$DRAGMODE
 70
     2
  9
$LTSCALE
 40
1.0
  9
$OSMODE
 70
    37
  9
$ATTMODE
 70
     1
  9
$TEXTSIZE
 40
0.2
  9
$TRACEWID
 40
0.05
  9
$TEXTSTYLE
  7
STANDARD
  9
$CLAYER
  8
DEFAULT
  9
$CELTYPE
  6
BYLAYER
  9
$CECOLOR
 62
   256
  9
$CELTSCALE
 40
1.0
  9
$DELOBJ
 70
     1
  9
$DISPSILH
 70
     0
  9
$DIMSCALE
 40
1.0
  9
$DIMASZ
 40
0.18
  9
$DIMEXO
 40
0.0625
  9
$DIMDLI
 40
0.38
  9
$DIMRND
 40
0.0
  9
$DIMDLE
 40
0.0
  9
$DIMEXE
 40
0.18
  9
$DIMTP
 40
0.0
  9
$DIMTM
 40
0.0
  9
$DIMTXT
 40
0.18
  9
$DIMCEN
 40
0.09
  9
$DIMTSZ
 40
0.0
  9
$DIMTOL
 70
     0
  9
$DIMLIM
 70
     0
  9
$DIMTIH
 70
     1
  9
$DIMTOH
 70
     1
  9
$DIMSE1
 70
     0
  9
$DIMSE2
 70
     0
  9
$DIMTAD
 70
     0
  9
$DIMZIN
 70
     0
  9
$DIMBLK
  1

  9
$DIMASO
 70
     1
  9
$DIMSHO
 70
     1
  9
$DIMPOST
  1

  9
$DIMAPOST
  1

  9
$DIMALT
 70
     0
  9
$DIMALTD
 70
     2
  9
$DIMALTF
 40
25.4
  9
$DIMLFAC
 40
1.0
  9
$DIMTOFL
 70
     0
  9
$DIMTVP
 40
0.0
  9
$DIMTIX
 70
     0
  9
$DIMSOXD
 70
     0
  9
$DIMSAH
 70
     0
  9
$DIMBLK1
  1

  9
$DIMBLK2
  1

  9
$DIMSTYLE
  2
STANDARD
  9
$DIMCLRD
 70
     0
  9
$DIMCLRE
 70
     0
  9
$DIMCLRT
 70
     0
  9
$DIMTFAC
 40
1.0
  9
$DIMGAP
 40
0.09
  9
$DIMJUST
 70
     0
  9
$DIMSD1
 70
     0
  9
$DIMSD2
 70
     0
  9
$DIMTOLJ
 70
     1
  9
$DIMTZIN
 70
     0
  9
$DIMALTZ
 70
     0
  9
$DIMALTTZ
 70
     0
  9
$DIMFIT
 70
     5
  9
$DIMUPT
 70
     0
  9
$DIMUNIT
 70
     2
  9
$DIMDEC
 70
     4
  9
$DIMTDEC
 70
     4
  9
$DIMALTU
 70
     2
  9
$DIMALTTD
 70
     2
  9
$DIMTXSTY
  7
STANDARD
  9
$DIMAUNIT
 70
     0
  9
$LUNITS
 70
     2
  9
$LUPREC
 70
     3
  9
$SKETCHINC
 40
0.1
  9
$FILLETRAD
 40
0.5
  9
$AUNITS
 70
     0
  9
$AUPREC
 70
     0
  9
$MENU
  1
.
  9
$ELEVATION
 40
0.0
  9
$PELEVATION
 40
0.0
  9
$THICKNESS
 40
0.0
  9
$LIMCHECK
 70
     0
  9
$CHAMFERA
 40
0.0
  9
$CHAMFERB
 40
0.0
  9
$CHAMFERC
 40
0.0
  9
$CHAMFERD
 40
0.0
  9
$SKPOLY
 70
     0
  9
$TDCREATE
 40
2458919.563310659
  9
$TDUPDATE
 40
2458919.563324132
  9
$TDINDWG
 40
0.0000000116
  9
$TDUSRTIMER
 40
0.0000000116
  9
$USRTIMER
 70
     1
  9
$ANGBASE
 50
0.0
  9
$ANGDIR
 70
     0
  9
$PDMODE
 70
     0
  9
$PDSIZE
 40
0.0
  9
$PLINEWID
 40
0.0
  9
$COORDS
 70
     1
  9
$SPLFRAME
 70
     0
  9
$SPLINETYPE
 70
     6
  9
$SPLINESEGS
 70
     8
  9
$ATTDIA
 70
     0
  9
$ATTREQ
 70
     1
  9
$HANDLING
 70
     1
  9
$HANDSEED
  5
127
  9
$SURFTAB1
 70
     6
  9
$SURFTAB2
 70
     6
  9
$SURFTYPE
 70
     6
  9
$SURFU
 70
     6
  9
$SURFV
 70
     6
  9
$UCSNAME
  2

  9
$UCSORG
 10
0.0
 20
0.0
 30
0.0
  9
$UCSXDIR
 10
1.0
 20
0.0
 30
0.0
  9
$UCSYDIR
 10
0.0
 20
1.0
 30
0.0
  9
$PUCSNAME
  2

  9
$PUCSORG
 10
0.0
 20
0.0
 30
0.0
  9
$PUCSXDIR
 10
1.0
 20
0.0
 30
0.0
  9
$PUCSYDIR
 10
0.0
 20
1.0
 30
0.0
  9
$USERI1
 70
     0
  9
$USERI2
 70
     0
  9
$USERI3
 70
     0
  9
$USERI4
 70
     0
  9
$USERI5
 70
     0
  9
$USERR1
 40
0.0
  9
$USERR2
 40
0.0
  9
$USERR3
 40
0.0
  9
$USERR4
 40
0.0
  9
$USERR5
 40
0.0
  9
$WORLDVIEW
 70
     1
  9
$SHADEDGE
 70
     3
  9
$SHADEDIF
 70
    70
  9
$TILEMODE
 70
     1
  9
$MAXACTVP
 70
    64
  9
$PINSBASE
 10
0.0
 20
0.0
 30
0.0
  9
$PLIMCHECK
 70
     0
  9
$PEXTMIN
 10
1.000000000000000E+20
 20
1.000000000000000E+20
 30
1.000000000000000E+20
  9
$PEXTMAX
 10
-1.000000000000000E+20
 20
-1.000000000000000E+20
 30
-1.000000000000000E+20
  9
$PLIMMIN
 10
0.0
 20
0.0
  9
$PLIMMAX
 10
12.0
 20
9.0
  9
$UNITMODE
 70
     0
  9
$VISRETAIN
 70
     1
  9
$PLINEGEN
 70
     0
  9
$PSLTSCALE
 70
     1
  9
$TREEDEPTH
 70
  3020
  9
$PICKSTYLE
 70
     1
  9
$CMLSTYLE
  2
STANDARD
  9
$CMLJUST
 70
     0
  9
$CMLSCALE
 40
1.0
  9
$PROXYGRAPHICS
 70
     1
  9
$MEASUREMENT
 70
     0
  0
ENDSEC
  0
SECTION
  2
CLASSES
  0
CLASS
  1
ACDBDICTIONARYWDFLT
  2
AcDbDictionaryWithDefault
  3
ObjectDBX Classes
 90
        0
280
     0
281
     0
  0
CLASS
  1
VISUALSTYLE
  2
AcDbVisualStyle
  3
ObjectDBX Classes
 90
     4095
280
     0
281
     0
  0
CLASS
  1
MATERIAL
  2
AcDbMaterial
  3
ObjectDBX Classes
 90
     1153
280
     0
281
     0
  0
CLASS
  1
SCALE
  2
AcDbScale
  3
ObjectDBX Classes
 90
     1153
280
     0
281
     0
  0
CLASS
  1
SUN
  2
AcDbSun
  3
SCENEOE
 90
     1153
280
     0
281
     0
  0
CLASS
  1
DICTIONARYVAR
  2
AcDbDictionaryVar
  3
ObjectDBX Classes
 90
        0
280
     0
281
     0
  0
CLASS
  1
XRECORD
  2
AcDbXrecord
  3
ObjectDBX Classes
 90
        0
280
     0
281
     0
  0
CLASS
  1
LWPOLYLINE
  2
AcDbPolyline
  3
ObjectDBX Classes
 90
        0
280
     0
281
     1
  0
CLASS
  1
HATCH
  2
AcDbHatch
  3
ObjectDBX Classes
 90
        0
280
     0
281
     1
  0
CLASS
  1
ACDBPLACEHOLDER
  2
AcDbPlaceHolder
  3
ObjectDBX Classes
 90
        0
280
     0
281
     0
  0
CLASS
  1
LAYOUT
  2
AcDbLayout
  3
ObjectDBX Classes
 90
        0
280
     0
281
     0
  0
ENDSEC
  0
SECTION
  2
TABLES
  0
TABLE
  2
VPORT
  5
8
330
0
100
AcDbSymbolTable
 70
     1
  0
VPORT
  5
29
330
8
100
AcDbSymbolTableRecord
100
AcDbViewportTableRecord
  2
*ACTIVE
 70
     0
 10
0.0
 20
0.0
 11
1.0
 21
1.0
 12
345.0657556944444
 22
244.76852875
 13
0.0
 23
0.0
 14
0.5
 24
0.5
 15
0.5
 25
0.5
 16
0.0
 26
0.0
 36
1.0
 17
0.0
 27
0.0
 37
0.0
 40
272.7186548833333
 41
0.8228260698899742
 42
50.0
 43
0.0
 44
0.0
 50
0.0
 51
0.0
 71
     0
 72
   100
 73
     1
 74
     3
 75
     0
 76
     0
 77
     0
 78
     0
  0
ENDTAB
  0
TABLE
  2
LTYPE
  5
5
330
0
100
AcDbSymbolTable
 70
     1
  0
LTYPE
  5
14
330
5
100
AcDbSymbolTableRecord
100
AcDbLinetypeTableRecord
  2
BYBLOCK
 70
     0
  3

 72
    65
 73
     0
 40
0.0
  0
LTYPE
  5
15
330
5
100
AcDbSymbolTableRecord
100
AcDbLinetypeTableRecord
  2
BYLAYER
 70
     0
  3

 72
    65
 73
     0
 40
0.0
  0
LTYPE
  5
16
330
5
100
AcDbSymbolTableRecord
100
AcDbLinetypeTableRecord
  2
CONTINUOUS
 70
     0
  3
Solid line
 72
    65
 73
     0
 40
0.0
  0
ENDTAB
  0
TABLE
  2
LAYER
  5
2
330
0
100
AcDbSymbolTable
 70
     2
  0
LAYER
  5
10
330
2
100
AcDbSymbolTableRecord
100
AcDbLayerTableRecord
  2
0
 70
     0
 62
     7
  6
CONTINUOUS
  0
LAYER
  5
6A
330
2
100
AcDbSymbolTableRecord
100
AcDbLayerTableRecord
  2
DEFAULT
 70
     0
 62
     7
  6
CONTINUOUS
  0
ENDTAB
  0
TABLE
  2
STYLE
  5
3
330
0
100
AcDbSymbolTable
 70
     1
  0
STYLE
  5
11
330
3
100
AcDbSymbolTableRecord
100
AcDbTextStyleTableRecord
  2
STANDARD
 70
     0
 40
0.0
 41
1.0
 50
0.0
 71
     0
 42
0.2
  3
txt
  4

  0
ENDTAB
  0
TABLE
  2
VIEW
  5
6
330
0
100
AcDbSymbolTable
 70
     0
  0
ENDTAB
  0
TABLE
  2
UCS
  5
7
330
0
100
AcDbSymbolTable
 70
     0
  0
ENDTAB
  0
TABLE
  2
APPID
  5
9
330
0
100
AcDbSymbolTable
 70
     1
  0
APPID
  5
12
330
9
100
AcDbSymbolTableRecord
100
AcDbRegAppTableRecord
  2
ACAD
 70
     0
  0
ENDTAB
  0
TABLE
  2
DIMSTYLE
  5
A
330
0
100
AcDbSymbolTable
 70
     1
  0
DIMSTYLE
105
27
330
A
100
AcDbSymbolTableRecord
100
AcDbDimStyleTableRecord
  2
STANDARD
 70
     0
  3

  4

  5

  6

  7

 40
1.0
 41
0.18
 42
0.0625
 43
0.38
 44
0.18
 45
0.0
 46
0.0
 47
0.0
 48
0.0
140
0.18
141
0.09
142
0.0
143
25.4
144
1.0
145
0.0
146
1.0
147
0.09
 71
     0
 72
     0
 73
     1
 74
     1
 75
     0
 76
     0
 77
     0
 78
     0
170
     0
171
     2
172
     0
173
     0
174
     0
175
     0
176
     0
177
     0
178
     0
270
     2
271
     4
272
     4
273
     2
274
     2
340
11
275
     0
280
     0
281
     0
282
     0
283
     1
284
     0
285
     0
286
     0
287
     3
288
     0
  0
ENDTAB
  0
TABLE
  2
BLOCK_RECORD
  5
1
330
0
100
AcDbSymbolTable
 70
     1
  0
BLOCK_RECORD
  5
1F
330
1
100
AcDbSymbolTableRecord
100
AcDbBlockTableRecord
  2
*MODEL_SPACE
  0
BLOCK_RECORD
  5
1B
330
1
100
AcDbSymbolTableRecord
100
AcDbBlockTableRecord
  2
*PAPER_SPACE
  0
ENDTAB
  0
ENDSEC
  0
SECTION
  2
BLOCKS
  0
BLOCK
  5
20
330
1F
100
AcDbEntity
  8
0
100
AcDbBlockBegin
  2
*MODEL_SPACE
 70
     0
 10
0.0
 20
0.0
 30
0.0
  3
*MODEL_SPACE
  1

  0
ENDBLK
  5
21
330
1F
100
AcDbEntity
  8
0
100
AcDbBlockEnd
  0
BLOCK
  5
1C
330
1B
100
AcDbEntity
 67
     1
  8
0
100
AcDbBlockBegin
  2
*PAPER_SPACE
 70
     0
 10
0.0
 20
0.0
 30
0.0
  3
*PAPER_SPACE
  1

  0
ENDBLK
  5
1D
330
1B
100
AcDbEntity
 67
     1
  8
0
100
AcDbBlockEnd
  0
ENDSEC
  0
SECTION
  2
ENTITIES
  0
SPLINE
  5
6B
330
1F
100
AcDbEntity
  8
DEFAULT
 62
     1
100
AcDbSpline
210
0.0
220
0.0
230
1.0
 70
    11
 71
     3
 72
    29
 73
    25
 74
     0
 42
0.000000001
 43
0.0000000001
 40
0.0
 40
0.0
 40
0.0
 40
0.0
 40
1.0
 40
1.0
 40
1.0
 40
596.275
 40
596.275
 40
596.275
 40
597.275
 40
597.275
 40
597.275
 40
937.434
 40
937.434
 40
937.434
 40
938.434
 40
938.434
 40
938.434
 40
1533.709
 40
1533.709
 40
1533.709
 40
1534.709
 40
1534.709
 40
1534.709
 40
1874.868
 40
1874.868
 40
1874.868
 40
1874.868
 10
455.0657649999999
 20
116.0831858333333
 30
0.0
 10
455.0657649999999
 20
113.3216413888889
 30
0.0
 10
452.8270372222222
 20
111.0829136111111
 30
0.0
 10
450.0658455555555
 20
111.0829136111111
 30
0.0
 10
380.065915
 20
111.0829136111111
 30
0.0
 10
310.0659844444444
 20
111.0829136111111
 30
0.0
 10
240.0660538888889
 20
111.0829136111111
 30
0.0
 10
237.3045094444444
 20
111.0829136111111
 30
0.0
 10
235.0657816666667
 20
113.3216413888889
 30
0.0
 10
235.0657816666667
 20
116.0831858333333
 30
0.0
 10
235.0657816666667
 20
156.083364537037
 30
0.0
 10
235.0657816666667
 20
196.0835432407407
 30
0.0
 10
235.0657816666667
 20
236.0837219444444
 30
0.0
 10
235.0657816666667
 20
238.8449136111111
 30
0.0
 10
237.3045094444444
 20
241.0836413888889
 30
0.0
 10
240.0660538888889
 20
241.0836413888889
 30
0.0
 10
310.0659844444444
 20
241.0836413888889
 30
0.0
 10
380.065915
 20
241.0836413888889
 30
0.0
 10
450.0658455555555
 20
241.0836413888889
 30
0.0
 10
452.8270372222222
 20
241.0836413888889
 30
0.0
 10
455.0657649999999
 20
238.8449136111111
 30
0.0
 10
455.0657649999999
 20
236.0837219444444
 30
0.0
 10
455.065765
 20
196.0835432407407
 30
0.0
 10
455.065765
 20
156.083364537037
 30
0.0
 10
455.0657649999999
 20
116.0831858333333
 30
0.0
  0
POLYLINE
  5
6C
330
1F
100
AcDbEntity
  8
DEFAULT
 62
     7
100
AcDb2dPolyline
 66
     1
 10
0.0
 20
0.0
 30
0.0
  0
VERTEX
  5
6D
330
6C
100
AcDbEntity
  8
DEFAULT
 62
     7
100
AcDbVertex
100
AcDb2dVertex
 10
346.1308094444444
 20
187.3649697222222
 30
0.0
  0
VERTEX
  5
6E
330
6C
100
AcDbEntity
  8
DEFAULT
 62
     7
100
AcDbVertex
100
AcDb2dVertex
 10
344.1605455555555
 20
188.3051225
 30
0.0
  0
SEQEND
  5
6F
330
6C
100
AcDbEntity
  8
DEFAULT
 62
     7
  0
POLYLINE
  5
70
330
1F
100
AcDbEntity
  8
DEFAULT
 62
     7
100
AcDb2dPolyline
 66
     1
 10
0.0
 20
0.0
 30
0.0
  0
VERTEX
  5
71
330
70
100
AcDbEntity
  8
DEFAULT
 62
     7
100
AcDbVertex
100
AcDb2dVertex
 10
346.9297452777777
 20
189.0403466666666
 30
0.0
  0
VERTEX
  5
72
330
70
100
AcDbEntity
  8
DEFAULT
 62
     7
100
AcDbVertex
100
AcDb2dVertex
 10
344.6747897222221
 20
189.3832466666666
 30
0.0
  0
VERTEX
  5
73
330
70
100
AcDbEntity
  8
DEFAULT
 62
     7
100
AcDbVertex
100
AcDb2dVertex
 10
346.3776480555555
 20
187.8828827777778
 30
0.0
  0
SEQEND
  5
74
330
70
100
AcDbEntity
  8
DEFAULT
 62
     7
  0
POLYLINE
  5
75
330
1F
100
AcDbEntity
  8
DEFAULT
 62
     7
100
AcDb2dPolyline
 66
     1
 10
0.0
 20
0.0
 30
0.0
  0
VERTEX
  5
76
330
75
100
AcDbEntity
  8
DEFAULT
 62
     7
100
AcDbVertex
100
AcDb2dVertex
 10
345.9213652777777
 20
171.5133941666667
 30
0.0
  0
VERTEX
  5
77
330
75
100
AcDbEntity
  8
DEFAULT
 62
     7
100
AcDbVertex
100
AcDb2dVertex
 10
343.9514541666667
 20
172.4528413888889
 30
0.0
  0
SEQEND
  5
78
330
75
100
AcDbEntity
  8
DEFAULT
 62
     7
  0
POLYLINE
  5
79
330
1F
100
AcDbEntity
  8
DEFAULT
 62
     7
100
AcDb2dPolyline
 66
     1
 10
0.0
 20
0.0
 30
0.0
  0
VERTEX
  5
7A
330
79
100
AcDbEntity
  8
DEFAULT
 62
     7
100
AcDbVertex
100
AcDb2dVertex
 10
345.6367794444444
 20
170.9160355555555
 30
0.0
  0
VERTEX
  5
7B
330
79
100
AcDbEntity
  8
DEFAULT
 62
     7
100
AcDbVertex
100
AcDb2dVertex
 10
343.6668683333333
 20
171.8561883333333
 30
0.0
  0
SEQEND
  5
7C
330
79
100
AcDbEntity
  8
DEFAULT
 62
     7
  0
POLYLINE
  5
7D
330
1F
100
AcDbEntity
  8
DEFAULT
 62
     7
100
AcDb2dPolyline
 66
     1
 10
0.0
 20
0.0
 30
0.0
  0
VERTEX
  5
7E
330
7D
100
AcDbEntity
  8
DEFAULT
 62
     7
100
AcDbVertex
100
AcDb2dVertex
 10
345.3522288888889
 20
170.3193472222222
 30
0.0
  0
VERTEX
  5
7F
330
7D
100
AcDbEntity
  8
DEFAULT
 62
     7
100
AcDbVertex
100
AcDb2dVertex
 10
343.3816122222222
 20
171.2587944444444
 30
0.0
  0
SEQEND
  5
80
330
7D
100
AcDbEntity
  8
DEFAULT
 62
     7
  0
POLYLINE
  5
81
330
1F
100
AcDbEntity
  8
DEFAULT
 62
     7
100
AcDb2dPolyline
 66
     1
 10
0.0
 20
0.0
 30
0.0
  0
VERTEX
  5
82
330
81
100
AcDbEntity
  8
DEFAULT
 62
     7
100
AcDbVertex
100
AcDb2dVertex
 10
346.9014877777778
 20
153.4569927777778
 30
0.0
  0
VERTEX
  5
83
330
81
100
AcDbEntity
  8
DEFAULT
 62
     7
100
AcDbVertex
100
AcDb2dVertex
 10
344.9312238888889
 20
154.3967927777778
 30
0.0
  0
SEQEND
  5
84
330
81
100
AcDbEntity
  8
DEFAULT
 62
     7
  0
POLYLINE
  5
85
330
1F
100
AcDbEntity
  8
DEFAULT
 62
     7
100
AcDb2dPolyline
 66
     1
 10
0.0
 20
0.0
 30
0.0
  0
VERTEX
  5
86
330
85
100
AcDbEntity
  8
DEFAULT
 62
     7
100
AcDbVertex
100
AcDb2dVertex
 10
346.331998611111
 20
152.2629105555555
 30
0.0
  0
VERTEX
  5
87
330
85
100
AcDbEntity
  8
DEFAULT
 62
     7
100
AcDbVertex
100
AcDb2dVertex
 10
344.3620875
 20
153.2027105555556
 30
0.0
  0
SEQEND
  5
88
330
85
100
AcDbEntity
  8
DEFAULT
 62
     7
  0
POLYLINE
  5
89
330
1F
100
AcDbEntity
  8
DEFAULT
 62
     7
100
AcDb2dPolyline
 66
     1
 10
0.0
 20
0.0
 30
0.0
  0
VERTEX
  5
8A
330
89
100
AcDbEntity
  8
DEFAULT
 62
     7
100
AcDbVertex
100
AcDb2dVertex
 10
349.2868652777778
 20
134.1451611111111
 30
0.0
  0
VERTEX
  5
8B
330
89
100
AcDbEntity
  8
DEFAULT
 62
     7
100
AcDbVertex
100
AcDb2dVertex
 10
347.3166013888889
 20
135.0846083333334
 30
0.0
  0
SEQEND
  5
8C
330
89
100
AcDbEntity
  8
DEFAULT
 62
     7
  0
SPLINE
  5
8D
330
1F
100
AcDbEntity
  8
DEFAULT
 62
     1
100
AcDbSpline
210
0.0
220
0.0
230
1.0
 70
     8
 71
     3
 72
    35
 73
    31
 74
     0
 42
0.000000001
 43
0.0000000001
 40
0.0
 40
0.0
 40
0.0
 40
0.0
 40
1.0
 40
1.0
 40
1.0
 40
2.0
 40
2.0
 40
2.0
 40
3.0
 40
3.0
 40
3.0
 40
4.0
 40
4.0
 40
4.0
 40
9.667601432704993
 40
9.667601432704993
 40
9.667601432704993
 40
18.16743448988916
 40
18.16743448988916
 40
18.16743448988916
 40
23.83641049971667
 40
23.83641049971667
 40
23.83641049971667
 40
24.83641049971667
 40
24.83641049971667
 40
24.83641049971667
 40
25.83641049971667
 40
25.83641049971667
 40
25.83641049971667
 40
26.83641049971667
 40
26.83641049971667
 40
26.83641049971667
 40
26.83641049971667
 10
347.3755152777778
 20
160.1287613888889
 30
0.0
 10
344.6591263888889
 20
156.7540891666667
 30
0.0
 10
341.6143013888889
 20
155.8167586111111
 30
0.0
 10
339.0104486111111
 20
151.5128697222222
 30
0.0
 10
337.8205291666666
 20
149.0190836111111
 30
0.0
 10
338.0180847222222
 20
146.4399252777778
 30
0.0
 10
339.7392875
 20
145.6186586111111
 30
0.0
 10
339.7865597222222
 20
145.5960808333333
 30
0.0
 10
340.6730902777778
 20
146.4109975
 30
0.0
 10
341.2689319444444
 20
147.6591252777778
 30
0.0
 10
341.8651263888889
 20
148.9079586111111
 30
0.0
 10
342.1544041666667
 20
149.6293891666666
 30
0.0
 10
342.3018652777778
 20
149.9384225
 30
0.0
 10
342.5889087962963
 20
150.5399086111111
 30
0.0
 10
342.8759523148148
 20
151.1413947222222
 30
0.0
 10
343.1629958333333
 20
151.7428808333333
 30
0.0
 10
344.0650486111111
 20
151.3123743518518
 30
0.0
 10
344.9671013888889
 20
150.8818678703704
 30
0.0
 10
345.8691541666666
 20
150.4513613888889
 30
0.0
 10
345.5822282407407
 20
149.8496400925926
 30
0.0
 10
345.2953023148148
 20
149.2479187962963
 30
0.0
 10
345.0083763888888
 20
148.6461975
 30
0.0
 10
344.8609152777777
 20
148.3385752777778
 30
0.0
 10
344.4827375
 20
147.6580669444444
 30
0.0
 10
343.8868958333333
 20
146.4102919444444
 30
0.0
 10
343.2924652777778
 20
145.1621641666667
 30
0.0
 10
343.2113263888889
 20
143.9616613888889
 30
0.0
 10
343.2624791666667
 20
143.9376725
 30
0.0
 10
344.2555486111111
 20
143.0370308333333
 30
0.0
 10
346.9377180555555
 20
141.1249752777778
 30
0.0
 10
348.3703486111111
 20
141.9388336111111
 30
0.0
  0
SPLINE
  5
8E
330
1F
100
AcDbEntity
  8
DEFAULT
 62
     1
100
AcDbSpline
210
0.0
220
0.0
230
1.0
 70
     8
 71
     3
 72
    23
 73
    19
 74
     0
 42
0.000000001
 43
0.0000000001
 40
0.0
 40
0.0
 40
0.0
 40
0.0
 40
1.0
 40
1.0
 40
1.0
 40
2.0
 40
2.0
 40
2.0
 40
3.0
 40
3.0
 40
3.0
 40
4.0
 40
4.0
 40
4.0
 40
5.0
 40
5.0
 40
5.0
 40
6.0
 40
6.0
 40
6.0
 40
6.0
 10
349.5152888888888
 20
194.7864263888889
 30
0.0
 10
352.3202249999999
 20
196.3816875
 30
0.0
 10
347.4554194444444
 20
195.2185791666666
 30
0.0
 10
350.3566638888888
 20
198.0281013888888
 30
0.0
 10
353.0162555555555
 20
200.6033791666667
 30
0.0
 10
354.6513805555555
 20
202.2667263888888
 30
0.0
 10
356.0377972222222
 20
203.4968625
 30
0.0
 10
357.4259777777777
 20
204.7262930555555
 30
0.0
 10
356.8177888888889
 20
210.9489402777778
 30
0.0
 10
358.6822194444444
 20
206.6009541666666
 30
0.0
 10
359.1782249999999
 20
205.4463125
 30
0.0
 10
359.56875
 20
207.3894125
 30
0.0
 10
360.6362555555555
 20
205.8142597222222
 30
0.0
 10
362.2325749999999
 20
203.4573513888888
 30
0.0
 10
365.1408749999999
 20
204.5809486111111
 30
0.0
 10
367.833275
 20
201.2306180555555
 30
0.0
 10
369.631736111111
 20
198.9915375
 30
0.0
 10
374.9660888888889
 20
197.2671597222222
 30
0.0
 10
376.081925
 20
195.3875597222222
 30
0.0
  0
SPLINE
  5
8F
330
1F
100
AcDbEntity
  8
DEFAULT
 62
     1
100
AcDbSpline
210
0.0
220
0.0
230
1.0
 70
     8
 71
     3
 72
    23
 73
    19
 74
     0
 42
0.000000001
 43
0.0000000001
 40
0.0
 40
0.0
 40
0.0
 40
0.0
 40
1.0
 40
1.0
 40
1.0
 40
2.0
 40
2.0
 40
2.0
 40
3.0
 40
3.0
 40
3.0
 40
4.0
 40
4.0
 40
4.0
 40
5.0
 40
5.0
 40
5.0
 40
6.0
 40
6.0
 40
6.0
 40
6.0
 10
348.3205011111111
 20
177.2601794444444
 30
0.0
 10
351.9364733333333
 20
179.3154627777778
 30
0.0
 10
345.7431066666666
 20
177.7805266666667
 30
0.0
 10
349.4821983333333
 20
181.4017905555555
 30
0.0
 10
352.9111983333333
 20
184.7224877777778
 30
0.0
 10
355.0179872222222
 20
186.8659655555555
 30
0.0
 10
356.8058649999999
 20
188.4502905555555
 30
0.0
 10
358.5926844444444
 20
190.0346155555555
 30
0.0
 10
357.8105761111111
 20
198.0546655555555
 30
0.0
 10
360.2147566666666
 20
192.4504377777778
 30
0.0
 10
360.8518733333333
 20
190.9634794444444
 30
0.0
 10
361.3559927777777
 20
193.4664377777778
 30
0.0
 10
362.7314733333333
 20
191.4369072222222
 30
0.0
 10
364.7895788888889
 20
188.398785
 30
0.0
 10
368.538901111111
 20
189.8469377777778
 30
0.0
 10
372.0074122222222
 20
185.528585
 30
0.0
 10
374.3269261111111
 20
182.6414516666667
 30
0.0
 10
380.5322872222222
 20
180.7382155555555
 30
0.0
 10
381.9709149999999
 20
178.3188655555555
 30
0.0
  0
SPLINE
  5
90
330
1F
100
AcDbEntity
  8
DEFAULT
 62
     1
100
AcDbSpline
210
0.0
220
0.0
230
1.0
 70
     8
 71
     3
 72
    23
 73
    19
 74
     0
 42
0.000000001
 43
0.0000000001
 40
0.0
 40
0.0
 40
0.0
 40
0.0
 40
1.0
 40
1.0
 40
1.0
 40
2.0
 40
2.0
 40
2.0
 40
3.0
 40
3.0
 40
3.0
 40
4.0
 40
4.0
 40
4.0
 40
5.0
 40
5.0
 40
5.0
 40
6.0
 40
6.0
 40
6.0
 40
6.0
 10
347.3755152777778
 20
160.1287613888889
 30
0.0
 10
351.7157402777777
 20
162.5960891666666
 30
0.0
 10
344.3261041666667
 20
160.7306002777778
 30
0.0
 10
348.8141430555555
 20
165.0775280555555
 30
0.0
 10
352.9300013888889
 20
169.0653280555555
 30
0.0
 10
355.4594180555555
 20
171.6381363888889
 30
0.0
 10
357.6053652777778
 20
173.5399613888889
 30
0.0
 10
359.7513125
 20
175.4435502777777
 30
0.0
 10
358.8125708333333
 20
185.0683863888889
 30
0.0
 10
361.6972347222222
 20
178.3419725
 30
0.0
 10
362.4634680555556
 20
176.5569169444444
 30
0.0
 10
363.0681291666666
 20
179.5629363888889
 30
0.0
 10
364.7194819444444
 20
177.1255947222222
 30
0.0
 10
367.1885736111111
 20
173.4789308333333
 30
0.0
 10
371.6889597222223
 20
175.2181252777778
 30
0.0
 10
375.8542069444445
 20
170.0326447222222
 30
0.0
 10
378.6379763888888
 20
166.5666030555556
 30
0.0
 10
386.0110319444444
 20
164.0819891666667
 30
0.0
 10
387.7371736111111
 20
161.1761586111111
 30
0.0
  0
SPLINE
  5
91
330
1F
100
AcDbEntity
  8
DEFAULT
 62
     1
100
AcDbSpline
210
0.0
220
0.0
230
1.0
 70
     8
 71
     3
 72
    23
 73
    19
 74
     0
 42
0.000000001
 43
0.0000000001
 40
0.0
 40
0.0
 40
0.0
 40
0.0
 40
1.0
 40
1.0
 40
1.0
 40
2.0
 40
2.0
 40
2.0
 40
3.0
 40
3.0
 40
3.0
 40
4.0
 40
4.0
 40
4.0
 40
5.0
 40
5.0
 40
5.0
 40
6.0
 40
6.0
 40
6.0
 40
6.0
 10
348.3704544444444
 20
141.9389747222222
 30
0.0
 10
353.3936572222222
 20
144.7950636111111
 30
0.0
 10
345.03106
 20
142.5453997222222
 30
0.0
 10
350.2260655555555
 20
147.5774219444444
 30
0.0
 10
354.9899766666666
 20
152.1917552777778
 30
0.0
 10
357.9173266666666
 20
155.1699052777778
 30
0.0
 10
360.4015877777778
 20
157.3708858333333
 30
0.0
 10
362.8851433333332
 20
159.5732775
 30
0.0
 10
361.7992933333333
 20
170.7147052777778
 30
0.0
 10
365.1376294444444
 20
162.9285469444444
 30
0.0
 10
366.0245127777778
 20
160.8616219444444
 30
0.0
 10
366.7244238888889
 20
164.3410691666666
 30
0.0
 10
368.6347155555555
 20
161.5209636111111
 30
0.0
 10
371.4950377777778
 20
157.3013886111111
 30
0.0
 10
376.7023905555556
 20
159.3125747222222
 30
0.0
 10
381.5241572222222
 20
153.3121775
 30
0.0
 10
384.7453711111111
 20
149.3014469444444
 30
0.0
 10
393.2307349999999
 20
146.4883969444444
 30
0.0
 10
395.2288683333333
 20
143.1243080555556
 30
0.0
  0
SPLINE
  5
92
330
1F
100
AcDbEntity
  8
DEFAULT
 62
     1
100
AcDbSpline
210
0.0
220
0.0
230
1.0
 70
     8
 71
     3
 72
   152
 73
   148
 74
     0
 42
0.000000001
 43
0.0000000001
 40
0.0
 40
0.0
 40
0.0
 40
0.0
 40
1.0
 40
1.0
 40
1.0
 40
2.0
 40
2.0
 40
2.0
 40
3.0
 40
3.0
 40
3.0
 40
4.0
 40
4.0
 40
4.0
 40
5.0
 40
5.0
 40
5.0
 40
10.67971407731049
 40
10.67971407731049
 40
10.67971407731049
 40
19.18691690785364
 40
19.18691690785364
 40
19.18691690785364
 40
24.85771835033076
 40
24.85771835033076
 40
24.85771835033076
 40
25.85771835033076
 40
25.85771835033076
 40
25.85771835033076
 40
26.85771835033076
 40
26.85771835033076
 40
26.85771835033076
 40
27.85771835033076
 40
27.85771835033076
 40
27.85771835033076
 40
28.85771835033076
 40
28.85771835033076
 40
28.85771835033076
 40
29.85771835033076
 40
29.85771835033076
 40
29.85771835033076
 40
30.85771835033076
 40
30.85771835033076
 40
30.85771835033076
 40
36.5206061295473
 40
36.5206061295473
 40
36.5206061295473
 40
45.01807928337382
 40
45.01807928337382
 40
45.01807928337382
 40
50.68561666745876
 40
50.68561666745876
 40
50.68561666745876
 40
51.68561666745876
 40
51.68561666745876
 40
51.68561666745876
 40
52.68561666745876
 40
52.68561666745876
 40
52.68561666745876
 40
53.68561666745876
 40
53.68561666745876
 40
53.68561666745876
 40
54.68561666745876
 40
54.68561666745876
 40
54.68561666745876
 40
55.68561666745876
 40
55.68561666745876
 40
55.68561666745876
 40
56.68561666745876
 40
56.68561666745876
 40
56.68561666745876
 40
62.36202398194925
 40
62.36202398194925
 40
62.36202398194925
 40
70.85688036684473
 40
70.85688036684473
 40
70.85688036684473
 40
76.5217769237114
 40
76.5217769237114
 40
76.5217769237114
 40
77.5217769237114
 40
77.5217769237114
 40
77.5217769237114
 40
78.5217769237114
 40
78.5217769237114
 40
78.5217769237114
 40
79.5217769237114
 40
79.5217769237114
 40
79.5217769237114
 40
80.5217769237114
 40
80.5217769237114
 40
80.5217769237114
 40
81.5217769237114
 40
81.5217769237114
 40
81.5217769237114
 40
82.5217769237114
 40
82.5217769237114
 40
82.5217769237114
 40
88.19517731501108
 40
88.19517731501108
 40
88.19517731501108
 40
96.6963708782703
 40
96.6963708782703
 40
96.6963708782703
 40
102.3633227926595
 40
102.3633227926595
 40
102.3633227926595
 40
103.3633227926595
 40
103.3633227926595
 40
103.3633227926595
 40
104.3633227926595
 40
104.3633227926595
 40
104.3633227926595
 40
105.3633227926595
 40
105.3633227926595
 40
105.3633227926595
 40
106.3633227926595
 40
106.3633227926595
 40
106.3633227926595
 40
107.3633227926595
 40
107.3633227926595
 40
107.3633227926595
 40
108.3633227926595
 40
108.3633227926595
 40
108.3633227926595
 40
109.3633227926595
 40
109.3633227926595
 40
109.3633227926595
 40
110.3633227926595
 40
110.3633227926595
 40
110.3633227926595
 40
116.0336858321835
 40
116.0336858321835
 40
116.0336858321835
 40
124.5327155415092
 40
124.5327155415092
 40
124.5327155415092
 40
130.2024259397571
 40
130.2024259397571
 40
130.2024259397571
 40
131.2024259397571
 40
131.2024259397571
 40
131.2024259397571
 40
132.2024259397571
 40
132.2024259397571
 40
132.2024259397571
 40
133.2024259397571
 40
133.2024259397571
 40
133.2024259397571
 40
133.2024259397571
 10
376.0817838888889
 20
195.387595
 30
0.0
 10
376.3968144444444
 20
194.9021727777778
 30
0.0
 10
377.0914338888889
 20
195.1064311111111
 30
0.0
 10
377.1143644444444
 20
195.4309866666667
 30
0.0
 10
377.2561811111111
 20
197.5564727777778
 30
0.0
 10
378.3547311111111
 20
198.9428894444444
 30
0.0
 10
379.1961061111111
 20
199.8939783333333
 30
0.0
 10
380.3465144444444
 20
201.1996088888889
 30
0.0
 10
384.3664172222222
 20
200.810495
 30
0.0
 10
382.6621477777778
 20
205.6280283333333
 30
0.0
 10
382.6311033333333
 20
205.6700088888889
 30
0.0
 10
381.4570588888889
 20
205.4057783333333
 30
0.0
 10
380.3182922222222
 20
204.6243755555555
 30
0.0
 10
379.1777616666667
 20
203.8376811111111
 30
0.0
 10
378.5678088888889
 20
203.3603727777778
 30
0.0
 10
378.286645
 20
203.1659922222222
 30
0.0
 10
377.736782037037
 20
202.7868737037037
 30
0.0
 10
377.186919074074
 20
202.4077551851852
 30
0.0
 10
376.6370561111111
 20
202.0286366666667
 30
0.0
 10
376.0702598148148
 20
202.8529607407407
 30
0.0
 10
375.5034635185185
 20
203.6772848148148
 30
0.0
 10
374.9366672222222
 20
204.5016088888889
 30
0.0
 10
375.4858246296296
 20
204.8799042592592
 30
0.0
 10
376.034982037037
 20
205.2581996296296
 30
0.0
 10
376.5841394444444
 20
205.636495
 30
0.0
 10
376.86742
 20
205.8273477777778
 30
0.0
 10
377.5362866666667
 20
206.2295144444444
 30
0.0
 10
378.6715255555555
 20
207.01127
 30
0.0
 10
379.810645
 20
207.7969061111111
 30
0.0
 10
380.4819811111111
 20
208.8005588888888
 30
0.0
 10
380.4495255555556
 20
208.8460672222222
 30
0.0
 10
379.4409338888889
 20
210.1153616666667
 30
0.0
 10
377.8880061111111
 20
209.5974838888889
 30
0.0
 10
376.9513811111111
 20
210.3217366666667
 30
0.0
 10
375.460895
 20
211.4760255555555
 30
0.0
 10
376.4469088888889
 20
212.2824755555555
 30
0.0
 10
375.3959838888889
 20
213.1242033333333
 30
0.0
 10
375.3416561111111
 20
213.1506616666667
 30
0.0
 10
374.3355338888888
 20
212.5001394444444
 30
0.0
 10
373.5333172222223
 20
211.383245
 30
0.0
 10
372.7296894444444
 20
210.2571783333333
 30
0.0
 10
372.3155283333334
 20
209.5936033333333
 30
0.0
 10
372.1204422222222
 20
209.3166727777778
 30
0.0
 10
371.7332098148148
 20
208.7749237037037
 30
0.0
 10
371.3459774074074
 20
208.2331746296296
 30
0.0
 10
370.958745
 20
207.6914255555555
 30
0.0
 10
370.1451218518519
 20
208.2715098148148
 30
0.0
 10
369.3314987037037
 20
208.8515940740741
 30
0.0
 10
368.5178755555555
 20
209.4316783333333
 30
0.0
 10
368.9052255555555
 20
209.9740153703704
 30
0.0
 10
369.2925755555555
 20
210.5163524074074
 30
0.0
 10
369.6799255555555
 20
211.0586894444444
 30
0.0
 10
369.8813616666666
 20
211.3380894444444
 30
0.0
 10
370.3685477777778
 20
211.9409866666666
 30
0.0
 10
371.1746449999999
 20
213.0667005555555
 30
0.0
 10
371.9782727777778
 20
214.1934727777778
 30
0.0
 10
372.2643755555556
 20
215.3618727777778
 30
0.0
 10
372.2181616666667
 20
215.3946811111111
 30
0.0
 10
371.0204811111111
 20
216.1468033333333
 30
0.0
 10
369.9402755555555
 20
215.707595
 30
0.0
 10
369.0562144444444
 20
216.1559755555555
 30
0.0
 10
367.2037783333333
 20
217.098245
 30
0.0
 10
368.0151672222222
 20
217.9978283333333
 30
0.0
 10
366.8393588888889
 20
218.4257477777777
 30
0.0
 10
366.7892644444445
 20
218.4423283333333
 30
0.0
 10
366.0561922222222
 20
217.4810088888889
 30
0.0
 10
365.6868338888889
 20
216.1496255555555
 30
0.0
 10
365.3178283333334
 20
214.8171838888889
 30
0.0
 10
365.1576672222222
 20
214.0551838888889
 30
0.0
 10
365.0673561111111
 20
213.7281588888889
 30
0.0
 10
364.888145
 20
213.0851625925926
 30
0.0
 10
364.7089338888889
 20
212.4421662962963
 30
0.0
 10
364.5297227777777
 20
211.79917
 30
0.0
 10
363.567345
 20
212.0669283333333
 30
0.0
 10
362.6049672222222
 20
212.3346866666667
 30
0.0
 10
361.6425894444444
 20
212.602445
 30
0.0
 10
361.8209774074074
 20
213.2442653703704
 30
0.0
 10
361.9993653703703
 20
213.8860857407407
 30
0.0
 10
362.1777533333333
 20
214.5279061111111
 30
0.0
 10
362.2677116666667
 20
214.856695
 30
0.0
 10
362.5203005555555
 20
215.5925894444444
 30
0.0
 10
362.8907172222222
 20
216.9246783333333
 30
0.0
 10
363.2590172222222
 20
218.2528866666666
 30
0.0
 10
363.1316644444444
 20
219.4435116666666
 30
0.0
 10
363.0766311111111
 20
219.4703227777777
 30
0.0
 10
362.1452977777777
 20
219.6710533333333
 30
0.0
 10
361.5028894444444
 20
219.7084477777778
 30
0.0
 10
360.7426533333334
 20
220.0009005555555
 30
0.0
 10
358.2703866666666
 20
220.9576338888889
 30
0.0
 10
358.2742672222222
 20
222.5042116666666
 30
0.0
 10
357.4201922222222
 20
222.5980505555555
 30
0.0
 10
357.3676283333333
 20
222.5920533333333
 30
0.0
 10
357.0053255555555
 20
221.4430561111111
 30
0.0
 10
357.1160977777778
 20
220.0661644444444
 30
0.0
 10
357.2240477777777
 20
218.6860977777778
 30
0.0
 10
357.3319977777778
 20
217.9149255555555
 30
0.0
 10
357.3591616666666
 20
217.5741422222222
 30
0.0
 10
357.4113727777778
 20
216.9090385185185
 30
0.0
 10
357.4635838888889
 20
216.2439348148148
 30
0.0
 10
357.515795
 20
215.5788311111111
 30
0.0
 10
356.5190801851852
 20
215.5019255555555
 30
0.0
 10
355.5223653703704
 20
215.42502
 30
0.0
 10
354.5256505555556
 20
215.3481144444444
 30
0.0
 10
354.474145
 20
216.0125125925926
 30
0.0
 10
354.4226394444445
 20
216.6769107407407
 30
0.0
 10
354.3711338888889
 20
217.3413088888889
 30
0.0
 10
354.3460866666666
 20
217.6817394444444
 30
0.0
 10
354.3333866666667
 20
218.4589088888889
 30
0.0
 10
354.22332
 20
219.8386227777778
 30
0.0
 10
354.1174866666667
 20
221.2201005555555
 30
0.0
 10
353.5872616666667
 20
222.2974838888888
 30
0.0
 10
353.5301116666666
 20
222.2928977777777
 30
0.0
 10
352.0032894444444
 20
222.6717811111111
 30
0.0
 10
350.8052561111111
 20
222.48622
 30
0.0
 10
347.7135116666666
 20
213.2427366666666
 30
0.0
 10
347.5417088888889
 20
212.7273283333333
 30
0.0
 10
347.1702338888889
 20
212.0062505555555
 30
0.0
 10
346.9702088888889
 20
211.6520616666667
 30
0.0
 10
345.3294394444444
 20
209.1709755555555
 30
0.0
 10
345.806395
 20
210.2839894444444
 30
0.0
 10
340.383495
 20
206.4806922222222
 30
0.0
 10
338.2908172222222
 20
204.6783505555555
 30
0.0
 10
337.4342727777778
 20
202.2367755555555
 30
0.0
 10
338.6788727777778
 20
200.79462
 30
0.0
 10
338.7127394444444
 20
200.7536977777778
 30
0.0
 10
339.85327
 20
201.14387
 30
0.0
 10
340.9003144444445
 20
202.0459227777778
 30
0.0
 10
341.9491227777777
 20
202.9483283333333
 30
0.0
 10
342.5047477777778
 20
203.4930172222222
 30
0.0
 10
342.7643922222222
 20
203.71562
 30
0.0
 10
343.2695699999999
 20
204.1508301851851
 30
0.0
 10
343.7747477777777
 20
204.5860403703703
 30
0.0
 10
344.2799255555555
 20
205.0212505555555
 30
0.0
 10
344.9319764814815
 20
204.2638366666666
 30
0.0
 10
345.5840274074074
 20
203.5064227777777
 30
0.0
 10
346.2360783333334
 20
202.7490088888889
 30
0.0
 10
345.7309005555555
 20
202.3139162962963
 30
0.0
 10
345.2257227777777
 20
201.8788237037037
 30
0.0
 10
344.720545
 20
201.4437311111111
 30
0.0
 10
344.4609005555556
 20
201.22007
 30
0.0
 10
343.84107
 20
200.7519338888889
 30
0.0
 10
342.79332
 20
199.84847
 30
0.0
 10
341.7448644444444
 20
198.94677
 30
0.0
 10
341.1885338888889
 20
197.8803227777778
 30
0.0
 10
341.2238116666667
 20
197.8369311111111
 30
0.0
 10
341.7713227777778
 20
196.6134977777778
 30
0.0
 10
348.2179838888889
 20
194.0622088888889
 30
0.0
 10
349.5158533333333
 20
194.7839922222222
 30
0.0
  0
SPLINE
  5
93
330
1F
100
AcDbEntity
  8
DEFAULT
 62
     1
100
AcDbSpline
210
0.0
220
0.0
230
1.0
 70
     8
 71
     3
 72
    14
 73
    10
 74
     0
 42
0.000000001
 43
0.0000000001
 40
0.0
 40
0.0
 40
0.0
 40
0.0
 40
1.0
 40
1.0
 40
1.0
 40
2.0
 40
2.0
 40
2.0
 40
3.0
 40
3.0
 40
3.0
 40
3.0
 10
395.2289388888889
 20
143.1244491666667
 30
0.0
 10
395.6561527777778
 20
142.6496102777778
 30
0.0
 10
396.217775
 20
143.0260241666667
 30
0.0
 10
396.2481138888888
 20
143.3897380555556
 30
0.0
 10
396.4206222222222
 20
145.4496075
 30
0.0
 10
397.4948305555556
 20
146.8000408333333
 30
0.0
 10
398.3224472222222
 20
147.7398408333333
 30
0.0
 10
394.2690305555556
 20
149.6734158333333
 30
0.0
 10
389.3012138888888
 20
159.4132575
 30
0.0
 10
387.7373499999999
 20
161.1760880555556
 30
0.0
  0
SPLINE
  5
94
330
1F
100
AcDbEntity
  8
DEFAULT
 62
     1
100
AcDbSpline
210
0.0
220
0.0
230
1.0
 70
     8
 71
     3
 72
    14
 73
    10
 74
     0
 42
0.000000001
 43
0.0000000001
 40
0.0
 40
0.0
 40
0.0
 40
0.0
 40
1.0
 40
1.0
 40
1.0
 40
2.0
 40
2.0
 40
2.0
 40
3.0
 40
3.0
 40
3.0
 40
3.0
 10
381.9708444444444
 20
178.3188655555555
 30
0.0
 10
382.2816416666666
 20
177.7865238888889
 30
0.0
 10
382.7568333333333
 20
178.0994377777778
 30
0.0
 10
382.7868194444444
 20
178.4624461111111
 30
0.0
 10
382.9586222222222
 20
180.5219627777778
 30
0.0
 10
384.0342416666666
 20
181.8748655555555
 30
0.0
 10
384.8615055555555
 20
182.8129016666666
 30
0.0
 10
380.8084416666666
 20
184.7461238888889
 30
0.0
 10
377.1346138888888
 20
193.6636405555555
 30
0.0
 10
376.081925
 20
195.3876655555555
 30
0.0
  0
SPLINE
  5
95
330
1F
100
AcDbEntity
  8
DEFAULT
 62
     1
100
AcDbSpline
210
0.0
220
0.0
230
1.0
 70
     8
 71
     3
 72
    35
 73
    31
 74
     0
 42
0.000000001
 43
0.0000000001
 40
0.0
 40
0.0
 40
0.0
 40
0.0
 40
1.0
 40
1.0
 40
1.0
 40
2.0
 40
2.0
 40
2.0
 40
3.0
 40
3.0
 40
3.0
 40
4.0
 40
4.0
 40
4.0
 40
9.666698950888318
 40
9.666698950888318
 40
9.666698950888318
 40
18.16343508895916
 40
18.16343508895916
 40
18.16343508895916
 40
23.83468900674488
 40
23.83468900674488
 40
23.83468900674488
 40
24.83468900674488
 40
24.83468900674488
 40
24.83468900674488
 40
25.83468900674488
 40
25.83468900674488
 40
25.83468900674488
 40
26.83468900674488
 40
26.83468900674488
 40
26.83468900674488
 40
26.83468900674488
 10
349.5152888888888
 20
194.7864263888889
 30
0.0
 10
347.1442694444444
 20
193.4289375
 30
0.0
 10
343.5536972222222
 20
193.7411458333333
 30
0.0
 10
340.0562583333333
 20
187.9629986111111
 30
0.0
 10
338.8656333333333
 20
185.4688597222222
 30
0.0
 10
337.9699305555555
 20
181.7601069444444
 30
0.0
 10
339.6904277777777
 20
180.9388402777777
 30
0.0
 10
339.7394638888888
 20
180.9173208333333
 30
0.0
 10
340.6245833333333
 20
181.7325902777777
 30
0.0
 10
341.2211305555555
 20
182.9803652777777
 30
0.0
 10
341.8162666666666
 20
184.2284930555555
 30
0.0
 10
342.10625
 20
184.9509819444444
 30
0.0
 10
342.2537111111111
 20
185.2593097222222
 30
0.0
 10
342.5407546296296
 20
185.8606782407407
 30
0.0
 10
342.8277981481481
 20
186.4620467592592
 30
0.0
 10
343.1148416666666
 20
187.0634152777777
 30
0.0
 10
344.0166592592593
 20
186.633261574074
 30
0.0
 10
344.9184768518518
 20
186.2031078703703
 30
0.0
 10
345.8202944444444
 20
185.7729541666667
 30
0.0
 10
345.533486111111
 20
185.1708800925926
 30
0.0
 10
345.2466777777777
 20
184.5688060185185
 30
0.0
 10
344.9598694444444
 20
183.9667319444444
 30
0.0
 10
344.8134666666666
 20
183.6587569444444
 30
0.0
 10
344.4349361111111
 20
182.9796597222222
 30
0.0
 10
343.8383888888889
 20
181.7308263888889
 30
0.0
 10
343.2429
 20
180.4834041666666
 30
0.0
 10
343.1628194444444
 20
179.2825486111111
 30
0.0
 10
343.214325
 20
179.2567958333333
 30
0.0
 10
344.2084527777777
 20
178.3582708333333
 30
0.0
 10
346.9766999999999
 20
176.5224152777778
 30
0.0
 10
348.3204305555555
 20
177.2600736111111
 30
0.0
  0
SPLINE
  5
96
330
1F
100
AcDbEntity
  8
DEFAULT
 62
     1
100
AcDbSpline
210
0.0
220
0.0
230
1.0
 70
     8
 71
     3
 72
    14
 73
    10
 74
     0
 42
0.000000001
 43
0.0000000001
 40
0.0
 40
0.0
 40
0.0
 40
0.0
 40
1.0
 40
1.0
 40
1.0
 40
2.0
 40
2.0
 40
2.0
 40
3.0
 40
3.0
 40
3.0
 40
3.0
 10
387.7372441666666
 20
161.1760527777778
 30
0.0
 10
388.1224775
 20
160.6842805555555
 30
0.0
 10
388.6456469444444
 20
161.02965
 30
0.0
 10
388.6763386111111
 20
161.3944222222222
 30
0.0
 10
388.8481413888888
 20
163.452175
 30
0.0
 10
389.9234080555555
 20
164.8054305555555
 30
0.0
 10
390.7503191666666
 20
165.7431138888889
 30
0.0
 10
386.6972552777777
 20
167.6763361111111
 30
0.0
 10
384.6504386111111
 20
175.4183972222222
 30
0.0
 10
381.9707386111111
 20
178.3189361111111
 30
0.0
  0
SPLINE
  5
97
330
1F
100
AcDbEntity
  8
DEFAULT
 62
     1
100
AcDbSpline
210
0.0
220
0.0
230
1.0
 70
     8
 71
     3
 72
    35
 73
    31
 74
     0
 42
0.000000001
 43
0.0000000001
 40
0.0
 40
0.0
 40
0.0
 40
0.0
 40
1.0
 40
1.0
 40
1.0
 40
2.0
 40
2.0
 40
2.0
 40
3.0
 40
3.0
 40
3.0
 40
4.0
 40
4.0
 40
4.0
 40
9.665837713877814
 40
9.665837713877814
 40
9.665837713877814
 40
18.1693227053387
 40
18.1693227053387
 40
18.1693227053387
 40
23.84272873699199
 40
23.84272873699199
 40
23.84272873699199
 40
24.84272873699199
 40
24.84272873699199
 40
24.84272873699199
 40
25.84272873699199
 40
25.84272873699199
 40
25.84272873699199
 40
26.84272873699199
 40
26.84272873699199
 40
26.84272873699199
 40
26.84272873699199
 10
348.3205011111111
 20
177.2601794444444
 30
0.0
 10
346.5640205555555
 20
176.3926988888889
 30
0.0
 10
340.9079344444444
 20
174.2086516666667
 30
0.0
 10
338.1442733333333
 20
169.640885
 30
0.0
 10
336.9543538888888
 20
167.1467461111111
 30
0.0
 10
337.1536733333333
 20
164.567235
 30
0.0
 10
338.8741705555555
 20
163.7459683333333
 30
0.0
 10
338.9210899999999
 20
163.7237433333333
 30
0.0
 10
339.8079733333333
 20
164.5393655555555
 30
0.0
 10
340.4041677777777
 20
165.7878461111111
 30
0.0
 10
340.9996566666666
 20
167.0363266666667
 30
0.0
 10
341.2892872222222
 20
167.75811
 30
0.0
 10
341.4363955555555
 20
168.0671433333333
 30
0.0
 10
341.7232038888888
 20
168.6685118518518
 30
0.0
 10
342.0100122222222
 20
169.2698803703704
 30
0.0
 10
342.2968205555555
 20
169.8712488888889
 30
0.0
 10
343.1994612962962
 20
169.4409775925926
 30
0.0
 10
344.102102037037
 20
169.0107062962963
 30
0.0
 10
345.0047427777777
 20
168.580435
 30
0.0
 10
344.7173464814814
 20
167.9783609259259
 30
0.0
 10
344.4299501851851
 20
167.3762868518519
 30
0.0
 10
344.1425538888889
 20
166.7742127777778
 30
0.0
 10
343.9965038888889
 20
166.4669433333333
 30
0.0
 10
343.6165622222222
 20
165.7860822222222
 30
0.0
 10
343.0214261111111
 20
164.5383072222222
 30
0.0
 10
342.4259372222222
 20
163.2898266666667
 30
0.0
 10
342.3458566666666
 20
162.0900294444444
 30
0.0
 10
342.3977149999999
 20
162.0646294444444
 30
0.0
 10
343.3900788888889
 20
161.1650461111111
 30
0.0
 10
345.9508927777777
 20
159.3002627777778
 30
0.0
 10
347.3754094444444
 20
160.128585
 30
0.0
  0
SPLINE
  5
98
330
1F
100
AcDbEntity
  8
DEFAULT
 62
     1
100
AcDbSpline
210
0.0
220
0.0
230
1.0
 70
     8
 71
     3
 72
    38
 73
    34
 74
     0
 42
0.000000001
 43
0.0000000001
 40
0.0
 40
0.0
 40
0.0
 40
0.0
 40
1.0
 40
1.0
 40
1.0
 40
2.0
 40
2.0
 40
2.0
 40
3.0
 40
3.0
 40
3.0
 40
4.0
 40
4.0
 40
4.0
 40
9.668115471653708
 40
9.668115471653708
 40
9.668115471653708
 40
18.16975354910679
 40
18.16975354910679
 40
18.16975354910679
 40
23.83692436001409
 40
23.83692436001409
 40
23.83692436001409
 40
24.83692436001409
 40
24.83692436001409
 40
24.83692436001409
 40
25.83692436001409
 40
25.83692436001409
 40
25.83692436001409
 40
26.83692436001409
 40
26.83692436001409
 40
26.83692436001409
 40
27.83692436001409
 40
27.83692436001409
 40
27.83692436001409
 40
27.83692436001409
 10
348.3704544444444
 20
141.9389747222222
 30
0.0
 10
345.4060627777777
 20
140.1380441666666
 30
0.0
 10
344.3808905555555
 20
137.0706413888889
 30
0.0
 10
341.5999433333333
 20
132.4764163888889
 30
0.0
 10
340.4089655555555
 20
129.9812191666666
 30
0.0
 10
340.608285
 20
127.4027663888889
 30
0.0
 10
342.3284294444445
 20
126.5818525
 30
0.0
 10
342.3764072222222
 20
126.5603330555555
 30
0.0
 10
343.2622322222222
 20
127.3752497222222
 30
0.0
 10
343.8591322222222
 20
128.6240830555556
 30
0.0
 10
344.4549738888888
 20
129.8715052777778
 30
0.0
 10
344.7456627777777
 20
130.5950525
 30
0.0
 10
344.8920655555555
 20
130.9019691666666
 30
0.0
 10
345.1787562962963
 20
131.5036904629629
 30
0.0
 10
345.465447037037
 20
132.1054117592593
 30
0.0
 10
345.7521377777778
 20
132.7071330555555
 30
0.0
 10
346.6544257407407
 20
132.2766265740741
 30
0.0
 10
347.5567137037037
 20
131.8461200925926
 30
0.0
 10
348.4590016666666
 20
131.4156136111111
 30
0.0
 10
348.1720757407407
 20
130.8141275
 30
0.0
 10
347.8851498148148
 20
130.2126413888889
 30
0.0
 10
347.5982238888889
 20
129.6111552777778
 30
0.0
 10
347.4511155555555
 20
129.3021219444445
 30
0.0
 10
347.0722322222222
 20
128.6226719444444
 30
0.0
 10
346.4767433333333
 20
127.3745441666667
 30
0.0
 10
345.88196
 20
126.1264163888889
 30
0.0
 10
345.8018794444444
 20
124.9259136111111
 30
0.0
 10
345.8519738888888
 20
124.9008663888889
 30
0.0
 10
346.8457488888889
 20
124.0005775
 30
0.0
 10
349.3607016666666
 20
123.2985497222222
 30
0.0
 10
350.9594905555555
 20
122.9030858333333
 30
0.0
 10
351.5613294444444
 20
122.7524497222222
 30
0.0
 10
351.6816266666666
 20
123.5486691666667
 30
0.0
 10
351.541221111111
 20
123.8255997222222
 30
0.0
  0
SPLINE
  5
99
330
1F
100
AcDbEntity
  8
DEFAULT
 62
     1
100
AcDbSpline
210
0.0
220
0.0
230
1.0
 70
     8
 71
     3
 72
    17
 73
    13
 74
     0
 42
0.000000001
 43
0.0000000001
 40
0.0
 40
0.0
 40
0.0
 40
0.0
 40
1.0
 40
1.0
 40
1.0
 40
2.0
 40
2.0
 40
2.0
 40
3.0
 40
3.0
 40
3.0
 40
4.0
 40
4.0
 40
4.0
 40
4.0
 10
397.0000597222221
 20
130.9711841666666
 30
0.0
 10
397.9158708333333
 20
130.4935230555555
 30
0.0
 10
402.3658097222222
 20
126.1568258333333
 30
0.0
 10
404.4680125
 20
124.1777425
 30
0.0
 10
404.9432041666666
 20
123.7311258333333
 30
0.0
 10
405.513998611111
 20
124.1124786111111
 30
0.0
 10
405.5446902777777
 20
124.4779563888889
 30
0.0
 10
405.7154347222221
 20
126.5360619444444
 30
0.0
 10
406.790348611111
 20
127.8882591666667
 30
0.0
 10
407.6193763888888
 20
128.8270008333333
 30
0.0
 10
403.5641958333333
 20
130.7605758333333
 30
0.0
 10
396.6638624999999
 20
141.4790230555555
 30
0.0
 10
395.2287625
 20
143.1243786111111
 30
0.0
  0
SPLINE
  5
9A
330
1F
100
AcDbEntity
  8
DEFAULT
 62
     1
100
AcDbSpline
210
0.0
220
0.0
230
1.0
 70
    11
 71
     3
 72
    74
 73
    70
 74
     0
 42
0.000000001
 43
0.0000000001
 40
1.0
 40
1.0
 40
1.0
 40
1.0
 40
2.0
 40
2.0
 40
2.0
 40
3.0
 40
3.0
 40
3.0
 40
4.0
 40
4.0
 40
4.0
 40
5.0
 40
5.0
 40
5.0
 40
6.0
 40
6.0
 40
6.0
 40
7.0
 40
7.0
 40
7.0
 40
8.0
 40
8.0
 40
8.0
 40
9.0
 40
9.0
 40
9.0
 40
10.0
 40
10.0
 40
10.0
 40
11.0
 40
11.0
 40
11.0
 40
15.25104281324003
 40
15.25104281324003
 40
15.25104281324003
 40
16.25104281324003
 40
16.25104281324003
 40
16.25104281324003
 40
17.25104281324003
 40
17.25104281324003
 40
17.25104281324003
 40
22.91859828275241
 40
22.91859828275241
 40
22.91859828275241
 40
31.41683256994405
 40
31.41683256994405
 40
31.41683256994405
 40
37.08088800752586
 40
37.08088800752586
 40
37.08088800752586
 40
38.08088800752586
 40
38.08088800752586
 40
38.08088800752586
 40
39.08088800752586
 40
39.08088800752586
 40
39.08088800752586
 40
47.96483403392649
 40
47.96483403392649
 40
47.96483403392649
 40
48.96483403392649
 40
48.96483403392649
 40
48.96483403392649
 40
49.96483403392649
 40
49.96483403392649
 40
49.96483403392649
 40
50.96483403392649
 40
50.96483403392649
 40
50.96483403392649
 40
51.96483403392649
 40
51.96483403392649
 40
51.96483403392649
 40
51.96483403392649
 10
374.1084155555555
 20
134.0435258333333
 30
0.0
 10
363.9720516666666
 20
133.2801147222222
 30
0.0
 10
364.6229266666667
 20
139.2808647222222
 30
0.0
 10
351.5408683333333
 20
129.3635758333333
 30
0.0
 10
349.8764627777778
 20
128.1006313888889
 30
0.0
 10
350.6275266666667
 20
124.1442286111111
 30
0.0
 10
353.398596111111
 20
121.1145730555555
 30
0.0
 10
353.9122405555555
 20
120.0132008333333
 30
0.0
 10
355.5166738888888
 20
119.1425452777778
 30
0.0
 10
356.1216877777778
 20
118.6567702777778
 30
0.0
 10
356.3679266666666
 20
118.4595675
 30
0.0
 10
356.4370711111111
 20
118.7195647222222
 30
0.0
 10
356.3982655555555
 20
118.8927786111111
 30
0.0
 10
355.7671461111111
 20
121.7125313888889
 30
0.0
 10
356.3947377777777
 20
122.2875591666666
 30
0.0
 10
357.2537516666666
 20
123.0707258333333
 30
0.0
 10
358.3244322222222
 20
121.9002091666667
 30
0.0
 10
360.2498933333333
 20
120.3155313888889
 30
0.0
 10
360.1546433333333
 20
120.9445341666666
 30
0.0
 10
360.0572766666666
 20
121.5717730555555
 30
0.0
 10
360.7688294444444
 20
125.2385452777778
 30
0.0
 10
360.7688294444444
 20
125.2385452777778
 30
0.0
 10
362.0328322222222
 20
123.8556563888889
 30
0.0
 10
363.6993544444444
 20
123.0795452777778
 30
0.0
 10
364.039785
 20
123.2280647222222
 30
0.0
 10
364.3848016666666
 20
123.3765841666666
 30
0.0
 10
364.1156322222222
 20
125.7603036111111
 30
0.0
 10
365.2646294444444
 20
126.3321563888889
 30
0.0
 10
366.4143322222222
 20
126.9054202777778
 30
0.0
 10
372.7862044444444
 20
128.0748786111111
 30
0.0
 10
373.9122711111111
 20
126.8440369444444
 30
0.0
 10
374.3263146296296
 20
126.5639313888889
 30
0.0
 10
374.7403581481481
 20
126.2838258333333
 30
0.0
 10
375.1544016666666
 20
126.0037202777777
 30
0.0
 10
375.1925016666667
 20
125.9599758333333
 30
0.0
 10
376.3196266666666
 20
126.3861313888889
 30
0.0
 10
377.33986
 20
127.3185230555555
 30
0.0
 10
378.3607988888889
 20
128.2523258333333
 30
0.0
 10
378.9001961111111
 20
128.8104202777778
 30
0.0
 10
379.1527849999999
 20
129.0418425
 30
0.0
 10
379.6447924074074
 20
129.4913989814815
 30
0.0
 10
380.1367998148148
 20
129.9409554629629
 30
0.0
 10
380.6288072222222
 20
130.3905119444444
 30
0.0
 10
381.3027303703703
 20
129.6526184259259
 30
0.0
 10
381.9766535185185
 20
128.9147249074074
 30
0.0
 10
382.6505766666666
 20
128.1768313888889
 30
0.0
 10
382.1588044444443
 20
127.7276276851852
 30
0.0
 10
381.6670322222221
 20
127.2784239814815
 30
0.0
 10
381.1752599999999
 20
126.8292202777778
 30
0.0
 10
380.9226711111111
 20
126.5974452777778
 30
0.0
 10
380.3169516666666
 20
126.1113175
 30
0.0
 10
379.2963655555555
 20
125.1764563888889
 30
0.0
 10
378.2754266666666
 20
124.2433591666666
 30
0.0
 10
377.7533155555556
 20
123.1592730555555
 30
0.0
 10
377.7885933333333
 20
123.1201147222222
 30
0.0
 10
378.5665859259259
 20
122.4229082407407
 30
0.0
 10
379.3445785185185
 20
121.7257017592593
 30
0.0
 10
380.1225711111111
 20
121.0284952777778
 30
0.0
 10
388.7666849999999
 20
128.9296591666667
 30
0.0
 10
389.9548405555556
 20
130.2942036111111
 30
0.0
 10
396.1076377777777
 20
130.1044091666666
 30
0.0
 10
397.2079516666666
 20
130.0708952777777
 30
0.0
 10
397.7801572222222
 20
130.4910536111111
 30
0.0
 10
397.0001655555556
 20
130.9711841666666
 30
0.0
 10
394.1186766666666
 20
132.7438925
 30
0.0
 10
391.2407155555555
 20
137.5176813888889
 30
0.0
 10
386.3607405555555
 20
136.7137008333333
 30
0.0
 10
380.7681544444443
 20
135.7901286111111
 30
0.0
 10
376.6978044444444
 20
134.2742425
 30
0.0
 10
374.1084155555555
 20
134.0435258333333
 30
0.0
  0
SPLINE
  5
9B
330
1F
100
AcDbEntity
  8
DEFAULT
 62
     1
100
AcDbSpline
210
0.0
220
0.0
230
1.0
 70
     8
 71
     3
 72
    35
 73
    31
 74
     0
 42
0.000000001
 43
0.0000000001
 40
0.0
 40
0.0
 40
0.0
 40
0.0
 40
11.05774271720946
 40
11.05774271720946
 40
11.05774271720946
 40
12.05774271720946
 40
12.05774271720946
 40
12.05774271720946
 40
13.05774271720946
 40
13.05774271720946
 40
13.05774271720946
 40
21.55733717812346
 40
21.55733717812346
 40
21.55733717812346
 40
30.06122111430228
 40
30.06122111430228
 40
30.06122111430228
 40
38.54519571350981
 40
38.54519571350981
 40
38.54519571350981
 40
39.54519571350981
 40
39.54519571350981
 40
39.54519571350981
 40
40.54519571350981
 40
40.54519571350981
 40
40.54519571350981
 40
51.59323920545896
 40
51.59323920545896
 40
51.59323920545896
 40
52.59323920545896
 40
52.59323920545896
 40
52.59323920545896
 40
52.59323920545896
 10
294.0616208333333
 20
175.4894113888889
 30
0.0
 10
293.8684162037036
 20
174.2035363888889
 30
0.0
 10
293.675211574074
 20
172.9176613888889
 30
0.0
 10
293.4820069444444
 20
171.6317863888889
 30
0.0
 10
293.4809486111111
 20
171.5781641666667
 30
0.0
 10
292.3023180555555
 20
171.3185197222222
 30
0.0
 10
290.9384791666667
 20
171.5428863888889
 30
0.0
 10
289.5749930555556
 20
171.7676058333333
 30
0.0
 10
288.8129930555555
 20
171.9439947222222
 30
0.0
 10
288.4782069444444
 20
171.9990280555556
 30
0.0
 10
287.4921930555556
 20
172.1625993518519
 30
0.0
 10
286.5061791666667
 20
172.3261706481481
 30
0.0
 10
285.5201652777778
 20
172.4897419444444
 30
0.0
 10
285.3577699074074
 20
171.5030225
 30
0.0
 10
285.195374537037
 20
170.5163030555555
 30
0.0
 10
285.0329791666667
 20
169.5295836111111
 30
0.0
 10
286.0171115740741
 20
169.3658947222222
 30
0.0
 10
287.0012439814814
 20
169.2022058333333
 30
0.0
 10
287.9853763888889
 20
169.0385169444444
 30
0.0
 10
288.3251013888889
 20
168.9841891666667
 30
0.0
 10
289.1005069444444
 20
168.9055197222222
 30
0.0
 10
290.4618763888889
 20
168.6779780555555
 30
0.0
 10
291.8204236111111
 20
168.4522002777778
 30
0.0
 10
292.8463013888889
 20
167.8422475
 30
0.0
 10
292.8470069444444
 20
167.7783947222222
 30
0.0
 10
292.6467467592593
 20
166.4947539814815
 30
0.0
 10
292.4464865740741
 20
165.2111132407407
 30
0.0
 10
292.2462263888889
 20
163.9274725
 30
0.0
 10
291.7392847222222
 20
161.5550419444444
 30
0.0
 10
290.6319152777778
 20
158.9180280555556
 30
0.0
 10
292.4688291666666
 20
157.8212419444444
 30
0.0
  0
SPLINE
  5
9C
330
1F
100
AcDbEntity
  8
DEFAULT
 62
     1
100
AcDbSpline
210
0.0
220
0.0
230
1.0
 70
     8
 71
     3
 72
    29
 73
    25
 74
     0
 42
0.000000001
 43
0.0000000001
 40
0.0
 40
0.0
 40
0.0
 40
0.0
 40
1.0
 40
1.0
 40
1.0
 40
2.0
 40
2.0
 40
2.0
 40
3.0
 40
3.0
 40
3.0
 40
4.0
 40
4.0
 40
4.0
 40
5.0
 40
5.0
 40
5.0
 40
6.0
 40
6.0
 40
6.0
 40
7.0
 40
7.0
 40
7.0
 40
8.0
 40
8.0
 40
8.0
 40
8.0
 10
290.6899119444444
 20
157.2589847222222
 30
0.0
 10
289.8457147222222
 20
157.8177847222222
 30
0.0
 10
287.5837036111111
 20
159.8353208333333
 30
0.0
 10
283.9014091666666
 20
160.6421236111111
 30
0.0
 10
281.6690313888888
 20
161.1250763888889
 30
0.0
 10
280.3693980555555
 20
164.6500319444444
 30
0.0
 10
276.9248758333333
 20
159.4123402777778
 30
0.0
 10
276.0411675
 20
158.0700208333333
 30
0.0
 10
274.6402869444444
 20
158.6330541666667
 30
0.0
 10
272.0590119444444
 20
156.9104402777778
 30
0.0
 10
270.4454063888888
 20
155.8334097222222
 30
0.0
 10
271.5189091666666
 20
152.9469819444444
 30
0.0
 10
269.8530924999999
 20
150.4150958333333
 30
0.0
 10
268.1601119444444
 20
147.8415819444444
 30
0.0
 10
265.9429036111111
 20
147.2365680555556
 30
0.0
 10
265.2027758333333
 20
146.0431208333333
 30
0.0
 10
264.0252036111111
 20
144.1434125
 30
0.0
 10
264.4820508333333
 20
143.0004125
 30
0.0
 10
264.0446063888888
 20
141.1063486111111
 30
0.0
 10
263.8163591666666
 20
140.1161013888889
 30
0.0
 10
262.1346675
 20
138.7215708333333
 30
0.0
 10
261.0699841666666
 20
137.7955291666667
 30
0.0
 10
261.0632813888889
 20
137.7912958333333
 30
0.0
 10
261.0597536111111
 20
137.7852986111111
 30
0.0
 10
261.0526980555555
 20
137.7810652777778
 30
0.0
  0
SPLINE
  5
9D
330
1F
100
AcDbEntity
  8
DEFAULT
 62
     1
100
AcDbSpline
210
0.0
220
0.0
230
1.0
 70
     8
 71
     3
 72
     8
 73
     4
 74
     0
 42
0.000000001
 43
0.0000000001
 40
0.0
 40
0.0
 40
0.0
 40
0.0
 40
1.0
 40
1.0
 40
1.0
 40
1.0
 10
265.7636219444444
 20
130.4196161111111
 30
0.0
 10
267.2724525
 20
129.6699633333333
 30
0.0
 10
267.8266663888888
 20
129.1827772222222
 30
0.0
 10
268.7830469444444
 20
127.9473494444444
 30
0.0
  0
SPLINE
  5
9E
330
1F
100
AcDbEntity
  8
DEFAULT
 62
     1
100
AcDbSpline
210
0.0
220
0.0
230
1.0
 70
    11
 71
     3
 72
   203
 73
   199
 74
     0
 42
0.000000001
 43
0.0000000001
 40
0.0
 40
0.0
 40
0.0
 40
0.0
 40
1.000124705261717
 40
1.000124705261717
 40
1.000124705261717
 40
2.000249410523435
 40
2.000249410523435
 40
2.000249410523435
 40
3.000374115785152
 40
3.000374115785152
 40
3.000374115785152
 40
4.000498821046869
 40
4.000498821046869
 40
4.000498821046869
 40
9.658840790371029
 40
9.658840790371029
 40
9.658840790371029
 40
18.16511518920578
 40
18.16511518920578
 40
18.16511518920578
 40
23.83735955296361
 40
23.83735955296361
 40
23.83735955296361
 40
24.83748425822532
 40
24.83748425822532
 40
24.83748425822532
 40
25.83760896348704
 40
25.83760896348704
 40
25.83760896348704
 40
26.83773366874876
 40
26.83773366874876
 40
26.83773366874876
 40
27.83785837401048
 40
27.83785837401048
 40
27.83785837401048
 40
28.8379830792722
 40
28.8379830792722
 40
28.8379830792722
 40
34.50895032567243
 40
34.50895032567243
 40
34.50895032567243
 40
42.99808670793449
 40
42.99808670793449
 40
42.99808670793449
 40
48.663832091175
 40
48.663832091175
 40
48.663832091175
 40
49.66395679643671
 40
49.66395679643671
 40
49.66395679643671
 40
50.66408150169843
 40
50.66408150169843
 40
50.66408150169843
 40
51.66420620696015
 40
51.66420620696015
 40
51.66420620696015
 40
52.66433091222187
 40
52.66433091222187
 40
52.66433091222187
 40
53.66445561748358
 40
53.66445561748358
 40
53.66445561748358
 40
59.33591591482195
 40
59.33591591482195
 40
59.33591591482195
 40
67.83672187407575
 40
67.83672187407575
 40
67.83672187407575
 40
73.49568057531313
 40
73.49568057531313
 40
73.49568057531313
 40
74.49580528057486
 40
74.49580528057486
 40
74.49580528057486
 40
75.49592998583657
 40
75.49592998583657
 40
75.49592998583657
 40
76.49605469109828
 40
76.49605469109828
 40
76.49605469109828
 40
77.49617939636
 40
77.49617939636
 40
77.49617939636
 40
78.49630410162172
 40
78.49630410162172
 40
78.49630410162172
 40
89.55347595925802
 40
89.55347595925802
 40
89.55347595925802
 40
90.55360066451975
 40
90.55360066451975
 40
90.55360066451975
 40
91.55372536978146
 40
91.55372536978146
 40
91.55372536978146
 40
100.0516872372603
 40
100.0516872372603
 40
100.0516872372603
 40
108.5560082485073
 40
108.5560082485073
 40
108.5560082485073
 40
117.0643343972567
 40
117.0643343972567
 40
117.0643343972567
 40
118.0644591025184
 40
118.0644591025184
 40
118.0644591025184
 40
119.0645838077801
 40
119.0645838077801
 40
119.0645838077801
 40
130.110629759439
 40
130.110629759439
 40
130.110629759439
 40
131.1107544647007
 40
131.1107544647007
 40
131.1107544647007
 40
132.1108791699624
 40
132.1108791699624
 40
132.1108791699624
 40
133.1110038752241
 40
133.1110038752241
 40
133.1110038752241
 40
134.1111285804859
 40
134.1111285804859
 40
134.1111285804859
 40
135.1112532857476
 40
135.1112532857476
 40
135.1112532857476
 40
136.1113779910093
 40
136.1113779910093
 40
136.1113779910093
 40
137.111502696271
 40
137.111502696271
 40
137.111502696271
 40
138.1116274015327
 40
138.1116274015327
 40
138.1116274015327
 40
139.1117521067944
 40
139.1117521067944
 40
139.1117521067944
 40
140.1118768120562
 40
140.1118768120562
 40
140.1118768120562
 40
141.1120015173179
 40
141.1120015173179
 40
141.1120015173179
 40
142.1121262225796
 40
142.1121262225796
 40
142.1121262225796
 40
143.1122509278413
 40
143.1122509278413
 40
143.1122509278413
 40
144.112375633103
 40
144.112375633103
 40
144.112375633103
 40
145.1125003383647
 40
145.1125003383647
 40
145.1125003383647
 40
146.1126250436265
 40
146.1126250436265
 40
146.1126250436265
 40
147.1127497488882
 40
147.1127497488882
 40
147.1127497488882
 40
148.1128744541499
 40
148.1128744541499
 40
148.1128744541499
 40
150.1131238646733
 40
150.1131238646733
 40
150.1131238646733
 40
151.1132485699351
 40
151.1132485699351
 40
151.1132485699351
 40
152.1133732751968
 40
152.1133732751968
 40
152.1133732751968
 40
153.1134979804585
 40
153.1134979804585
 40
153.1134979804585
 40
161.6254232109128
 40
161.6254232109128
 40
161.6254232109128
 40
170.1233011545787
 40
170.1233011545787
 40
170.1233011545787
 40
178.6154460106256
 40
178.6154460106256
 40
178.6154460106256
 40
179.6155707158873
 40
179.6155707158873
 40
179.6155707158873
 40
180.6156954211491
 40
180.6156954211491
 40
180.6156954211491
 40
181.6158201264108
 40
181.6158201264108
 40
181.6158201264108
 40
182.6159448316725
 40
182.6159448316725
 40
182.6159448316725
 40
182.6159448316725
 10
273.7245463888889
 20
124.9963633333333
 30
0.0
 10
274.4914852777778
 20
125.1300661111111
 30
0.0
 10
275.7826519444444
 20
130.6228161111111
 30
0.0
 10
277.6520213888889
 20
132.5983716666667
 30
0.0
 10
280.4954102777778
 20
135.5969827777778
 30
0.0
 10
282.6039630555555
 20
138.5733688888889
 30
0.0
 10
283.7801241666667
 20
139.2397661111111
 30
0.0
 10
283.8393908333333
 20
139.2274188888889
 30
0.0
 10
284.5050825
 20
140.2293077777778
 30
0.0
 10
284.7943602777777
 20
141.5797411111111
 30
0.0
 10
285.0818741666666
 20
142.9315855555555
 30
0.0
 10
285.1972325
 20
143.7009938888889
 30
0.0
 10
285.2681408333333
 20
144.0375438888889
 30
0.0
 10
285.4070176851852
 20
144.6881837037037
 30
0.0
 10
285.545894537037
 20
145.3388235185185
 30
0.0
 10
285.6847713888889
 20
145.9894633333333
 30
0.0
 10
286.6630241666666
 20
145.7813244444444
 30
0.0
 10
287.6412769444444
 20
145.5731855555555
 30
0.0
 10
288.6195297222222
 20
145.3650466666666
 30
0.0
 10
288.4805352777777
 20
144.7127605555555
 30
0.0
 10
288.3415408333333
 20
144.0604744444444
 30
0.0
 10
288.2025463888888
 20
143.4081883333333
 30
0.0
 10
288.1295213888889
 20
143.0734022222222
 30
0.0
 10
287.9192658333333
 20
142.3286883333333
 30
0.0
 10
287.6299880555555
 20
140.9733161111111
 30
0.0
 10
287.3445908333333
 20
139.6242938888889
 30
0.0
 10
287.5492019444444
 20
138.4357855555556
 30
0.0
 10
287.5975325
 20
138.4213216666667
 30
0.0
 10
288.6551602777777
 20
135.9222438888889
 30
0.0
 10
294.9931658333333
 20
142.3170466666667
 30
0.0
 10
296.6607463888889
 20
143.7898938888889
 30
0.0
 10
296.7200130555555
 20
143.7796633333333
 30
0.0
 10
297.2978630555555
 20
144.8305883333333
 30
0.0
 10
297.4714297222222
 20
146.2050105555555
 30
0.0
 10
297.6432325
 20
147.5762577777778
 30
0.0
 10
297.6901519444444
 20
148.3520161111111
 30
0.0
 10
297.7321325
 20
148.6938577777778
 30
0.0
 10
297.8162112037037
 20
149.3553161111111
 30
0.0
 10
297.9002899074074
 20
150.0167744444444
 30
0.0
 10
297.9843686111111
 20
150.6782327777778
 30
0.0
 10
298.9746158333333
 20
150.5529966666667
 30
0.0
 10
299.9648630555556
 20
150.4277605555556
 30
0.0
 10
300.9551102777777
 20
150.3025244444444
 30
0.0
 10
300.8722075
 20
149.6415364814815
 30
0.0
 10
300.7893047222222
 20
148.9805485185185
 30
0.0
 10
300.7064019444445
 20
148.3195605555555
 30
0.0
 10
300.6658325
 20
147.9784244444444
 30
0.0
 10
300.5197825
 20
147.21713
 30
0.0
 10
300.3497436111111
 20
145.8405911111111
 30
0.0
 10
300.1747658333333
 20
144.4816911111111
 30
0.0
 10
300.4756852777778
 20
143.321405
 30
0.0
 10
300.5356575
 20
143.2995327777778
 30
0.0
 10
301.9005547222222
 20
141.181455
 30
0.0
 10
308.8679158333333
 20
143.5676438888889
 30
0.0
 10
310.516093611111
 20
145.7372272222222
 30
0.0
 10
310.5718325
 20
145.7481633333333
 30
0.0
 10
310.7552769444445
 20
146.9373772222222
 30
0.0
 10
310.4525936111111
 20
148.2846355555556
 30
0.0
 10
310.1414436111111
 20
149.6322466666666
 30
0.0
 10
309.9234269444444
 20
150.3797827777778
 30
0.0
 10
309.8451102777777
 20
150.7113938888889
 30
0.0
 10
309.6969436111111
 20
151.3615633333333
 30
0.0
 10
309.5487769444445
 20
152.0117327777778
 30
0.0
 10
309.4006102777778
 20
152.6619022222222
 30
0.0
 10
310.3753352777778
 20
152.8830938888889
 30
0.0
 10
311.3500602777778
 20
153.1042855555555
 30
0.0
 10
312.3247852777778
 20
153.3254772222222
 30
0.0
 10
312.4720112037037
 20
152.6766012962963
 30
0.0
 10
312.6192371296295
 20
152.0277253703704
 30
0.0
 10
312.7664630555555
 20
151.3788494444445
 30
0.0
 10
312.8476019444444
 20
151.0468855555555
 30
0.0
 10
312.9710741666667
 20
150.27783
 30
0.0
 10
313.2769325
 20
148.9266911111111
 30
0.0
 10
313.5813797222222
 20
147.5928383333333
 30
0.0
 10
314.2580075
 20
146.6054133333333
 30
0.0
 10
314.3222130555556
 20
146.6054133333333
 30
0.0
 10
316.1107963888888
 20
145.2472188888889
 30
0.0
 10
319.1901936111111
 20
146.2141827777778
 30
0.0
 10
320.7597019444444
 20
148.8000438888889
 30
0.0
 10
321.8959991666666
 20
150.6704716666667
 30
0.0
 10
326.3766297222222
 20
149.830155
 30
0.0
 10
327.2688047222222
 20
152.6453216666667
 30
0.0
 10
328.3624158333333
 20
156.0923133333333
 30
0.0
 10
336.8671825
 20
166.67988
 30
0.0
 10
333.4625241666666
 20
167.8401661111111
 30
0.0
 10
332.1926417592592
 20
168.118742962963
 30
0.0
 10
330.9227593518519
 20
168.3973198148148
 30
0.0
 10
329.6528769444444
 20
168.6758966666666
 30
0.0
 10
329.5921991666667
 20
168.6758966666666
 30
0.0
 10
328.9081630555555
 20
167.6919994444444
 30
0.0
 10
328.5952491666666
 20
166.3546188888889
 30
0.0
 10
328.2770436111111
 20
165.0063022222222
 30
0.0
 10
328.1493380555555
 20
164.24148
 30
0.0
 10
328.0696102777778
 20
163.9066938888889
 30
0.0
 10
327.8412454629629
 20
162.933967962963
 30
0.0
 10
327.6128806481481
 20
161.961242037037
 30
0.0
 10
327.3845158333333
 20
160.9885161111111
 30
0.0
 10
326.4109667592592
 20
161.2166457407407
 30
0.0
 10
325.4374176851852
 20
161.4447753703704
 30
0.0
 10
324.4638686111111
 20
161.672905
 30
0.0
 10
324.693056574074
 20
162.6466892592592
 30
0.0
 10
324.922244537037
 20
163.6204735185185
 30
0.0
 10
325.1514325
 20
164.5942577777778
 30
0.0
 10
325.2293963888889
 20
164.9251633333333
 30
0.0
 10
325.4512936111111
 20
165.6705827777778
 30
0.0
 10
325.7687936111111
 20
167.0174883333333
 30
0.0
 10
326.0859408333333
 20
168.3619244444444
 30
0.0
 10
325.9024963888888
 20
169.5546661111111
 30
0.0
 10
325.8502852777777
 20
169.5684244444444
 30
0.0
 10
324.5835778703703
 20
169.8552327777778
 30
0.0
 10
323.3168704629629
 20
170.1420411111111
 30
0.0
 10
322.0501630555555
 20
170.4288494444444
 30
0.0
 10
319.7151269444444
 20
171.0850161111111
 30
0.0
 10
317.1610158333333
 20
172.3684216666666
 30
0.0
 10
315.9400519444444
 20
170.6115883333333
 30
0.0
 10
314.7233213888888
 20
168.8621633333333
 30
0.0
 10
314.7977575
 20
168.2627938888889
 30
0.0
 10
315.2704797222222
 20
166.7666633333333
 30
0.0
 10
315.2697741666667
 20
166.7627827777777
 30
0.0
 10
315.2736547222222
 20
166.7557272222222
 30
0.0
 10
315.2736547222222
 20
166.7493772222222
 30
0.0
 10
315.5382380555556
 20
166.1535355555555
 30
0.0
 10
315.7714241666666
 20
165.4927827777778
 30
0.0
 10
315.9587491666667
 20
164.7554772222222
 30
0.0
 10
316.1517186111111
 20
163.990655
 30
0.0
 10
315.4680352777777
 20
163.4752466666667
 30
0.0
 10
314.8333880555555
 20
163.2706355555555
 30
0.0
 10
313.9895436111111
 20
163.2452355555555
 30
0.0
 10
312.6877936111111
 20
162.7802744444444
 30
0.0
 10
311.1038213888889
 20
162.1950161111111
 30
0.0
 10
308.6640102777777
 20
161.2841438888889
 30
0.0
 10
307.2052741666666
 20
162.3424772222222
 30
0.0
 10
307.2052741666666
 20
162.3424772222222
 30
0.0
 10
305.6957380555555
 20
162.7414688888889
 30
0.0
 10
305.6040158333333
 20
164.0037077777778
 30
0.0
 10
303.3042574999999
 20
162.4906438888889
 30
0.0
 10
301.3004797222222
 20
161.8168383333333
 30
0.0
 10
300.6376102777778
 20
161.1747827777778
 30
0.0
 10
298.8447936111111
 20
161.1747827777778
 30
0.0
 10
298.8380908333333
 20
161.1747827777778
 30
0.0
 10
298.8172769444444
 20
161.1821911111111
 30
0.0
 10
298.8123380555555
 20
161.1821911111111
 30
0.0
 10
296.9891825
 20
161.6086994444444
 30
0.0
 10
293.6557852777778
 20
161.0301438888889
 30
0.0
 10
292.4676297222222
 20
157.8191605555556
 30
0.0
 10
292.6754158333333
 20
156.8207994444444
 30
0.0
 10
291.6139075
 20
156.6546411111111
 30
0.0
 10
290.6928047222222
 20
157.2582438888889
 30
0.0
 10
288.5510908333333
 20
158.199455
 30
0.0
 10
287.8532963888889
 20
156.2951605555556
 30
0.0
 10
285.3196463888889
 20
155.0671411111111
 30
0.0
 10
283.3342130555556
 20
154.1040577777778
 30
0.0
 10
280.9780102777777
 20
154.7916216666667
 30
0.0
 10
279.0306769444445
 20
153.3914466666667
 30
0.0
 10
277.9405936111111
 20
152.5902883333333
 30
0.0
 10
272.9734825
 20
145.2563911111111
 30
0.0
 10
269.3899658333333
 20
143.2063994444444
 30
0.0
 10
265.5831408333333
 20
141.029055
 30
0.0
 10
261.3991963888889
 20
138.0237411111111
 30
0.0
 10
261.0749936111111
 20
137.7909077777778
 30
0.0
 10
261.0672325
 20
137.7866744444445
 30
0.0
 10
261.0637047222222
 20
137.7796188888889
 30
0.0
 10
261.0570019444444
 20
137.7771494444444
 30
0.0
 10
258.5494575
 20
135.7162216666667
 30
0.0
 10
258.5028908333333
 20
134.7245633333333
 30
0.0
 10
259.1269547222222
 20
134.2800633333333
 30
0.0
 10
259.8152241666667
 20
133.7904077777778
 30
0.0
 10
261.1353186111111
 20
133.37413
 30
0.0
 10
262.7580963888889
 20
132.8834161111111
 30
0.0
 10
265.1675686111111
 20
132.1609272222222
 30
0.0
 10
265.7355408333333
 20
130.51663
 30
0.0
 10
265.7669380555556
 20
130.4139716666667
 30
0.0
 10
265.8124463888889
 20
130.38328
 30
0.0
 10
266.8676047222222
 20
130.9646577777778
 30
0.0
 10
267.7431991666666
 20
132.0332216666667
 30
0.0
 10
268.6209102777777
 20
133.0986105555556
 30
0.0
 10
269.0728186111111
 20
133.7346688888889
 30
0.0
 10
269.2915408333333
 20
133.9950188888889
 30
0.0
 10
269.9263056481481
 20
134.7687781481481
 30
0.0
 10
270.561070462963
 20
135.5425374074074
 30
0.0
 10
271.1958352777777
 20
136.3162966666667
 30
0.0
 10
271.9673602777778
 20
135.6814142592592
 30
0.0
 10
272.7388852777778
 20
135.0465318518519
 30
0.0
 10
273.5104102777778
 20
134.4116494444444
 30
0.0
 10
272.8778797222222
 20
133.6390661111111
 30
0.0
 10
272.2453491666666
 20
132.8664827777777
 30
0.0
 10
271.6128186111111
 20
132.0938994444444
 30
0.0
 10
271.3937436111111
 20
131.8293161111111
 30
0.0
 10
270.8652825
 20
131.2609911111111
 30
0.0
 10
269.9858075
 20
130.1924272222222
 30
0.0
 10
269.1080963888888
 20
129.1235105555556
 30
0.0
 10
268.7486158333333
 20
127.973455
 30
0.0
 10
268.7870686111111
 20
127.9413522222222
 30
0.0
 10
270.7933158333333
 20
127.2678994444444
 30
0.0
 10
271.7077158333333
 20
127.3804355555555
 30
0.0
 10
273.1361130555555
 20
126.2977605555556
 30
0.0
 10
273.6282380555555
 20
125.6549994444444
 30
0.0
 10
273.2475908333333
 20
125.2306077777778
 30
0.0
 10
273.7245463888889
 20
124.9963633333333
 30
0.0
  0
SPLINE
  5
9F
330
1F
100
AcDbEntity
  8
DEFAULT
 62
     1
100
AcDbSpline
210
0.0
220
0.0
230
1.0
 70
     8
 71
     3
 72
    95
 73
    91
 74
     0
 42
0.000000001
 43
0.0000000001
 40
0.0
 40
0.0
 40
0.0
 40
0.0
 40
1.0
 40
1.0
 40
1.0
 40
2.0
 40
2.0
 40
2.0
 40
3.0
 40
3.0
 40
3.0
 40
4.0
 40
4.0
 40
4.0
 40
5.0
 40
5.0
 40
5.0
 40
6.0
 40
6.0
 40
6.0
 40
7.0
 40
7.0
 40
7.0
 40
12.66442830301527
 40
12.66442830301527
 40
12.66442830301527
 40
21.16528437755268
 40
21.16528437755268
 40
21.16528437755268
 40
26.81159157783861
 40
26.81159157783861
 40
26.81159157783861
 40
27.81159157783861
 40
27.81159157783861
 40
27.81159157783861
 40
28.81159157783861
 40
28.81159157783861
 40
28.81159157783861
 40
29.81159157783861
 40
29.81159157783861
 40
29.81159157783861
 40
30.81159157783861
 40
30.81159157783861
 40
30.81159157783861
 40
31.81159157783861
 40
31.81159157783861
 40
31.81159157783861
 40
32.81159157783861
 40
32.81159157783861
 40
32.81159157783861
 40
38.47872956804139
 40
38.47872956804139
 40
38.47872956804139
 40
46.97219205397724
 40
46.97219205397724
 40
46.97219205397724
 40
52.64159987137752
 40
52.64159987137752
 40
52.64159987137752
 40
53.64159987137752
 40
53.64159987137752
 40
53.64159987137752
 40
54.64159987137752
 40
54.64159987137752
 40
54.64159987137752
 40
55.64159987137752
 40
55.64159987137752
 40
55.64159987137752
 40
56.64159987137752
 40
56.64159987137752
 40
56.64159987137752
 40
57.64159987137752
 40
57.64159987137752
 40
57.64159987137752
 40
58.64159987137752
 40
58.64159987137752
 40
58.64159987137752
 40
64.30704336681545
 40
64.30704336681545
 40
64.30704336681545
 40
72.79711551020748
 40
72.79711551020748
 40
72.79711551020748
 40
78.46772262056169
 40
78.46772262056169
 40
78.46772262056169
 40
79.46772262056169
 40
79.46772262056169
 40
79.46772262056169
 40
80.46772262056169
 40
80.46772262056169
 40
80.46772262056169
 40
80.46772262056169
 10
273.7245463888889
 20
124.9963633333333
 30
0.0
 10
274.0402825
 20
124.8785355555555
 30
0.0
 10
278.4651741666667
 20
122.9604827777778
 30
0.0
 10
281.0714963888889
 20
123.2398827777778
 30
0.0
 10
286.0149713888889
 20
123.7746938888889
 30
0.0
 10
294.4848130555555
 20
130.1172855555556
 30
0.0
 10
283.7903547222222
 20
120.2592633333333
 30
0.0
 10
279.2448130555555
 20
116.0700272222222
 30
0.0
 10
265.9842491666666
 20
120.8843855555555
 30
0.0
 10
261.6556658333333
 20
122.2753883333333
 30
0.0
 10
255.7935575
 20
124.1585161111111
 30
0.0
 10
249.6481686111111
 20
131.0274522222222
 30
0.0
 10
248.4533102777778
 20
136.8426411111111
 30
0.0
 10
248.0680769444444
 20
138.717655
 30
0.0
 10
247.0189158333333
 20
141.4192272222222
 30
0.0
 10
248.4222658333333
 20
142.84833
 30
0.0
 10
248.4575436111111
 20
142.9019522222222
 30
0.0
 10
249.6393491666666
 20
143.0748133333333
 30
0.0
 10
250.9675575
 20
142.7601355555555
 30
0.0
 10
252.3126991666666
 20
142.4415772222222
 30
0.0
 10
253.0574130555555
 20
142.2136827777778
 30
0.0
 10
253.3929047222222
 20
142.1336022222222
 30
0.0
 10
254.0406047222222
 20
141.9781448148148
 30
0.0
 10
254.6883047222222
 20
141.8226874074074
 30
0.0
 10
255.3360047222222
 20
141.66723
 30
0.0
 10
255.5658982407407
 20
142.6400735185185
 30
0.0
 10
255.7957917592592
 20
143.612917037037
 30
0.0
 10
256.0256852777778
 20
144.5857605555555
 30
0.0
 10
255.3798667592592
 20
144.7399244444444
 30
0.0
 10
254.7340482407407
 20
144.8940883333333
 30
0.0
 10
254.0882297222222
 20
145.0482522222222
 30
0.0
 10
253.7573241666666
 20
145.1308022222222
 30
0.0
 10
252.9900325
 20
145.2592133333333
 30
0.0
 10
251.6374825
 20
145.5781244444444
 30
0.0
 10
250.3103325
 20
145.89633
 30
0.0
 10
249.3257297222222
 20
146.5814244444444
 30
0.0
 10
249.3264352777778
 20
146.6480994444444
 30
0.0
 10
249.0473880555555
 20
147.0696688888889
 30
0.0
 10
249.9191019444444
 20
148.3968188888889
 30
0.0
 10
252.9575769444444
 20
153.0220883333333
 30
0.0
 10
255.7536936111111
 20
157.2790577777778
 30
0.0
 10
256.4888825
 20
157.342205
 30
0.0
 10
257.2011408333333
 20
157.2554216666666
 30
0.0
 10
257.2783991666666
 20
157.2892883333333
 30
0.0
 10
258.4291602777778
 20
157.0331716666666
 30
0.0
 10
259.5506408333333
 20
156.2708188888889
 30
0.0
 10
260.6936408333333
 20
155.4985883333333
 30
0.0
 10
261.3117075
 20
155.0230438888889
 30
0.0
 10
261.5935769444445
 20
154.8314855555555
 30
0.0
 10
262.1466149074074
 20
154.4596577777778
 30
0.0
 10
262.6996528703704
 20
154.08783
 30
0.0
 10
263.2526908333333
 20
153.7160022222222
 30
0.0
 10
263.8119612037037
 20
154.5435012962963
 30
0.0
 10
264.3712315740741
 20
155.3710003703704
 30
0.0
 10
264.9305019444444
 20
156.1984994444444
 30
0.0
 10
264.3779343518518
 20
156.5715031481481
 30
0.0
 10
263.8253667592593
 20
156.9445068518518
 30
0.0
 10
263.2727991666667
 20
157.3175105555555
 30
0.0
 10
262.9881075
 20
157.5083633333333
 30
0.0
 10
262.3192408333333
 20
157.9038272222222
 30
0.0
 10
261.1734186111111
 20
158.6792327777778
 30
0.0
 10
260.0268908333333
 20
159.4500522222222
 30
0.0
 10
259.3488519444444
 20
160.4455911111111
 30
0.0
 10
259.3827186111111
 20
160.4910994444444
 30
0.0
 10
259.0041880555555
 20
161.6065827777778
 30
0.0
 10
259.0574575
 20
162.3107272222222
 30
0.0
 10
262.0603019444445
 20
166.8813161111111
 30
0.0
 10
264.3209019444444
 20
170.3226633333333
 30
0.0
 10
264.8885213888889
 20
171.3323133333333
 30
0.0
 10
265.3062102777777
 20
171.1887327777778
 30
0.0
 10
265.3908769444444
 20
171.1880272222222
 30
0.0
 10
266.3370269444444
 20
170.4902327777778
 30
0.0
 10
267.0588102777778
 20
169.3408827777778
 30
0.0
 10
267.7908241666667
 20
168.1724827777778
 30
0.0
 10
268.1633575
 20
167.4880938888889
 30
0.0
 10
268.3460963888889
 20
167.1995216666667
 30
0.0
 10
268.7020491666667
 20
166.6363707407407
 30
0.0
 10
269.0580019444445
 20
166.0732198148148
 30
0.0
 10
269.4139547222222
 20
165.5100688888889
 30
0.0
 10
270.2594454629629
 20
166.0409994444444
 30
0.0
 10
271.1049362037036
 20
166.57193
 30
0.0
 10
271.9504269444444
 20
167.1028605555556
 30
0.0
 10
271.5948269444444
 20
167.6669522222222
 30
0.0
 10
271.2392269444444
 20
168.2310438888889
 30
0.0
 10
270.8836269444444
 20
168.7951355555555
 30
0.0
 10
270.7037102777778
 20
169.08653
 30
0.0
 10
270.2496852777778
 20
169.7190605555555
 30
0.0
 10
269.5127325
 20
170.8906355555555
 30
0.0
 10
268.7768380555555
 20
172.0576244444444
 30
0.0
 10
268.5577630555555
 20
173.2401355555555
 30
0.0
 10
268.6064463888889
 20
173.27118
 30
0.0
  0
SPLINE
  5
A0
330
1F
100
AcDbEntity
  8
DEFAULT
 62
     1
100
AcDbSpline
210
0.0
220
0.0
230
1.0
 70
     8
 71
     3
 72
    26
 73
    22
 74
     0
 42
0.000000001
 43
0.0000000001
 40
0.0
 40
0.0
 40
0.0
 40
0.0
 40
1.0
 40
1.0
 40
1.0
 40
2.0
 40
2.0
 40
2.0
 40
10.50602139663427
 40
10.50602139663427
 40
10.50602139663427
 40
19.00197478633693
 40
19.00197478633693
 40
19.00197478633693
 40
27.49638730280915
 40
27.49638730280915
 40
27.49638730280915
 40
28.49638730280915
 40
28.49638730280915
 40
28.49638730280915
 40
29.49638730280915
 40
29.49638730280915
 40
29.49638730280915
 40
29.49638730280915
 10
307.2060502777778
 20
162.3432533333333
 30
0.0
 10
307.1531336111111
 20
162.3432533333333
 30
0.0
 10
306.7470863888888
 20
163.4795505555556
 30
0.0
 10
306.8003558333333
 20
164.8589116666666
 30
0.0
 10
306.8532724999999
 20
166.2418005555556
 30
0.0
 10
306.9312363888889
 20
167.0140311111111
 30
0.0
 10
306.9449947222222
 20
167.3565783333333
 30
0.0
 10
306.9826243518518
 20
168.3561153703704
 30
0.0
 10
307.0202539814814
 20
169.3556524074074
 30
0.0
 10
307.0578836111111
 20
170.3551894444444
 30
0.0
 10
306.0595225
 20
170.3925838888889
 30
0.0
 10
305.0611613888889
 20
170.4299783333333
 30
0.0
 10
304.0628002777777
 20
170.4673727777778
 30
0.0
 10
304.0239947222222
 20
169.4692468518518
 30
0.0
 10
303.9851891666667
 20
168.4711209259259
 30
0.0
 10
303.9463836111111
 20
167.472995
 30
0.0
 10
303.9358002777777
 20
167.1272727777778
 30
0.0
 10
303.9530863888888
 20
166.3504561111111
 30
0.0
 10
303.9008752777777
 20
164.9718005555555
 30
0.0
 10
303.8476058333333
 20
163.5924394444444
 30
0.0
 10
303.3392530555555
 20
162.5341061111111
 30
0.0
 10
303.3039752777777
 20
162.49142
 30
0.0
  0
SPLINE
  5
A1
330
1F
100
AcDbEntity
  8
DEFAULT
 62
     1
100
AcDbSpline
210
0.0
220
0.0
230
1.0
 70
     8
 71
     3
 72
   134
 73
   130
 74
     0
 42
0.000000001
 43
0.0000000001
 40
0.0
 40
0.0
 40
0.0
 40
0.0
 40
1.0
 40
1.0
 40
1.0
 40
2.0
 40
2.0
 40
2.0
 40
3.0
 40
3.0
 40
3.0
 40
4.0
 40
4.0
 40
4.0
 40
5.0
 40
5.0
 40
5.0
 40
6.0
 40
6.0
 40
6.0
 40
7.010999999999967
 40
7.010999999999967
 40
7.010999999999967
 40
8.010999999999967
 40
8.010999999999967
 40
8.010999999999967
 40
8.05555333881985
 40
8.05555333881985
 40
8.05555333881985
 40
9.05555333881985
 40
9.05555333881985
 40
9.05555333881985
 40
10.05555333881985
 40
10.05555333881985
 40
10.05555333881985
 40
11.05555333881985
 40
11.05555333881985
 40
11.05555333881985
 40
12.05555333881985
 40
12.05555333881985
 40
12.05555333881985
 40
13.05555333881985
 40
13.05555333881985
 40
13.05555333881985
 40
14.06555333881984
 40
14.06555333881984
 40
14.06555333881984
 40
17.1413785939343
 40
17.1413785939343
 40
17.1413785939343
 40
18.1413785939343
 40
18.1413785939343
 40
18.1413785939343
 40
19.1413785939343
 40
19.1413785939343
 40
19.1413785939343
 40
24.81559765914493
 40
24.81559765914493
 40
24.81559765914493
 40
33.31979203603916
 40
33.31979203603916
 40
33.31979203603916
 40
38.98408740263152
 40
38.98408740263152
 40
38.98408740263152
 40
39.98408740263152
 40
39.98408740263152
 40
39.98408740263152
 40
40.98408740263152
 40
40.98408740263152
 40
40.98408740263152
 40
41.98408740263152
 40
41.98408740263152
 40
41.98408740263152
 40
42.98408740263152
 40
42.98408740263152
 40
42.98408740263152
 40
43.98408740263152
 40
43.98408740263152
 40
43.98408740263152
 40
44.98408740263152
 40
44.98408740263152
 40
44.98408740263152
 40
45.98408740263152
 40
45.98408740263152
 40
45.98408740263152
 40
46.98408740263152
 40
46.98408740263152
 40
46.98408740263152
 40
47.98408740263152
 40
47.98408740263152
 40
47.98408740263152
 40
48.98408740263152
 40
48.98408740263152
 40
48.98408740263152
 40
49.98408740263152
 40
49.98408740263152
 40
49.98408740263152
 40
50.98408740263152
 40
50.98408740263152
 40
50.98408740263152
 40
59.48945629527806
 40
59.48945629527806
 40
59.48945629527806
 40
60.48945629527806
 40
60.48945629527806
 40
60.48945629527806
 40
61.48945629527806
 40
61.48945629527806
 40
61.48945629527806
 40
62.48945629527806
 40
62.48945629527806
 40
62.48945629527806
 40
63.48945629527806
 40
63.48945629527806
 40
63.48945629527806
 40
64.48945629527806
 40
64.48945629527806
 40
64.48945629527806
 40
65.48945629527806
 40
65.48945629527806
 40
65.48945629527806
 40
66.48945629527806
 40
66.48945629527806
 40
66.48945629527806
 40
67.48945629527806
 40
67.48945629527806
 40
67.48945629527806
 40
68.48945629527806
 40
68.48945629527806
 40
68.48945629527806
 40
68.48945629527806
 10
298.8241208333333
 20
161.17951
 30
0.0
 10
298.8205930555555
 20
161.1830377777778
 30
0.0
 10
298.8170652777778
 20
161.1830377777778
 30
0.0
 10
298.8131847222222
 20
161.1830377777778
 30
0.0
 10
296.9935569444444
 20
161.62401
 30
0.0
 10
297.0073152777778
 20
166.2588044444444
 30
0.0
 10
296.5275375
 20
170.0624544444444
 30
0.0
 10
296.2417875
 20
172.3339905555555
 30
0.0
 10
293.6559263888889
 20
172.771435
 30
0.0
 10
294.0616208333333
 20
175.4881766666666
 30
0.0
 10
294.2450652777778
 20
177.4146961111111
 30
0.0
 10
286.9072875
 20
176.702085
 30
0.0
 10
284.1774930555555
 20
177.4429183333333
 30
0.0
 10
280.5301236111111
 20
178.4335183333333
 30
0.0
 10
273.8368708333333
 20
180.0037322222222
 30
0.0
 10
272.7690125
 20
178.0885016666666
 30
0.0
 10
271.5900291666667
 20
175.97501
 30
0.0
 10
270.6026041666667
 20
176.3066211111111
 30
0.0
 10
268.6058819444444
 20
173.2692044444444
 30
0.0
 10
267.6537347222222
 20
172.2278044444444
 30
0.0
 10
266.5103819444445
 20
171.5017877777778
 30
0.0
 10
265.3000013888889
 20
171.1874627777778
 30
0.0
 10
264.5556402777777
 20
171.2894155555555
 30
0.0
 10
263.3953541666667
 20
170.4074711111111
 30
0.0
 10
262.0442152777778
 20
168.9758988888889
 30
0.0
 10
262.0405699074074
 20
168.9721359259259
 30
0.0
 10
262.036924537037
 20
168.9683729629629
 30
0.0
 10
262.0332791666667
 20
168.96461
 30
0.0
 10
260.0930013888889
 20
167.1693238888889
 30
0.0
 10
257.3381597222223
 20
167.6879072222222
 30
0.0
 10
247.4141680555555
 20
163.8391016666666
 30
0.0
 10
245.3292513888889
 20
163.7089266666667
 30
0.0
 10
243.2658541666666
 20
166.8165461111111
 30
0.0
 10
242.7578541666667
 20
170.8911294444444
 30
0.0
 10
242.2886597222222
 20
171.9177127777778
 30
0.0
 10
242.0558263888889
 20
173.2896655555555
 30
0.0
 10
242.0660569444444
 20
174.10176
 30
0.0
 10
242.0731125
 20
174.5212127777778
 30
0.0
 10
242.6096875
 20
174.3130738888889
 30
0.0
 10
242.7649097222222
 20
174.0947044444444
 30
0.0
 10
244.3704013888889
 20
171.8510377777777
 30
0.0
 10
245.0759569444444
 20
171.0812766666666
 30
0.0
 10
246.1900291666666
 20
171.2227405555555
 30
0.0
 10
254.4982986111111
 20
168.8097405555555
 30
0.0
 10
261.3739375
 20
176.6558711111111
 30
0.0
 10
260.6151125
 20
180.5646488888889
 30
0.0
 10
260.5692513888889
 20
180.9234238888888
 30
0.0
 10
260.5233902777778
 20
181.2821988888888
 30
0.0
 10
260.4775291666667
 20
181.6409738888889
 30
0.0
 10
260.4775291666667
 20
181.6967127777777
 30
0.0
 10
261.5288069444444
 20
182.2756211111111
 30
0.0
 10
262.8979375
 20
182.4484822222222
 30
0.0
 10
264.2698902777778
 20
182.6181683333333
 30
0.0
 10
265.0463541666666
 20
182.6633238888889
 30
0.0
 10
265.3846680555556
 20
182.7063627777777
 30
0.0
 10
266.0468319444444
 20
182.78856
 30
0.0
 10
266.7089958333333
 20
182.8707572222222
 30
0.0
 10
267.3711597222222
 20
182.9529544444444
 30
0.0
 10
267.2475699074074
 20
183.9453183333333
 30
0.0
 10
267.1239800925925
 20
184.9376822222222
 30
0.0
 10
267.0003902777777
 20
185.9300461111111
 30
0.0
 10
266.3394023148148
 20
185.8478488888889
 30
0.0
 10
265.6784143518518
 20
185.7656516666667
 30
0.0
 10
265.0174263888889
 20
185.6834544444444
 30
0.0
 10
264.6791125
 20
185.6414738888889
 30
0.0
 10
263.9135847222222
 20
185.496835
 30
0.0
 10
262.5416319444445
 20
185.3271488888889
 30
0.0
 10
261.1693263888889
 20
185.1578155555555
 30
0.0
 10
260.0048069444445
 20
185.4608516666666
 30
0.0
 10
259.9970458333333
 20
185.5172961111111
 30
0.0
 10
259.4583541666667
 20
185.5137683333333
 30
0.0
 10
256.8654375
 20
185.4086405555556
 30
0.0
 10
256.5126597222222
 20
185.2953988888889
 30
0.0
 10
256.1560013888889
 20
185.1758072222222
 30
0.0
 10
254.8397875
 20
184.5154072222222
 30
0.0
 10
253.7112513888889
 20
186.0115377777778
 30
0.0
 10
253.7112513888889
 20
186.0115377777778
 30
0.0
 10
252.1382152777778
 20
184.106185
 30
0.0
 10
252.1766680555555
 20
183.4715377777778
 30
0.0
 10
252.2119458333333
 20
182.8365377777777
 30
0.0
 10
250.4413541666667
 20
184.5933711111111
 30
0.0
 10
249.4856791666667
 20
185.8598433333333
 30
0.0
 10
248.5010763888889
 20
185.115835
 30
0.0
 10
247.7986958333333
 20
184.5831405555555
 30
0.0
 10
248.3246875
 20
181.2208155555555
 30
0.0
 10
248.3246875
 20
181.2208155555555
 30
0.0
 10
246.5322236111111
 20
182.7448155555555
 30
0.0
 10
245.9610763888889
 20
184.3534822222222
 30
0.0
 10
243.4842236111111
 20
187.62726
 30
0.0
 10
242.7998347222222
 20
191.2961488888889
 30
0.0
 10
244.3799263888889
 20
192.6575183333333
 30
0.0
 10
247.0324625
 20
194.278885
 30
0.0
 10
251.4982763888889
 20
196.65061
 30
0.0
 10
252.8349513888889
 20
196.5768794444444
 30
0.0
 10
252.8988041666667
 20
196.5768794444444
 30
0.0
 10
253.6287013888889
 20
195.6272016666667
 30
0.0
 10
254.0026458333333
 20
194.3078127777778
 30
0.0
 10
254.3804708333333
 20
192.9781933333333
 30
0.0
 10
254.6379986111111
 20
191.88811
 30
0.0
 10
254.6379986111111
 20
191.88811
 30
0.0
 10
255.5999060185185
 20
192.1621007407407
 30
0.0
 10
256.5618134259259
 20
192.4360914814815
 30
0.0
 10
257.5237208333333
 20
192.7100822222222
 30
0.0
 10
257.5237208333333
 20
192.7100822222222
 30
0.0
 10
257.1709430555555
 20
193.7719433333333
 30
0.0
 10
256.7931180555556
 20
195.1015627777778
 30
0.0
 10
256.4156458333333
 20
196.4322405555555
 30
0.0
 10
256.5391180555555
 20
197.6274516666666
 30
0.0
 10
256.5920347222223
 20
197.6419155555555
 30
0.0
 10
268.2763875
 20
198.1926016666666
 30
0.0
 10
283.1233930555555
 20
200.5202294444445
 30
0.0
 10
288.8592069444445
 20
206.6021183333333
 30
0.0
 10
288.9826791666666
 20
206.7329988888888
 30
0.0
 10
289.4095402777778
 20
206.750285
 30
0.0
 10
288.9329375
 20
205.9530072222222
 30
0.0
 10
286.3544847222222
 20
201.6314794444444
 30
0.0
 10
281.4572236111111
 20
199.1214655555555
 30
0.0
 10
274.0421875
 20
192.2200738888889
 30
0.0
 10
285.0199263888889
 20
195.5541766666667
 30
0.0
 10
295.9239347222222
 20
180.3635655555555
 30
0.0
 10
303.3040458333333
 20
181.9972794444444
 30
0.0
 10
308.6489819444444
 20
183.18226
 30
0.0
 10
316.3003791666666
 20
194.9085933333333
 30
0.0
 10
311.7252041666667
 20
176.6174183333333
 30
0.0
 10
310.5779708333333
 20
172.0376572222222
 30
0.0
 10
313.5416569444445
 20
170.6900461111111
 30
0.0
 10
315.2702680555556
 20
166.76751
 30
0.0
 10
315.2702680555556
 20
166.7632766666666
 30
0.0
 10
315.2737958333333
 20
166.7565738888889
 30
0.0
 10
315.2737958333333
 20
166.7495183333333
 30
0.0
  0
POLYLINE
  5
A2
330
1F
100
AcDbEntity
  8
DEFAULT
 62
     7
100
AcDb2dPolyline
 66
     1
 10
0.0
 20
0.0
 30
0.0
  0
VERTEX
  5
A3
330
A2
100
AcDbEntity
  8
DEFAULT
 62
     7
100
AcDbVertex
100
AcDb2dVertex
 10
407.5651191666667
 20
155.4013980555555
 30
0.0
  0
VERTEX
  5
A4
330
A2
100
AcDbEntity
  8
DEFAULT
 62
     7
100
AcDbVertex
100
AcDb2dVertex
 10
405.9797358333333
 20
153.9006813888889
 30
0.0
  0
SEQEND
  5
A5
330
A2
100
AcDbEntity
  8
DEFAULT
 62
     7
  0
POLYLINE
  5
A6
330
1F
100
AcDbEntity
  8
DEFAULT
 62
     7
100
AcDb2dPolyline
 66
     1
 10
0.0
 20
0.0
 30
0.0
  0
VERTEX
  5
A7
330
A6
100
AcDbEntity
  8
DEFAULT
 62
     7
100
AcDbVertex
100
AcDb2dVertex
 10
408.8405166666666
 20
154.0529755555555
 30
0.0
  0
VERTEX
  5
A8
330
A6
100
AcDbEntity
  8
DEFAULT
 62
     7
100
AcDbVertex
100
AcDb2dVertex
 10
406.8007555555555
 20
153.033095
 30
0.0
  0
VERTEX
  5
A9
330
A6
100
AcDbEntity
  8
DEFAULT
 62
     7
100
AcDbVertex
100
AcDb2dVertex
 10
407.9592777777777
 20
154.9846616666667
 30
0.0
  0
SEQEND
  5
AA
330
A6
100
AcDbEntity
  8
DEFAULT
 62
     7
  0
POLYLINE
  5
AB
330
1F
100
AcDbEntity
  8
DEFAULT
 62
     7
100
AcDb2dPolyline
 66
     1
 10
0.0
 20
0.0
 30
0.0
  0
VERTEX
  5
AC
330
AB
100
AcDbEntity
  8
DEFAULT
 62
     7
100
AcDbVertex
100
AcDb2dVertex
 10
402.4898111111111
 20
170.4199241666667
 30
0.0
  0
VERTEX
  5
AD
330
AB
100
AcDbEntity
  8
DEFAULT
 62
     7
100
AcDbVertex
100
AcDb2dVertex
 10
400.9044277777778
 20
168.9199130555556
 30
0.0
  0
SEQEND
  5
AE
330
AB
100
AcDbEntity
  8
DEFAULT
 62
     7
  0
POLYLINE
  5
AF
330
1F
100
AcDbEntity
  8
DEFAULT
 62
     7
100
AcDb2dPolyline
 66
     1
 10
0.0
 20
0.0
 30
0.0
  0
VERTEX
  5
B0
330
AF
100
AcDbEntity
  8
DEFAULT
 62
     7
100
AcDbVertex
100
AcDb2dVertex
 10
402.0353980555556
 20
170.9008661111111
 30
0.0
  0
VERTEX
  5
B1
330
AF
100
AcDbEntity
  8
DEFAULT
 62
     7
100
AcDbVertex
100
AcDb2dVertex
 10
400.4500147222222
 20
169.4001494444444
 30
0.0
  0
SEQEND
  5
B2
330
AF
100
AcDbEntity
  8
DEFAULT
 62
     7
  0
POLYLINE
  5
B3
330
1F
100
AcDbEntity
  8
DEFAULT
 62
     7
100
AcDb2dPolyline
 66
     1
 10
0.0
 20
0.0
 30
0.0
  0
VERTEX
  5
B4
330
B3
100
AcDbEntity
  8
DEFAULT
 62
     7
100
AcDbVertex
100
AcDb2dVertex
 10
401.5809849999999
 20
171.3811025
 30
0.0
  0
VERTEX
  5
B5
330
B3
100
AcDbEntity
  8
DEFAULT
 62
     7
100
AcDbVertex
100
AcDb2dVertex
 10
399.994896111111
 20
169.8810913888889
 30
0.0
  0
SEQEND
  5
B6
330
B3
100
AcDbEntity
  8
DEFAULT
 62
     7
  0
POLYLINE
  5
B7
330
1F
100
AcDbEntity
  8
DEFAULT
 62
     7
100
AcDb2dPolyline
 66
     1
 10
0.0
 20
0.0
 30
0.0
  0
VERTEX
  5
B8
330
B7
100
AcDbEntity
  8
DEFAULT
 62
     7
100
AcDbVertex
100
AcDb2dVertex
 10
397.8682105555556
 20
187.9024266666667
 30
0.0
  0
VERTEX
  5
B9
330
B7
100
AcDbEntity
  8
DEFAULT
 62
     7
100
AcDbVertex
100
AcDb2dVertex
 10
396.2828272222223
 20
186.4020627777778
 30
0.0
  0
SEQEND
  5
BA
330
B7
100
AcDbEntity
  8
DEFAULT
 62
     7
  0
POLYLINE
  5
BB
330
1F
100
AcDbEntity
  8
DEFAULT
 62
     7
100
AcDb2dPolyline
 66
     1
 10
0.0
 20
0.0
 30
0.0
  0
VERTEX
  5
BC
330
BB
100
AcDbEntity
  8
DEFAULT
 62
     7
100
AcDbVertex
100
AcDb2dVertex
 10
396.9590669444444
 20
188.863605
 30
0.0
  0
VERTEX
  5
BD
330
BB
100
AcDbEntity
  8
DEFAULT
 62
     7
100
AcDbVertex
100
AcDb2dVertex
 10
395.3736836111112
 20
187.3632411111112
 30
0.0
  0
SEQEND
  5
BE
330
BB
100
AcDbEntity
  8
DEFAULT
 62
     7
  0
POLYLINE
  5
BF
330
1F
100
AcDbEntity
  8
DEFAULT
 62
     7
100
AcDb2dPolyline
 66
     1
 10
0.0
 20
0.0
 30
0.0
  0
VERTEX
  5
C0
330
BF
100
AcDbEntity
  8
DEFAULT
 62
     7
100
AcDbVertex
100
AcDb2dVertex
 10
394.1974872222222
 20
207.0116580555555
 30
0.0
  0
VERTEX
  5
C1
330
BF
100
AcDbEntity
  8
DEFAULT
 62
     7
100
AcDbVertex
100
AcDb2dVertex
 10
392.6121038888889
 20
205.5116469444445
 30
0.0
  0
SEQEND
  5
C2
330
BF
100
AcDbEntity
  8
DEFAULT
 62
     7
  0
SPLINE
  5
C3
330
1F
100
AcDbEntity
  8
DEFAULT
 62
     1
100
AcDbSpline
210
0.0
220
0.0
230
1.0
 70
     8
 71
     3
 72
    35
 73
    31
 74
     0
 42
0.000000001
 43
0.0000000001
 40
0.0
 40
0.0
 40
0.0
 40
0.0
 40
1.0
 40
1.0
 40
1.0
 40
2.0
 40
2.0
 40
2.0
 40
3.0
 40
3.0
 40
3.0
 40
4.0
 40
4.0
 40
4.0
 40
9.667513917053892
 40
9.667513917053892
 40
9.667513917053892
 40
18.16872630117882
 40
18.16872630117882
 40
18.16872630117882
 40
23.83765388935633
 40
23.83765388935633
 40
23.83765388935633
 40
24.83765388935633
 40
24.83765388935633
 40
24.83765388935633
 40
25.83765388935633
 40
25.83765388935633
 40
25.83765388935633
 40
26.83765388935633
 40
26.83765388935633
 40
26.83765388935633
 40
26.83765388935633
 10
400.3717686111111
 20
181.6998525
 30
0.0
 10
396.7483880555556
 20
184.0754580555556
 30
0.0
 10
393.5631575
 20
184.0303025
 30
0.0
 10
389.7619769444444
 20
187.3248941666667
 30
0.0
 10
387.8626213888888
 20
189.3318469444444
 30
0.0
 10
387.2569019444445
 20
191.8467997222222
 30
0.0
 10
388.6422602777777
 20
193.1577219444445
 30
0.0
 10
388.6803602777777
 20
193.1937052777778
 30
0.0
 10
389.7746769444444
 20
192.6906441666667
 30
0.0
 10
390.7254130555555
 20
191.6866386111111
 30
0.0
 10
391.6768547222222
 20
190.6815747222222
 30
0.0
 10
392.1742713888888
 20
190.0843219444445
 30
0.0
 10
392.4095741666666
 20
189.8356136111111
 30
0.0
 10
392.8675973148148
 20
189.3514849074074
 30
0.0
 10
393.3256204629629
 20
188.8673562037037
 30
0.0
 10
393.7836436111111
 20
188.3832275
 30
0.0
 10
394.5096602777778
 20
189.0704386111111
 30
0.0
 10
395.2356769444444
 20
189.7576497222222
 30
0.0
 10
395.9616936111111
 20
190.4448608333333
 30
0.0
 10
395.5035528703704
 20
190.9291071296296
 30
0.0
 10
395.0454121296296
 20
191.4133534259259
 30
0.0
 10
394.5872713888889
 20
191.8975997222222
 30
0.0
 10
394.3523213888888
 20
192.1448969444444
 30
0.0
 10
393.7829380555556
 20
192.6758275
 30
0.0
 10
392.8325547222221
 20
193.6801858333333
 30
0.0
 10
391.8828769444444
 20
194.6848969444444
 30
0.0
 10
391.4362602777778
 20
195.8024969444444
 30
0.0
 10
391.4775352777777
 20
195.8409497222222
 30
0.0
 10
392.1456963888888
 20
197.0033525
 30
0.0
 10
394.1092575
 20
199.6477747222222
 30
0.0
 10
395.7228630555555
 20
199.3140469444444
 30
0.0
  0
SPLINE
  5
C4
330
1F
100
AcDbEntity
  8
DEFAULT
 62
     1
100
AcDbSpline
210
0.0
220
0.0
230
1.0
 70
     8
 71
     3
 72
    23
 73
    19
 74
     0
 42
0.000000001
 43
0.0000000001
 40
0.0
 40
0.0
 40
0.0
 40
0.0
 40
1.0
 40
1.0
 40
1.0
 40
2.0
 40
2.0
 40
2.0
 40
3.0
 40
3.0
 40
3.0
 40
4.0
 40
4.0
 40
4.0
 40
5.0
 40
5.0
 40
5.0
 40
6.0
 40
6.0
 40
6.0
 40
6.0
 10
413.0683113888888
 20
149.3807513888889
 30
0.0
 10
416.2281419444444
 20
148.7256430555555
 30
0.0
 10
411.2412752777777
 20
148.3361763888889
 30
0.0
 10
414.8660669444444
 20
146.5550013888889
 30
0.0
 10
418.1888808333333
 20
144.9226986111111
 30
0.0
 10
420.2561586111111
 20
143.8431986111111
 30
0.0
 10
421.9537252777777
 20
143.0988375
 30
0.0
 10
423.6530558333333
 20
142.3562402777778
 30
0.0
 10
424.9883197222222
 20
136.2478930555556
 30
0.0
 10
425.4250586111111
 20
140.9588875
 30
0.0
 10
425.5414752777777
 20
142.2101902777778
 30
0.0
 10
426.5109086111111
 20
140.4812263888889
 30
0.0
 10
427.0421919444444
 20
142.3086152777778
 30
0.0
 10
427.8359419444444
 20
145.0419375
 30
0.0
 10
430.9492058333333
 20
144.8676652777778
 30
0.0
 10
432.4802613888888
 20
148.8840402777778
 30
0.0
 10
433.5029641666666
 20
151.5676208333333
 30
0.0
 10
438.0481530555555
 20
154.8488069444444
 30
0.0
 10
438.5318113888889
 20
156.9806430555556
 30
0.0
  0
SPLINE
  5
C5
330
1F
100
AcDbEntity
  8
DEFAULT
 62
     1
100
AcDbSpline
210
0.0
220
0.0
230
1.0
 70
     8
 71
     3
 72
    23
 73
    19
 74
     0
 42
0.000000001
 43
0.0000000001
 40
0.0
 40
0.0
 40
0.0
 40
0.0
 40
1.0
 40
1.0
 40
1.0
 40
2.0
 40
2.0
 40
2.0
 40
3.0
 40
3.0
 40
3.0
 40
4.0
 40
4.0
 40
4.0
 40
5.0
 40
5.0
 40
5.0
 40
6.0
 40
6.0
 40
6.0
 40
6.0
 10
406.5405466666667
 20
165.6898091666667
 30
0.0
 10
410.6133661111111
 20
164.8463175
 30
0.0
 10
404.2481966666666
 20
164.4021702777778
 30
0.0
 10
408.91968
 20
162.1062925
 30
0.0
 10
413.2038133333333
 20
160.0012675
 30
0.0
 10
415.8679911111111
 20
158.6102647222222
 30
0.0
 10
418.0562716666666
 20
157.6524730555555
 30
0.0
 10
420.2441994444444
 20
156.6946813888889
 30
0.0
 10
421.9671661111111
 20
148.8224452777778
 30
0.0
 10
422.5301994444445
 20
154.8948091666666
 30
0.0
 10
422.6794244444445
 20
156.5059452777778
 30
0.0
 10
423.9289633333333
 20
154.2788591666666
 30
0.0
 10
424.6129994444444
 20
156.6332980555555
 30
0.0
 10
425.6371133333333
 20
160.1568425
 30
0.0
 10
429.6499605555555
 20
159.9324758333333
 30
0.0
 10
431.6223411111111
 20
165.1084313888889
 30
0.0
 10
432.9410244444444
 20
168.5691813888889
 30
0.0
 10
438.2602077777777
 20
172.2885175
 30
0.0
 10
438.8849772222222
 20
175.0331286111111
 30
0.0
  0
SPLINE
  5
C6
330
1F
100
AcDbEntity
  8
DEFAULT
 62
     1
100
AcDbSpline
210
0.0
220
0.0
230
1.0
 70
     8
 71
     3
 72
    23
 73
    19
 74
     0
 42
0.000000001
 43
0.0000000001
 40
0.0
 40
0.0
 40
0.0
 40
0.0
 40
1.0
 40
1.0
 40
1.0
 40
2.0
 40
2.0
 40
2.0
 40
3.0
 40
3.0
 40
3.0
 40
4.0
 40
4.0
 40
4.0
 40
5.0
 40
5.0
 40
5.0
 40
6.0
 40
6.0
 40
6.0
 40
6.0
 10
400.3717686111111
 20
181.6998525
 30
0.0
 10
405.2602102777777
 20
180.6873802777778
 30
0.0
 10
397.6553797222222
 20
180.1892580555555
 30
0.0
 10
403.2627825
 20
177.4333580555555
 30
0.0
 10
408.4055769444444
 20
174.9049997222222
 30
0.0
 10
411.6038602777777
 20
173.2353025
 30
0.0
 10
414.2306436111111
 20
172.0859525
 30
0.0
 10
416.8581325
 20
170.9344858333333
 30
0.0
 10
418.9257630555555
 20
161.4874497222222
 30
0.0
 10
419.6013325
 20
168.7751330555556
 30
0.0
 10
419.7812491666666
 20
170.7094136111111
 30
0.0
 10
421.2812602777777
 20
168.0353580555555
 30
0.0
 10
422.1028797222222
 20
170.8621663888889
 30
0.0
 10
423.3305463888888
 20
175.0919719444445
 30
0.0
 10
428.1477269444444
 20
174.8210386111111
 30
0.0
 10
430.5155713888889
 20
181.0359247222222
 30
0.0
 10
432.0988380555555
 20
185.1909413888889
 30
0.0
 10
438.3497075
 20
189.8225608333333
 30
0.0
 10
439.0983019444444
 20
193.1185636111111
 30
0.0
  0
SPLINE
  5
C7
330
1F
100
AcDbEntity
  8
DEFAULT
 62
     1
100
AcDbSpline
210
0.0
220
0.0
230
1.0
 70
     8
 71
     3
 72
    23
 73
    19
 74
     0
 42
0.000000001
 43
0.0000000001
 40
0.0
 40
0.0
 40
0.0
 40
0.0
 40
1.0
 40
1.0
 40
1.0
 40
2.0
 40
2.0
 40
2.0
 40
3.0
 40
3.0
 40
3.0
 40
4.0
 40
4.0
 40
4.0
 40
5.0
 40
5.0
 40
5.0
 40
6.0
 40
6.0
 40
6.0
 40
6.0
 10
395.7229688888889
 20
199.3139411111111
 30
0.0
 10
401.3811716666667
 20
198.1416605555556
 30
0.0
 10
392.7321188888889
 20
197.7095077777778
 30
0.0
 10
399.22323
 20
194.5193383333333
 30
0.0
 10
405.1752966666667
 20
191.594105
 30
0.0
 10
408.8769938888889
 20
189.6612355555556
 30
0.0
 10
411.9175855555555
 20
188.3309105555555
 30
0.0
 10
414.9581772222222
 20
186.9991744444444
 30
0.0
 10
417.35248
 20
176.0641216666667
 30
0.0
 10
418.13353
 20
184.4997438888889
 30
0.0
 10
418.3416688888889
 20
186.7388244444444
 30
0.0
 10
420.0780411111111
 20
183.6435522222222
 30
0.0
 10
421.0280716666666
 20
186.9148605555555
 30
0.0
 10
422.4518827777778
 20
191.8096522222222
 30
0.0
 10
428.0250661111111
 20
191.4974438888889
 30
0.0
 10
430.7675605555555
 20
198.6898772222222
 30
0.0
 10
432.5991827777777
 20
203.49718
 30
0.0
 10
439.8078438888888
 20
208.7842605555556
 30
0.0
 10
440.6742661111111
 20
212.5995522222222
 30
0.0
  0
SPLINE
  5
C8
330
1F
100
AcDbEntity
  8
DEFAULT
 62
     1
100
AcDbSpline
210
0.0
220
0.0
230
1.0
 70
     8
 71
     3
 72
   152
 73
   148
 74
     0
 42
0.000000001
 43
0.0000000001
 40
0.0
 40
0.0
 40
0.0
 40
0.0
 40
1.0
 40
1.0
 40
1.0
 40
2.0
 40
2.0
 40
2.0
 40
3.0
 40
3.0
 40
3.0
 40
4.0
 40
4.0
 40
4.0
 40
5.0
 40
5.0
 40
5.0
 40
10.67962340300837
 40
10.67962340300837
 40
10.67962340300837
 40
19.18609176537827
 40
19.18609176537827
 40
19.18609176537827
 40
24.85690422921446
 40
24.85690422921446
 40
24.85690422921446
 40
25.85690422921446
 40
25.85690422921446
 40
25.85690422921446
 40
26.85690422921446
 40
26.85690422921446
 40
26.85690422921446
 40
27.85690422921446
 40
27.85690422921446
 40
27.85690422921446
 40
28.85690422921446
 40
28.85690422921446
 40
28.85690422921446
 40
29.85690422921446
 40
29.85690422921446
 40
29.85690422921446
 40
30.85690422921446
 40
30.85690422921446
 40
30.85690422921446
 40
36.5204050899895
 40
36.5204050899895
 40
36.5204050899895
 40
45.01850399503884
 40
45.01850399503884
 40
45.01850399503884
 40
50.68518988716302
 40
50.68518988716302
 40
50.68518988716302
 40
51.68518988716302
 40
51.68518988716302
 40
51.68518988716302
 40
52.68518988716302
 40
52.68518988716302
 40
52.68518988716302
 40
53.68518988716302
 40
53.68518988716302
 40
53.68518988716302
 40
54.68518988716302
 40
54.68518988716302
 40
54.68518988716302
 40
55.68518988716302
 40
55.68518988716302
 40
55.68518988716302
 40
56.68518988716302
 40
56.68518988716302
 40
56.68518988716302
 40
62.36202395202699
 40
62.36202395202699
 40
62.36202395202699
 40
70.85566186519472
 40
70.85566186519472
 40
70.85566186519472
 40
76.52059019660358
 40
76.52059019660358
 40
76.52059019660358
 40
77.52059019660358
 40
77.52059019660358
 40
77.52059019660358
 40
78.52059019660358
 40
78.52059019660358
 40
78.52059019660358
 40
79.52059019660358
 40
79.52059019660358
 40
79.52059019660358
 40
80.52059019660358
 40
80.52059019660358
 40
80.52059019660358
 40
81.52059019660358
 40
81.52059019660358
 40
81.52059019660358
 40
82.52059019660358
 40
82.52059019660358
 40
82.52059019660358
 40
88.19357997272695
 40
88.19357997272695
 40
88.19357997272695
 40
96.69360644327406
 40
96.69360644327406
 40
96.69360644327406
 40
102.3614582409131
 40
102.3614582409131
 40
102.3614582409131
 40
103.3614582409131
 40
103.3614582409131
 40
103.3614582409131
 40
104.3614582409131
 40
104.3614582409131
 40
104.3614582409131
 40
105.3614582409131
 40
105.3614582409131
 40
105.3614582409131
 40
106.3614582409131
 40
106.3614582409131
 40
106.3614582409131
 40
107.3614582409131
 40
107.3614582409131
 40
107.3614582409131
 40
108.3614582409131
 40
108.3614582409131
 40
108.3614582409131
 40
109.3614582409131
 40
109.3614582409131
 40
109.3614582409131
 40
110.3614582409131
 40
110.3614582409131
 40
110.3614582409131
 40
116.0312622057783
 40
116.0312622057783
 40
116.0312622057783
 40
124.5303899257271
 40
124.5303899257271
 40
124.5303899257271
 40
130.2011156288449
 40
130.2011156288449
 40
130.2011156288449
 40
131.2011156288449
 40
131.2011156288449
 40
131.2011156288449
 40
132.2011156288449
 40
132.2011156288449
 40
132.2011156288449
 40
133.2011156288449
 40
133.2011156288449
 40
133.2011156288449
 40
133.2011156288449
 10
438.5317055555556
 20
156.9806077777777
 30
0.0
 10
438.6819888888888
 20
157.5394077777778
 30
0.0
 10
439.4062416666667
 20
157.5588105555555
 30
0.0
 10
439.5272444444444
 20
157.2568327777778
 30
0.0
 10
440.3164083333333
 20
155.2781022222222
 30
0.0
 10
441.7878444444444
 20
154.2970272222222
 30
0.0
 10
442.8811027777778
 20
153.6507383333333
 30
0.0
 10
444.3772333333333
 20
152.7624438888889
 30
0.0
 10
448.0828111111111
 20
154.3693466666666
 30
0.0
 10
447.9431111111111
 20
149.2607716666667
 30
0.0
 10
447.9265305555556
 20
149.2113827777777
 30
0.0
 10
446.7277916666666
 20
149.1016688888889
 30
0.0
 10
445.4038166666667
 20
149.4950161111111
 30
0.0
 10
444.0770194444445
 20
149.8925966666667
 30
0.0
 10
443.3492388888889
 20
150.1592966666666
 30
0.0
 10
443.0222138888889
 20
150.2577216666666
 30
0.0
 10
442.3823925925926
 20
150.44928
 30
0.0
 10
441.7425712962963
 20
150.6408383333333
 30
0.0
 10
441.10275
 20
150.8323966666667
 30
0.0
 10
440.817
 20
149.8737818518518
 30
0.0
 10
440.53125
 20
148.915167037037
 30
0.0
 10
440.2455
 20
147.9565522222222
 30
0.0
 10
440.8843805555555
 20
147.7654642592592
 30
0.0
 10
441.5232611111111
 20
147.5743762962963
 30
0.0
 10
442.1621416666666
 20
147.3832883333333
 30
0.0
 10
442.4905777777778
 20
147.2887438888889
 30
0.0
 10
443.2508138888888
 20
147.1116494444444
 30
0.0
 10
444.5712611111111
 20
146.7168911111111
 30
0.0
 10
445.897
 20
146.3200161111111
 30
0.0
 10
446.8438555555555
 20
145.5717744444444
 30
0.0
 10
446.8276277777778
 20
145.5181522222222
 30
0.0
 10
446.2582444444445
 20
144.0001494444444
 30
0.0
 10
444.6213555555555
 20
144.0153188888889
 30
0.0
 10
443.9528416666666
 20
143.0384772222222
 30
0.0
 10
442.8899222222223
 20
141.4809633333333
 30
0.0
 10
444.0759611111111
 20
141.0174133333333
 30
0.0
 10
443.334775
 20
139.8927577777778
 30
0.0
 10
443.2913833333333
 20
139.8514827777778
 30
0.0
 10
442.1339194444445
 20
140.1608688888889
 30
0.0
 10
441.0269027777778
 20
140.9768438888889
 30
0.0
 10
439.9160055555556
 20
141.8009327777778
 30
0.0
 10
439.3180472222222
 20
142.3050522222222
 30
0.0
 10
439.0471138888889
 20
142.508605
 30
0.0
 10
438.51195
 20
142.9050096296296
 30
0.0
 10
437.9767861111112
 20
143.3014142592592
 30
0.0
 10
437.4416222222222
 20
143.6978188888889
 30
0.0
 10
436.8458981481481
 20
142.8954846296296
 30
0.0
 10
436.250174074074
 20
142.0931503703704
 30
0.0
 10
435.65445
 20
141.2908161111111
 30
0.0
 10
436.1897314814814
 20
140.8939411111111
 30
0.0
 10
436.7250129629629
 20
140.4970661111111
 30
0.0
 10
437.2602944444444
 20
140.1001911111111
 30
0.0
 10
437.5382833333333
 20
139.8962855555556
 30
0.0
 10
438.1870416666666
 20
139.4725994444444
 30
0.0
 10
439.3007611111111
 20
138.6492161111111
 30
0.0
 10
440.4116583333333
 20
137.8244216666667
 30
0.0
 10
441.0434833333333
 20
136.8006605555555
 30
0.0
 10
441.0092638888889
 20
136.7551522222222
 30
0.0
 10
440.1012138888889
 20
135.6714188888889
 30
0.0
 10
438.9381055555556
 20
135.7567911111111
 30
0.0
 10
438.2350194444445
 20
135.0579383333333
 30
0.0
 10
436.7621722222222
 20
133.5917938888889
 30
0.0
 10
437.8109805555556
 20
132.9853688888889
 30
0.0
 10
436.8239083333333
 20
132.2166661111111
 30
0.0
 10
436.7812222222222
 20
132.1856216666666
 30
0.0
 10
435.7881527777778
 20
132.8745966666667
 30
0.0
 10
435.0268583333333
 20
134.0278272222222
 30
0.0
 10
434.2662694444445
 20
135.1821161111111
 30
0.0
 10
433.8792722222222
 20
135.8580383333333
 30
0.0
 10
433.6930055555556
 20
136.1413188888889
 30
0.0
 10
433.324587962963
 20
136.6980022222222
 30
0.0
 10
432.9561703703703
 20
137.2546855555555
 30
0.0
 10
432.5877527777778
 20
137.8113688888889
 30
0.0
 10
431.7544916666666
 20
137.2606827777778
 30
0.0
 10
430.9212305555556
 20
136.7099966666666
 30
0.0
 10
430.0879694444445
 20
136.1593105555555
 30
0.0
 10
430.4550935185185
 20
135.6034503703704
 30
0.0
 10
430.8222175925926
 20
135.0475901851852
 30
0.0
 10
431.1893416666666
 20
134.49173
 30
0.0
 10
431.3759611111111
 20
134.2063327777778
 30
0.0
 10
431.8426861111111
 20
133.58368
 30
0.0
 10
432.6050388888889
 20
132.4300966666667
 30
0.0
 10
433.3642166666667
 20
131.2793355555555
 30
0.0
 10
433.6090444444445
 20
130.1074077777778
 30
0.0
 10
433.5649472222223
 20
130.0654272222222
 30
0.0
 10
432.7405055555556
 20
129.5881188888889
 30
0.0
 10
432.1407833333333
 20
129.3542272222222
 30
0.0
 10
431.5071944444445
 20
128.8423466666667
 30
0.0
 10
429.4490888888889
 20
127.1715911111111
 30
0.0
 10
429.9288666666667
 20
125.7012133333333
 30
0.0
 10
429.1449944444445
 20
125.3491411111111
 30
0.0
 10
429.0931361111111
 20
125.3389105555555
 30
0.0
 10
428.3949888888889
 20
126.3206911111111
 30
0.0
 10
428.0767833333334
 20
127.6647744444444
 30
0.0
 10
427.7546972222222
 20
129.0113272222222
 30
0.0
 10
427.6202888888889
 20
129.7782661111111
 30
0.0
 10
427.5412666666667
 20
130.1109355555556
 30
0.0
 10
427.3863972222222
 20
130.7598114814815
 30
0.0
 10
427.2315277777778
 20
131.4086874074074
 30
0.0
 10
427.0766583333333
 20
132.0575633333333
 30
0.0
 10
426.1047555555556
 20
131.824142037037
 30
0.0
 10
425.1328527777778
 20
131.5907207407407
 30
0.0
 10
424.16095
 20
131.3572994444444
 30
0.0
 10
424.3161722222222
 20
130.7091290740741
 30
0.0
 10
424.4713944444445
 20
130.0609587037037
 30
0.0
 10
424.6266166666667
 20
129.4127883333333
 30
0.0
 10
424.7074027777778
 20
129.08153
 30
0.0
 10
424.9342388888888
 20
128.3382272222222
 30
0.0
 10
425.2542083333333
 20
126.9916744444444
 30
0.0
 10
425.5784111111111
 20
125.6447688888889
 30
0.0
 10
425.4055499999999
 20
124.4562605555555
 30
0.0
 10
425.3498111111111
 20
124.4432077777778
 30
0.0
 10
424.0134888888889
 20
123.6127688888889
 30
0.0
 10
422.8161611111111
 20
123.420505
 30
0.0
 10
417.0313111111112
 20
131.2648716666667
 30
0.0
 10
416.709225
 20
131.7026688888889
 30
0.0
 10
416.1338444444444
 20
132.2745216666667
 30
0.0
 10
415.8343361111112
 20
132.5500411111111
 30
0.0
 10
413.5102361111112
 20
134.4063577777778
 30
0.0
 10
414.3061027777778
 20
133.4940744444444
 30
0.0
 10
407.9765638888888
 20
135.4445827777778
 30
0.0
 10
405.4309194444444
 20
136.5159688888889
 30
0.0
 10
403.8649388888889
 20
138.5754855555556
 30
0.0
 10
404.6054194444444
 20
140.330555
 30
0.0
 10
404.625175
 20
140.3799438888889
 30
0.0
 10
405.8302638888889
 20
140.3594827777778
 30
0.0
 10
407.1041444444444
 20
139.8232605555555
 30
0.0
 10
408.3794361111111
 20
139.2873911111111
 30
0.0
 10
409.0758194444444
 20
138.939905
 30
0.0
 10
409.3912027777778
 20
138.8076133333333
 30
0.0
 10
410.0057416666667
 20
138.5490272222222
 30
0.0
 10
410.6202805555556
 20
138.2904411111111
 30
0.0
 10
411.2348194444444
 20
138.031855
 30
0.0
 10
411.6224046296297
 20
138.9530753703704
 30
0.0
 10
412.0099898148148
 20
139.8742957407407
 30
0.0
 10
412.397575
 20
140.7955161111111
 30
0.0
 10
411.7829185185185
 20
141.0541022222222
 30
0.0
 10
411.168262037037
 20
141.3126883333333
 30
0.0
 10
410.5536055555556
 20
141.5712744444444
 30
0.0
 10
410.2382222222222
 20
141.7042716666666
 30
0.0
 10
409.5044444444445
 20
141.95933
 30
0.0
 10
408.2295055555556
 20
142.4966105555555
 30
0.0
 10
406.9542138888889
 20
143.0321272222222
 30
0.0
 10
406.0969638888889
 20
143.8756188888889
 30
0.0
 10
406.117425
 20
143.92783
 30
0.0
 10
406.2617111111111
 20
145.2602716666667
 30
0.0
 10
411.6108805555556
 20
149.6706994444444
 30
0.0
 10
413.0682055555556
 20
149.3835383333333
 30
0.0
  0
SPLINE
  5
C9
330
1F
100
AcDbEntity
  8
DEFAULT
 62
     1
100
AcDbSpline
210
0.0
220
0.0
230
1.0
 70
     8
 71
     3
 72
    14
 73
    10
 74
     0
 42
0.000000001
 43
0.0000000001
 40
0.0
 40
0.0
 40
0.0
 40
0.0
 40
1.0
 40
1.0
 40
1.0
 40
2.0
 40
2.0
 40
2.0
 40
3.0
 40
3.0
 40
3.0
 40
3.0
 10
440.6742308333332
 20
212.5996227777777
 30
0.0
 10
440.9345808333333
 20
213.1827644444444
 30
0.0
 10
441.5847502777777
 20
212.9975561111111
 30
0.0
 10
441.725508611111
 20
212.6606533333333
 30
0.0
 10
442.5231391666666
 20
210.7538894444444
 30
0.0
 10
443.960708611111
 20
209.7992727777778
 30
0.0
 10
445.0373863888888
 20
209.1596866666667
 30
0.0
 10
441.7756030555555
 20
206.0728811111111
 30
0.0
 10
440.0445224999999
 20
195.2771755555555
 30
0.0
 10
439.0983724999999
 20
193.1185283333333
 30
0.0
  0
SPLINE
  5
CA
330
1F
100
AcDbEntity
  8
DEFAULT
 62
     1
100
AcDbSpline
210
0.0
220
0.0
230
1.0
 70
     8
 71
     3
 72
    14
 73
    10
 74
     0
 42
0.000000001
 43
0.0000000001
 40
0.0
 40
0.0
 40
0.0
 40
0.0
 40
1.0
 40
1.0
 40
1.0
 40
2.0
 40
2.0
 40
2.0
 40
3.0
 40
3.0
 40
3.0
 40
3.0
 10
438.8848361111111
 20
175.0332697222222
 30
0.0
 10
439.016775
 20
175.6354613888889
 30
0.0
 10
439.5649916666667
 20
175.4837669444444
 30
0.0
 10
439.70575
 20
175.1475697222222
 30
0.0
 10
440.5023222222222
 20
173.2408058333333
 30
0.0
 10
441.9420083333333
 20
172.2844252777778
 30
0.0
 10
443.0179805555555
 20
171.6462502777778
 30
0.0
 10
439.7558444444444
 20
168.5601502777778
 30
0.0
 10
439.0030166666667
 20
158.9451919444444
 30
0.0
 10
438.5317055555556
 20
156.9805725
 30
0.0
  0
SPLINE
  5
CB
330
1F
100
AcDbEntity
  8
DEFAULT
 62
     1
100
AcDbSpline
210
0.0
220
0.0
230
1.0
 70
     8
 71
     3
 72
    35
 73
    31
 74
     0
 42
0.000000001
 43
0.0000000001
 40
0.0
 40
0.0
 40
0.0
 40
0.0
 40
1.0
 40
1.0
 40
1.0
 40
2.0
 40
2.0
 40
2.0
 40
3.0
 40
3.0
 40
3.0
 40
4.0
 40
4.0
 40
4.0
 40
9.667436281070973
 40
9.667436281070973
 40
9.667436281070973
 40
18.16444657881688
 40
18.16444657881688
 40
18.16444657881688
 40
23.83555378993536
 40
23.83555378993536
 40
23.83555378993536
 40
24.83555378993536
 40
24.83555378993536
 40
24.83555378993536
 40
25.83555378993536
 40
25.83555378993536
 40
25.83555378993536
 40
26.83555378993536
 40
26.83555378993536
 40
26.83555378993536
 40
26.83555378993536
 10
413.0683113888888
 20
149.3807513888889
 30
0.0
 10
410.3949613888889
 20
149.9430791666666
 30
0.0
 10
407.0742641666666
 20
148.5414930555555
 30
0.0
 10
401.9688641666666
 20
152.9635625
 30
0.0
 10
400.0684502777777
 20
154.9708680555555
 30
0.0
 10
398.0759613888888
 20
158.2241847222222
 30
0.0
 10
399.4606141666666
 20
159.5347541666667
 30
0.0
 10
399.5001252777777
 20
159.5707375
 30
0.0
 10
400.5933836111111
 20
159.0669708333333
 30
0.0
 10
401.5448252777778
 20
158.0629652777778
 30
0.0
 10
402.4948558333333
 20
157.0586069444444
 30
0.0
 10
402.9929780555555
 20
156.4602958333333
 30
0.0
 10
403.2279280555555
 20
156.2122930555556
 30
0.0
 10
403.6861863888888
 20
155.728399537037
 30
0.0
 10
404.1444447222222
 20
155.2445060185185
 30
0.0
 10
404.6027030555555
 20
154.7606125
 30
0.0
 10
405.328484537037
 20
155.4473532407407
 30
0.0
 10
406.0542660185185
 20
156.1340939814815
 30
0.0
 10
406.7800474999999
 20
156.8208347222222
 30
0.0
 10
406.3219067592592
 20
157.3054337962963
 30
0.0
 10
405.8637660185184
 20
157.7900328703704
 30
0.0
 10
405.4056252777777
 20
158.2746319444445
 30
0.0
 10
405.1713808333333
 20
158.5226347222222
 30
0.0
 10
404.6023502777777
 20
159.0525069444444
 30
0.0
 10
403.6509086111111
 20
160.0572180555556
 30
0.0
 10
402.7001724999999
 20
161.0608708333333
 30
0.0
 10
402.2549669444444
 20
162.1791763888889
 30
0.0
 10
402.2958891666666
 20
162.2193930555556
 30
0.0
 10
402.9654613888889
 20
163.3803847222222
 30
0.0
 10
405.0348558333333
 20
165.9785930555555
 30
0.0
 10
406.5405113888889
 20
165.6896680555556
 30
0.0
  0
SPLINE
  5
CC
330
1F
100
AcDbEntity
  8
DEFAULT
 62
     1
100
AcDbSpline
210
0.0
220
0.0
230
1.0
 70
     8
 71
     3
 72
    14
 73
    10
 74
     0
 42
0.000000001
 43
0.0000000001
 40
0.0
 40
0.0
 40
0.0
 40
0.0
 40
1.0
 40
1.0
 40
1.0
 40
2.0
 40
2.0
 40
2.0
 40
3.0
 40
3.0
 40
3.0
 40
3.0
 10
439.0984430555555
 20
193.1186341666667
 30
0.0
 10
439.3136374999999
 20
193.7049508333333
 30
0.0
 10
439.9175930555555
 20
193.5373813888889
 30
0.0
 10
440.0594097222221
 20
193.1997730555556
 30
0.0
 10
440.8556291666666
 20
191.2947730555556
 30
0.0
 10
442.2953152777777
 20
190.3376869444444
 30
0.0
 10
443.3702291666666
 20
189.6998647222222
 30
0.0
 10
440.1080930555555
 20
186.6137647222222
 30
0.0
 10
440.5423625
 20
178.6177036111111
 30
0.0
 10
438.8850125
 20
175.0331286111111
 30
0.0
  0
SPLINE
  5
CD
330
1F
100
AcDbEntity
  8
DEFAULT
 62
     1
100
AcDbSpline
210
0.0
220
0.0
230
1.0
 70
     8
 71
     3
 72
    35
 73
    31
 74
     0
 42
0.000000001
 43
0.0000000001
 40
0.0
 40
0.0
 40
0.0
 40
0.0
 40
1.0
 40
1.0
 40
1.0
 40
2.0
 40
2.0
 40
2.0
 40
3.0
 40
3.0
 40
3.0
 40
4.0
 40
4.0
 40
4.0
 40
9.665373862332487
 40
9.665373862332487
 40
9.665373862332487
 40
18.16739085831653
 40
18.16739085831653
 40
18.16739085831653
 40
23.83983310130155
 40
23.83983310130155
 40
23.83983310130155
 40
24.83983310130155
 40
24.83983310130155
 40
24.83983310130155
 40
25.83983310130155
 40
25.83983310130155
 40
25.83983310130155
 40
26.83983310130155
 40
26.83983310130155
 40
26.83983310130155
 40
26.83983310130155
 10
406.5405466666667
 20
165.6898091666667
 30
0.0
 10
404.6023855555555
 20
165.9752063888889
 30
0.0
 10
398.5487188888889
 20
166.3135202777777
 30
0.0
 10
394.5139994444444
 20
169.8095480555555
 30
0.0
 10
392.6142911111111
 20
171.8165008333333
 30
0.0
 10
392.0103355555555
 20
174.3325119444444
 30
0.0
 10
393.3949883333333
 20
175.6430813888889
 30
0.0
 10
393.4330883333333
 20
175.6787119444444
 30
0.0
 10
394.5277577777778
 20
175.1752980555555
 30
0.0
 10
395.4791994444444
 20
174.1705869444444
 30
0.0
 10
396.4295827777777
 20
173.1662286111111
 30
0.0
 10
396.9273522222222
 20
172.5682702777778
 30
0.0
 10
397.1623022222222
 20
172.3195619444444
 30
0.0
 10
397.6202077777778
 20
171.8356684259259
 30
0.0
 10
398.0781133333333
 20
171.3517749074074
 30
0.0
 10
398.5360188888889
 20
170.8678813888889
 30
0.0
 10
399.2623883333333
 20
171.5548573148148
 30
0.0
 10
399.9887577777778
 20
172.2418332407407
 30
0.0
 10
400.7151272222222
 20
172.9288091666666
 30
0.0
 10
400.2566337037037
 20
173.4132906481481
 30
0.0
 10
399.7981401851851
 20
173.8977721296296
 30
0.0
 10
399.3396466666666
 20
174.3822536111111
 30
0.0
 10
399.1061077777777
 20
174.6295508333333
 30
0.0
 10
398.5353133333333
 20
175.1608341666666
 30
0.0
 10
397.5852827777778
 20
176.1644869444444
 30
0.0
 10
396.6341938888889
 20
177.1695508333333
 30
0.0
 10
396.1889883333333
 20
178.2867980555556
 30
0.0
 10
396.2302633333333
 20
178.3266619444444
 30
0.0
 10
396.8980716666666
 20
179.4880063888889
 30
0.0
 10
398.7610911111111
 20
182.0502313888889
 30
0.0
 10
400.3718744444444
 20
181.6999230555555
 30
0.0
  0
SPLINE
  5
CE
330
1F
100
AcDbEntity
  8
DEFAULT
 62
     1
100
AcDbSpline
210
0.0
220
0.0
230
1.0
 70
     8
 71
     3
 72
    38
 73
    34
 74
     0
 42
0.000000001
 43
0.0000000001
 40
0.0
 40
0.0
 40
0.0
 40
0.0
 40
1.0
 40
1.0
 40
1.0
 40
2.0
 40
2.0
 40
2.0
 40
3.0
 40
3.0
 40
3.0
 40
4.0
 40
4.0
 40
4.0
 40
9.66824037951817
 40
9.66824037951817
 40
9.66824037951817
 40
18.16945276364334
 40
18.16945276364334
 40
18.16945276364334
 40
23.83624030157006
 40
23.83624030157006
 40
23.83624030157006
 40
24.83624030157006
 40
24.83624030157006
 40
24.83624030157006
 40
25.83624030157006
 40
25.83624030157006
 40
25.83624030157006
 40
26.83624030157006
 40
26.83624030157006
 40
26.83624030157006
 40
27.83624030157006
 40
27.83624030157006
 40
27.83624030157006
 40
27.83624030157006
 10
395.7229688888889
 20
199.3139411111111
 30
0.0
 10
392.3482966666666
 20
200.1154522222222
 30
0.0
 10
390.4295383333333
 20
202.7189522222222
 30
0.0
 10
386.3697716666667
 20
206.2350883333334
 30
0.0
 10
384.4693577777777
 20
208.2427466666666
 30
0.0
 10
383.8661077777778
 20
210.7573466666666
 30
0.0
 10
385.250055
 20
212.0679161111111
 30
0.0
 10
385.2892133333333
 20
212.1028411111111
 30
0.0
 10
386.3824716666666
 20
211.6001327777778
 30
0.0
 10
387.3349716666667
 20
210.5954216666667
 30
0.0
 10
388.2857077777777
 20
209.5917688888889
 30
0.0
 10
388.7845355555556
 20
208.993105
 30
0.0
 10
389.0180744444444
 20
208.745455
 30
0.0
 10
389.4760975925926
 20
208.2612087037037
 30
0.0
 10
389.9341207407408
 20
207.7769624074074
 30
0.0
 10
390.3921438888888
 20
207.2927161111111
 30
0.0
 10
391.1181605555555
 20
207.9799272222222
 30
0.0
 10
391.8441772222222
 20
208.6671383333333
 30
0.0
 10
392.5701938888889
 20
209.3543494444444
 30
0.0
 10
392.1121707407407
 20
209.8383605555556
 30
0.0
 10
391.6541475925926
 20
210.3223716666666
 30
0.0
 10
391.1961244444444
 20
210.8063827777778
 30
0.0
 10
390.9611744444444
 20
211.0550911111111
 30
0.0
 10
390.391791111111
 20
211.5849633333333
 30
0.0
 10
389.4410549999999
 20
212.5896744444444
 30
0.0
 10
388.4913772222222
 20
213.5940327777778
 30
0.0
 10
388.0454661111111
 20
214.7116327777778
 30
0.0
 10
388.0860355555556
 20
214.7511438888889
 30
0.0
 10
388.7541966666667
 20
215.9135466666667
 30
0.0
 10
390.9315411111111
 20
217.3549966666667
 30
0.0
 10
392.3310105555555
 20
218.2231827777778
 30
0.0
 10
392.857355
 20
218.5512661111111
 30
0.0
 10
393.2168355555555
 20
217.8308938888889
 30
0.0
 10
393.168505
 20
217.52433
 30
0.0
  0
SPLINE
  5
CF
330
1F
100
AcDbEntity
  8
DEFAULT
 62
     1
100
AcDbSpline
210
0.0
220
0.0
230
1.0
 70
     8
 71
     3
 72
    17
 73
    13
 74
     0
 42
0.000000001
 43
0.0000000001
 40
0.0
 40
0.0
 40
0.0
 40
0.0
 40
1.0
 40
1.0
 40
1.0
 40
2.0
 40
2.0
 40
2.0
 40
3.0
 40
3.0
 40
3.0
 40
4.0
 40
4.0
 40
4.0
 40
4.0
 10
438.6212758333333
 20
224.7084377777778
 30
0.0
 10
439.3455286111111
 20
225.444685
 30
0.0
 10
442.2457147222221
 20
230.9399044444444
 30
0.0
 10
443.6374230555555
 20
233.4696738888889
 30
0.0
 10
443.9517480555555
 20
234.0408211111111
 30
0.0
 10
444.6121480555555
 20
233.8534961111111
 30
0.0
 10
444.7539647222222
 20
233.5151822222222
 30
0.0
 10
445.5498313888889
 20
231.6094766666666
 30
0.0
 10
446.9884591666666
 20
230.6538016666666
 30
0.0
 10
448.0654897222222
 20
230.0152738888889
 30
0.0
 10
444.8022952777777
 20
226.9277627777778
 30
0.0
 10
441.5334563888889
 20
214.6066461111111
 30
0.0
 10
440.6740897222222
 20
212.5996933333333
 30
0.0
  0
SPLINE
  5
D0
330
1F
100
AcDbEntity
  8
DEFAULT
 62
     1
100
AcDbSpline
210
0.0
220
0.0
230
1.0
 70
    11
 71
     3
 72
    74
 73
    70
 74
     0
 42
0.000000001
 43
0.0000000001
 40
1.0
 40
1.0
 40
1.0
 40
1.0
 40
2.0
 40
2.0
 40
2.0
 40
3.0
 40
3.0
 40
3.0
 40
4.0
 40
4.0
 40
4.0
 40
5.0
 40
5.0
 40
5.0
 40
6.0
 40
6.0
 40
6.0
 40
7.0
 40
7.0
 40
7.0
 40
8.0
 40
8.0
 40
8.0
 40
9.0
 40
9.0
 40
9.0
 40
10.0
 40
10.0
 40
10.0
 40
11.0
 40
11.0
 40
11.0
 40
15.25163780207099
 40
15.25163780207099
 40
15.25163780207099
 40
16.251637802071
 40
16.251637802071
 40
16.251637802071
 40
17.251637802071
 40
17.251637802071
 40
17.251637802071
 40
22.9188371985985
 40
22.9188371985985
 40
22.9188371985985
 40
31.41653206250131
 40
31.41653206250131
 40
31.41653206250131
 40
37.08058688215124
 40
37.08058688215124
 40
37.08058688215124
 40
38.08058688215124
 40
38.08058688215124
 40
38.08058688215124
 40
39.08058688215124
 40
39.08058688215124
 40
39.08058688215124
 40
47.96476973709061
 40
47.96476973709061
 40
47.96476973709061
 40
48.96476973709061
 40
48.96476973709061
 40
48.96476973709061
 40
49.96476973709061
 40
49.96476973709061
 40
49.96476973709061
 40
50.96476973709061
 40
50.96476973709061
 40
50.96476973709061
 40
51.96476973709061
 40
51.96476973709061
 40
51.96476973709061
 40
51.96476973709061
 10
417.7843152777778
 20
214.7434886111111
 30
0.0
 10
407.9044208333333
 20
212.3520080555556
 30
0.0
 10
410.3696319444444
 20
206.8426775
 30
0.0
 10
394.8717513888889
 20
212.2546413888889
 30
0.0
 10
392.8993708333334
 20
212.9443219444444
 30
0.0
 10
392.3970152777778
 20
216.9402358333333
 30
0.0
 10
394.1016375
 20
220.6750941666667
 30
0.0
 10
394.2519208333334
 20
221.8808886111111
 30
0.0
 10
395.5102791666667
 20
223.2030997222222
 30
0.0
 10
395.9364347222222
 20
223.8515052777778
 30
0.0
 10
396.1103541666666
 20
224.1146775
 30
0.0
 10
396.2564041666667
 20
223.8885469444444
 30
0.0
 10
396.2722791666666
 20
223.7121580555556
 30
0.0
 10
396.5393319444444
 20
220.8349025
 30
0.0
 10
397.3136791666666
 20
220.4810663888889
 30
0.0
 10
398.3716597222222
 20
219.9998775
 30
0.0
 10
399.0306486111111
 20
221.4427386111111
 30
0.0
 10
400.3750847222223
 20
223.5428247222222
 30
0.0
 10
400.4777430555555
 20
222.9152330555555
 30
0.0
 10
400.5782847222222
 20
222.2883469444444
 30
0.0
 10
402.3830958333334
 20
219.0180969444444
 30
0.0
 10
402.3830958333334
 20
219.0180969444444
 30
0.0
 10
403.1602652777778
 20
220.7227191666666
 30
0.0
 10
404.5075236111111
 20
221.9740219444444
 30
0.0
 10
404.8772347222222
 20
221.9376858333333
 30
0.0
 10
405.2508263888889
 20
221.9024080555556
 30
0.0
 10
405.7281347222223
 20
219.5514969444444
 30
0.0
 10
406.9974291666667
 20
219.3606441666666
 30
0.0
 10
408.2677819444444
 20
219.1690858333333
 30
0.0
 10
414.6901013888889
 20
220.0157525
 30
0.0
 10
415.3833097222222
 20
221.5337552777778
 30
0.0
 10
415.6911671296296
 20
221.9276904629629
 30
0.0
 10
415.999024537037
 20
222.3216256481481
 30
0.0
 10
416.3068819444444
 20
222.7155608333333
 30
0.0
 10
416.3294597222222
 20
222.7684775
 30
0.0
 10
417.5327847222222
 20
222.7099163888889
 30
0.0
 10
418.7907902777778
 20
222.1366525
 30
0.0
 10
420.0491486111111
 20
221.5619775
 30
0.0
 10
420.7342430555556
 20
221.1968525
 30
0.0
 10
421.0457458333333
 20
221.0543302777778
 30
0.0
 10
421.6521708333333
 20
220.7779876851852
 30
0.0
 10
422.2585958333333
 20
220.5016450925926
 30
0.0
 10
422.8650208333333
 20
220.2253025
 30
0.0
 10
423.279299537037
 20
221.1346460185185
 30
0.0
 10
423.6935782407407
 20
222.043989537037
 30
0.0
 10
424.1078569444444
 20
222.9533330555556
 30
0.0
 10
423.5017847222222
 20
223.2295580555556
 30
0.0
 10
422.8957125
 20
223.5057830555556
 30
0.0
 10
422.2896402777778
 20
223.7820080555555
 30
0.0
 10
421.9781374999999
 20
223.9248830555555
 30
0.0
 10
421.2517680555555
 20
224.2011080555556
 30
0.0
 10
419.9934097222222
 20
224.7761358333333
 30
0.0
 10
418.7346986111111
 20
225.3501052777778
 30
0.0
 10
417.9046124999999
 20
226.2211136111111
 30
0.0
 10
417.9257791666667
 20
226.2694441666667
 30
0.0
 10
418.4517708333333
 20
227.1720849074074
 30
0.0
 10
418.9777625
 20
228.0747256481482
 30
0.0
 10
419.5037541666667
 20
228.9773663888889
 30
0.0
 10
430.1590541666666
 20
224.1182052777777
 30
0.0
 10
431.7095125
 20
223.1854608333333
 30
0.0
 10
437.5052986111111
 20
225.2587358333333
 30
0.0
 10
438.5424652777778
 20
225.6287997222222
 30
0.0
 10
439.2155652777778
 20
225.4054913888889
 30
0.0
 10
438.6211347222222
 20
224.7084025
 30
0.0
 10
436.4247402777777
 20
222.1352413888889
 30
0.0
 10
435.1547402777778
 20
216.7077552777778
 30
0.0
 10
430.2641819444444
 20
215.9715080555555
 30
0.0
 10
424.6585430555556
 20
215.1301330555555
 30
0.0
 10
420.3193763888888
 20
215.3206330555555
 30
0.0
 10
417.7843152777778
 20
214.7434886111111
 30
0.0
  0
SPLINE
  5
D1
330
1F
100
AcDbEntity
  8
DEFAULT
 62
     1
100
AcDbSpline
210
0.0
220
0.0
230
1.0
 70
    11
 71
     3
 72
    80
 73
    76
 74
     0
 42
0.000000001
 43
0.0000000001
 40
1.0
 40
1.0
 40
1.0
 40
1.0
 40
2.0
 40
2.0
 40
2.0
 40
3.0
 40
3.0
 40
3.0
 40
4.0
 40
4.0
 40
4.0
 40
9.658999999999992
 40
9.658999999999992
 40
9.658999999999992
 40
18.15899999999999
 40
18.15899999999999
 40
18.15899999999999
 40
23.82900000000006
 40
23.82900000000006
 40
23.82900000000006
 40
24.82900000000006
 40
24.82900000000006
 40
24.82900000000006
 40
25.82900000000006
 40
25.82900000000006
 40
25.82900000000006
 40
26.82900000000006
 40
26.82900000000006
 40
26.82900000000006
 40
27.82900000000006
 40
27.82900000000006
 40
27.82900000000006
 40
28.82900000000006
 40
28.82900000000006
 40
28.82900000000006
 40
29.82900000000006
 40
29.82900000000006
 40
29.82900000000006
 40
30.82900000000006
 40
30.82900000000006
 40
30.82900000000006
 40
31.82900000000006
 40
31.82900000000006
 40
31.82900000000006
 40
32.82900000000006
 40
32.82900000000006
 40
32.82900000000006
 40
33.82900000000006
 40
33.82900000000006
 40
33.82900000000006
 40
34.82900000000006
 40
34.82900000000006
 40
34.82900000000006
 40
35.82900000000006
 40
35.82900000000006
 40
35.82900000000006
 40
36.82900000000006
 40
36.82900000000006
 40
36.82900000000006
 40
37.82900000000006
 40
37.82900000000006
 40
37.82900000000006
 40
38.82900000000006
 40
38.82900000000006
 40
38.82900000000006
 40
39.82900000000006
 40
39.82900000000006
 40
39.82900000000006
 40
40.82900000000006
 40
40.82900000000006
 40
40.82900000000006
 40
41.82900000000006
 40
41.82900000000006
 40
41.82900000000006
 40
42.82900000000006
 40
42.82900000000006
 40
42.82900000000006
 40
42.82900000000006
 10
284.7116338888889
 20
214.6921594444444
 30
0.0
 10
283.8579116666667
 20
213.7999844444444
 30
0.0
 10
281.804745
 20
213.441915
 30
0.0
 10
280.9827727777777
 20
214.2533038888888
 30
0.0
 10
280.8628283333333
 20
214.5002483333333
 30
0.0
 10
280.5280422222222
 20
215.4986094444444
 30
0.0
 10
280.5280422222222
 20
216.6945261111111
 30
0.0
 10
280.5280422222222
 20
218.0777677777778
 30
0.0
 10
280.5767255555555
 20
218.8535261111111
 30
0.0
 10
280.5767255555555
 20
219.1960733333333
 30
0.0
 10
280.5767255555555
 20
219.8615298148148
 30
0.0
 10
280.5767255555555
 20
220.5269862962963
 30
0.0
 10
280.5767255555555
 20
221.1924427777778
 30
0.0
 10
279.5771885185185
 20
221.1924427777778
 30
0.0
 10
278.5776514814814
 20
221.1924427777778
 30
0.0
 10
277.5781144444444
 20
221.1924427777778
 30
0.0
 10
277.5781144444444
 20
220.5256927777777
 30
0.0
 10
277.5781144444444
 20
219.8589427777777
 30
0.0
 10
277.5781144444444
 20
219.1921927777777
 30
0.0
 10
277.5781144444444
 20
218.8535261111111
 30
0.0
 10
277.6243283333333
 20
218.0777677777778
 30
0.0
 10
277.6243283333333
 20
216.6945261111111
 30
0.0
 10
277.6243283333333
 20
215.3998316666666
 30
0.0
 10
277.2366255555555
 20
214.3312677777778
 30
0.0
 10
277.1413755555556
 20
214.2074427777777
 30
0.0
 10
276.4848561111111
 20
213.568915
 30
0.0
 10
273.9448561111111
 20
214.4861372222222
 30
0.0
 10
273.5426894444444
 20
214.9129983333333
 30
0.0
 10
272.1633283333333
 20
216.3840816666666
 30
0.0
 10
273.9416811111111
 20
216.3699705555555
 30
0.0
 10
273.7899866666667
 20
218.9064427777778
 30
0.0
 10
273.5853755555555
 20
222.363665
 30
0.0
 10
268.3004116666667
 20
221.220665
 30
0.0
 10
269.7647922222222
 20
219.6229344444444
 30
0.0
 10
271.2214116666667
 20
218.0354344444444
 30
0.0
 10
269.8529866666667
 20
217.1393788888889
 30
0.0
 10
268.1310783333333
 20
214.8353872222222
 30
0.0
 10
267.7430227777778
 20
214.3132761111111
 30
0.0
 10
267.5207727777777
 20
214.4335733333333
 30
0.0
 10
267.2561894444444
 20
214.7122677777778
 30
0.0
 10
267.0692172222222
 20
214.9306372222222
 30
0.0
 10
266.7661811111111
 20
215.1740538888889
 30
0.0
 10
266.3534311111111
 20
215.5832761111111
 30
0.0
 10
265.4323283333333
 20
216.5361288888888
 30
0.0
 10
261.5549477777778
 20
222.585915
 30
0.0
 10
265.5487449999999
 20
223.7081011111111
 30
0.0
 10
267.93317
 20
224.3780261111111
 30
0.0
 10
271.5491422222222
 20
226.1352122222222
 30
0.0
 10
272.216245
 20
226.8580538888889
 30
0.0
 10
273.8217366666667
 20
228.3714705555555
 30
0.0
 10
275.9768561111111
 20
227.8070261111111
 30
0.0
 10
277.1198561111111
 20
228.7810455555555
 30
0.0
 10
278.5027449999999
 20
229.8919427777778
 30
0.0
 10
280.1717366666666
 20
230.0581011111111
 30
0.0
 10
281.0289866666666
 20
228.7842205555555
 30
0.0
 10
281.8541338888888
 20
227.9693038888888
 30
0.0
 10
283.360495
 20
227.888165
 30
0.0
 10
284.2106894444444
 20
228.7842205555555
 30
0.0
 10
287.2272922222222
 20
231.0349427777778
 30
0.0
 10
290.6136061111111
 20
225.0451288888889
 30
0.0
 10
294.6074033333333
 20
223.4643316666666
 30
0.0
 10
296.3917533333333
 20
222.7587761111111
 30
0.0
 10
296.7025505555555
 20
222.4095261111111
 30
0.0
 10
296.1984311111111
 20
222.3111011111111
 30
0.0
 10
295.2314672222222
 20
222.1237761111111
 30
0.0
 10
291.2800033333333
 20
222.8540261111111
 30
0.0
 10
288.9629588888889
 20
223.728915
 30
0.0
 10
285.0859311111111
 20
225.1932955555556
 30
0.0
 10
284.5994505555556
 20
218.0223816666667
 30
0.0
 10
284.7895977777778
 20
216.7125177777777
 30
0.0
 10
284.8728533333333
 20
216.1371372222222
 30
0.0
 10
284.9783338888889
 20
215.7617816666666
 30
0.0
 10
284.9995005555555
 20
215.4753261111111
 30
0.0
 10
285.0231366666666
 20
215.1684094444444
 30
0.0
 10
284.9624588888889
 20
214.9546261111111
 30
0.0
 10
284.7116338888889
 20
214.6921594444444
 30
0.0
  0
SPLINE
  5
D2
330
1F
100
AcDbEntity
  8
DEFAULT
 62
     1
100
AcDbSpline
210
0.0
220
0.0
230
1.0
 70
     8
 71
     3
 72
    71
 73
    67
 74
     0
 42
0.000000001
 43
0.0000000001
 40
0.0
 40
0.0
 40
0.0
 40
0.0
 40
1.0
 40
1.0
 40
1.0
 40
2.0
 40
2.0
 40
2.0
 40
3.0
 40
3.0
 40
3.0
 40
4.0
 40
4.0
 40
4.0
 40
9.659203565873995
 40
9.659203565873995
 40
9.659203565873995
 40
18.16050846571138
 40
18.16050846571138
 40
18.16050846571138
 40
23.82971167251217
 40
23.82971167251217
 40
23.82971167251217
 40
24.82971167251217
 40
24.82971167251217
 40
24.82971167251217
 40
25.82971167251217
 40
25.82971167251217
 40
25.82971167251217
 40
26.82971167251217
 40
26.82971167251217
 40
26.82971167251217
 40
27.82971167251217
 40
27.82971167251217
 40
27.82971167251217
 40
28.82971167251217
 40
28.82971167251217
 40
28.82971167251217
 40
29.82971167251217
 40
29.82971167251217
 40
29.82971167251217
 40
30.82971167251217
 40
30.82971167251217
 40
30.82971167251217
 40
31.82971167251217
 40
31.82971167251217
 40
31.82971167251217
 40
32.82971167251218
 40
32.82971167251218
 40
32.82971167251218
 40
33.82971167251218
 40
33.82971167251218
 40
33.82971167251218
 40
34.82971167251218
 40
34.82971167251218
 40
34.82971167251218
 40
35.82971167251218
 40
35.82971167251218
 40
35.82971167251218
 40
36.82971167251218
 40
36.82971167251218
 40
36.82971167251218
 40
37.82971167251218
 40
37.82971167251218
 40
37.82971167251218
 40
38.82971167251218
 40
38.82971167251218
 40
38.82971167251218
 40
38.82971167251218
 10
267.2560483333333
 20
214.7118091666666
 30
0.0
 10
267.4571316666667
 20
214.4786230555555
 30
0.0
 10
267.5350955555555
 20
214.2704841666666
 30
0.0
 10
267.4888816666666
 20
213.9106508333333
 30
0.0
 10
267.3311899999999
 20
212.6858063888888
 30
0.0
 10
265.8904455555555
 20
211.1794452777777
 30
0.0
 10
264.7474455555555
 20
211.3452508333333
 30
0.0
 10
264.5040288888889
 20
211.4726036111111
 30
0.0
 10
263.6421927777777
 20
212.0776175
 30
0.0
 10
262.9331094444444
 20
213.0403480555555
 30
0.0
 10
262.1125483333333
 20
214.1537147222222
 30
0.0
 10
261.6916844444444
 20
214.8074119444444
 30
0.0
 10
261.4888372222222
 20
215.0832841666666
 30
0.0
 10
261.0940788888889
 20
215.6190360185185
 30
0.0
 10
260.6993205555555
 20
216.1547878703704
 30
0.0
 10
260.3045622222222
 20
216.6905397222222
 30
0.0
 10
259.4997585185185
 20
216.0975202777778
 30
0.0
 10
258.6949548148148
 20
215.5045008333333
 30
0.0
 10
257.8901511111111
 20
214.9114813888889
 30
0.0
 10
258.285615
 20
214.3747887962963
 30
0.0
 10
258.6810788888889
 20
213.8380962037037
 30
0.0
 10
259.0765427777777
 20
213.3014036111111
 30
0.0
 10
259.2779788888889
 20
213.0287063888889
 30
0.0
 10
259.77469
 20
212.4314536111111
 30
0.0
 10
260.5952511111111
 20
211.3180869444444
 30
0.0
 10
261.3636011111111
 20
210.2759813888889
 30
0.0
 10
261.6853344444444
 20
209.1851924999999
 30
0.0
 10
261.6818066666666
 20
209.0296175
 30
0.0
 10
261.5322288888888
 20
208.1261536111111
 30
0.0
 10
258.9438983333333
 20
207.3574508333333
 30
0.0
 10
258.3664011111111
 20
207.4625786111111
 30
0.0
 10
256.3834372222222
 20
207.8284091666666
 30
0.0
 10
257.8234761111111
 20
208.8715730555556
 30
0.0
 10
256.1964649999999
 20
210.8238452777778
 30
0.0
 10
253.9806677777778
 20
213.4855536111111
 30
0.0
 10
250.4045594444444
 20
209.4303730555555
 30
0.0
 10
252.5311038888889
 20
209.0130369444444
 30
0.0
 10
254.6456538888889
 20
208.5988758333333
 30
0.0
 10
254.0752122222222
 20
207.0657036111111
 30
0.0
 10
254.0558094444444
 20
204.1898591666666
 30
0.0
 10
254.0536927777777
 20
203.5393369444444
 30
0.0
 10
253.8028677777777
 20
203.5040591666667
 30
0.0
 10
253.42469
 20
203.5717925
 30
0.0
 10
253.1449372222222
 20
203.6363508333333
 30
0.0
 10
252.7561761111111
 20
203.6525786111111
 30
0.0
 10
252.1811483333333
 20
203.7372452777777
 30
0.0
 10
250.8744594444444
 20
203.9577313888888
 30
0.0
 10
244.1642733333333
 20
206.5284230555555
 30
0.0
 10
246.7137983333333
 20
209.8004369444444
 30
0.0
 10
248.2356816666667
 20
211.7544730555555
 30
0.0
 10
250.1043455555555
 20
215.3140008333333
 30
0.0
 10
250.2122955555555
 20
216.2919008333333
 30
0.0
 10
250.6067011111111
 20
218.4625425
 30
0.0
 10
252.6771538888889
 20
219.2869841666667
 30
0.0
 10
253.0197011111111
 20
220.7488952777777
 30
0.0
 10
253.4737261111111
 20
222.4637480555556
 30
0.0
 10
254.7186788888889
 20
223.5869925
 30
0.0
 10
256.1643622222222
 20
223.0701730555555
 30
0.0
 10
257.3123011111111
 20
222.9040147222222
 30
0.0
 10
258.5731288888888
 20
223.7323369444444
 30
0.0
 10
258.7251761111111
 20
224.9582397222222
 30
0.0
 10
259.8187872222222
 20
228.5590424999999
 30
0.0
 10
266.0985844444444
 20
225.7463452777777
 30
0.0
 10
270.2511316666667
 20
226.8427786111111
 30
0.0
 10
272.1067427777778
 20
227.3338452777778
 30
0.0
 10
272.56359
 20
227.2368313888889
 30
0.0
 10
272.2164566666667
 20
226.8583008333333
 30
0.0
  0
SPLINE
  5
D3
330
1F
100
AcDbEntity
  8
DEFAULT
 62
     1
100
AcDbSpline
210
0.0
220
0.0
230
1.0
 70
    11
 71
     3
 72
    80
 73
    76
 74
     0
 42
0.000000001
 43
0.0000000001
 40
1.0
 40
1.0
 40
1.0
 40
1.0
 40
2.0
 40
2.0
 40
2.0
 40
3.0
 40
3.0
 40
3.0
 40
4.0
 40
4.0
 40
4.0
 40
9.660621167327838
 40
9.660621167327838
 40
9.660621167327838
 40
18.16134325430375
 40
18.16134325430375
 40
18.16134325430375
 40
23.82971171445176
 40
23.82971171445176
 40
23.82971171445176
 40
24.82971171445176
 40
24.82971171445176
 40
24.82971171445176
 40
25.82971171445176
 40
25.82971171445176
 40
25.82971171445176
 40
26.82971171445176
 40
26.82971171445176
 40
26.82971171445176
 40
27.82971171445176
 40
27.82971171445176
 40
27.82971171445176
 40
28.82971171445176
 40
28.82971171445176
 40
28.82971171445176
 40
29.82971171445176
 40
29.82971171445176
 40
29.82971171445176
 40
30.82971171445176
 40
30.82971171445176
 40
30.82971171445176
 40
31.82971171445176
 40
31.82971171445176
 40
31.82971171445176
 40
32.82971171445176
 40
32.82971171445176
 40
32.82971171445176
 40
33.82971171445176
 40
33.82971171445176
 40
33.82971171445176
 40
34.82971171445176
 40
34.82971171445176
 40
34.82971171445176
 40
35.82971171445176
 40
35.82971171445176
 40
35.82971171445176
 40
36.82971171445176
 40
36.82971171445176
 40
36.82971171445176
 40
37.82971171445176
 40
37.82971171445176
 40
37.82971171445176
 40
38.82971171445176
 40
38.82971171445176
 40
38.82971171445176
 40
39.82971171445176
 40
39.82971171445176
 40
39.82971171445176
 40
40.82971171445176
 40
40.82971171445176
 40
40.82971171445176
 40
41.82971171445176
 40
41.82971171445176
 40
41.82971171445176
 40
42.82971171445176
 40
42.82971171445176
 40
42.82971171445176
 40
42.82971171445176
 10
304.7038680555555
 20
213.5986894444444
 30
0.0
 10
304.7211541666666
 20
212.3636144444444
 30
0.0
 10
305.9812763888888
 20
210.703795
 30
0.0
 10
307.1359180555555
 20
210.7383672222222
 30
0.0
 10
307.3920347222222
 20
210.837145
 30
0.0
 10
308.3170180555555
 20
211.3405588888889
 30
0.0
 10
309.1312291666666
 20
212.2161533333333
 30
0.0
 10
310.0731458333333
 20
213.2289783333333
 30
0.0
 10
310.5656236111111
 20
213.8304644444444
 30
0.0
 10
310.7984569444444
 20
214.0812894444444
 30
0.0
 10
311.2516587962963
 20
214.5688283333333
 30
0.0
 10
311.7048606481481
 20
215.0563672222222
 30
0.0
 10
312.1580625
 20
215.5439061111111
 30
0.0
 10
312.8899587962962
 20
214.863045
 30
0.0
 10
313.6218550925926
 20
214.1821838888889
 30
0.0
 10
314.3537513888888
 20
213.5013227777778
 30
0.0
 10
313.8998439814814
 20
213.0131959259259
 30
0.0
 10
313.445936574074
 20
212.5250690740741
 30
0.0
 10
312.9920291666666
 20
212.0369422222222
 30
0.0
 10
312.7613125
 20
211.7889394444444
 30
0.0
 10
312.1993375
 20
211.2520116666666
 30
0.0
 10
311.2574208333333
 20
210.2395394444444
 30
0.0
 10
310.3754763888888
 20
209.29092
 30
0.0
 10
309.9323874999999
 20
208.2438755555555
 30
0.0
 10
309.9175708333333
 20
208.089006111111
 30
0.0
 10
309.9637847222222
 20
207.1746061111111
 30
0.0
 10
312.4480458333333
 20
206.1169783333333
 30
0.0
 10
313.0333041666666
 20
206.1554311111111
 30
0.0
 10
315.0455486111111
 20
206.2933672222222
 30
0.0
 10
313.7335680555555
 20
207.4935172222222
 30
0.0
 10
315.5722458333333
 20
209.2482338888888
 30
0.0
 10
318.0759097222221
 20
211.6407727777778
 30
0.0
 10
321.1676541666666
 20
207.204945
 30
0.0
 10
319.0075958333333
 20
207.0320838888888
 30
0.0
 10
316.8595319444444
 20
206.8609866666666
 30
0.0
 10
317.2518208333333
 20
205.2720755555555
 30
0.0
 10
316.9438458333333
 20
202.4135172222222
 30
0.0
 10
316.8725847222222
 20
201.7665227777778
 30
0.0
 10
317.1174124999999
 20
201.7030227777777
 30
0.0
 10
317.5005291666666
 20
201.7273644444444
 30
0.0
 10
317.7862791666666
 20
201.7601727777777
 30
0.0
 10
318.1743347222222
 20
201.7319505555555
 30
0.0
 10
318.7553597222222
 20
201.7499422222222
 30
0.0
 10
320.0782763888889
 20
201.8208505555555
 30
0.0
 10
327.0375236111111
 20
203.6115505555555
 30
0.0
 10
324.8767597222222
 20
207.1530866666666
 30
0.0
 10
323.586298611111
 20
209.2672838888888
 30
0.0
 10
322.1349708333333
 20
213.0166061111111
 30
0.0
 10
322.1388513888888
 20
213.9997977777777
 30
0.0
 10
321.9942124999999
 20
216.2014838888889
 30
0.0
 10
320.0310041666666
 20
217.2552311111111
 30
0.0
 10
319.8567319444444
 20
218.7474811111111
 30
0.0
 10
319.6009680555555
 20
220.5021977777777
 30
0.0
 10
318.4918347222222
 20
221.7602033333333
 30
0.0
 10
316.9967624999999
 20
221.4113061111111
 30
0.0
 10
315.8375347222222
 20
221.3760283333333
 30
0.0
 10
314.6790124999999
 20
222.3426394444444
 30
0.0
 10
314.6663124999999
 20
223.5777144444444
 30
0.0
 10
313.9900375
 20
227.2797644444444
 30
0.0
 10
307.4308402777777
 20
225.1997866666666
 30
0.0
 10
303.4303402777778
 20
226.7615338888889
 30
0.0
 10
301.6428152777777
 20
227.4600338888889
 30
0.0
 10
301.1775013888889
 20
227.4159366666667
 30
0.0
 10
301.4798319444444
 20
226.9996588888888
 30
0.0
 10
302.0601513888888
 20
226.2044977777777
 30
0.0
 10
305.4510513888889
 20
224.0486727777777
 30
0.0
 10
307.7441069444444
 20
223.111695
 30
0.0
 10
311.5805652777777
 20
221.5439505555555
 30
0.0
 10
307.0537208333333
 20
215.961595
 30
0.0
 10
306.0225513888889
 20
215.1311561111111
 30
0.0
 10
305.5695847222221
 20
214.7663838888888
 30
0.0
 10
305.2369152777777
 20
214.5638894444444
 30
0.0
 10
305.0259541666666
 20
214.3680977777778
 30
0.0
 10
304.7998236111111
 20
214.1592533333333
 30
0.0
 10
304.6989291666666
 20
213.9616977777777
 30
0.0
 10
304.7038680555555
 20
213.5986894444444
 30
0.0
  0
SPLINE
  5
D4
330
1F
100
AcDbEntity
  8
DEFAULT
 62
     1
100
AcDbSpline
210
0.0
220
0.0
230
1.0
 70
     8
 71
     3
 72
    71
 73
    67
 74
     0
 42
0.000000001
 43
0.0000000001
 40
0.0
 40
0.0
 40
0.0
 40
0.0
 40
1.0
 40
1.0
 40
1.0
 40
2.0
 40
2.0
 40
2.0
 40
3.0
 40
3.0
 40
3.0
 40
4.0
 40
4.0
 40
4.0
 40
9.660056978511797
 40
9.660056978511797
 40
9.660056978511797
 40
18.15982097523544
 40
18.15982097523544
 40
18.15982097523544
 40
23.82946382112962
 40
23.82946382112962
 40
23.82946382112962
 40
24.82946382112962
 40
24.82946382112962
 40
24.82946382112962
 40
25.82946382112962
 40
25.82946382112962
 40
25.82946382112962
 40
26.82946382112962
 40
26.82946382112962
 40
26.82946382112962
 40
27.82946382112962
 40
27.82946382112962
 40
27.82946382112962
 40
28.82946382112962
 40
28.82946382112962
 40
28.82946382112962
 40
29.82946382112962
 40
29.82946382112962
 40
29.82946382112962
 40
30.82946382112962
 40
30.82946382112962
 40
30.82946382112962
 40
31.82946382112962
 40
31.82946382112962
 40
31.82946382112962
 40
32.82946382112962
 40
32.82946382112962
 40
32.82946382112962
 40
33.82946382112962
 40
33.82946382112962
 40
33.82946382112962
 40
34.82946382112962
 40
34.82946382112962
 40
34.82946382112962
 40
35.82946382112962
 40
35.82946382112962
 40
35.82946382112962
 40
36.82946382112962
 40
36.82946382112962
 40
36.82946382112962
 40
37.82946382112962
 40
37.82946382112962
 40
37.82946382112962
 40
38.82946382112962
 40
38.82946382112962
 40
38.82946382112962
 40
38.82946382112962
 10
317.5003527777777
 20
201.7272586111111
 30
0.0
 10
317.1944944444444
 20
201.6933919444444
 30
0.0
 10
316.9955277777777
 20
201.5935558333333
 30
0.0
 10
316.7845666666666
 20
201.2986336111111
 30
0.0
 10
316.0663111111111
 20
200.2942752777778
 30
0.0
 10
316.0952388888888
 20
198.2100641666666
 30
0.0
 10
317.0456222222222
 20
197.5531919444444
 30
0.0
 10
317.3105583333333
 20
197.4808724999999
 30
0.0
 10
318.3537222222222
 20
197.3376447222222
 30
0.0
 10
319.5284722222222
 20
197.5595419444444
 30
0.0
 10
320.8873722222222
 20
197.8156586111111
 30
0.0
 10
321.6405527777777
 20
198.0079225
 30
0.0
 10
321.9767499999999
 20
198.0721280555555
 30
0.0
 10
322.6308
 20
198.1954826851852
 30
0.0
 10
323.2848499999999
 20
198.3188373148148
 30
0.0
 10
323.9388999999999
 20
198.4421919444444
 30
0.0
 10
324.124461111111
 20
197.4600586111111
 30
0.0
 10
324.3100222222221
 20
196.4779252777778
 30
0.0
 10
324.4955833333333
 20
195.4957919444444
 30
0.0
 10
323.840475
 20
195.3719669444444
 30
0.0
 10
323.1853666666667
 20
195.2481419444444
 30
0.0
 10
322.5302583333333
 20
195.1243169444444
 30
0.0
 10
322.1968833333333
 20
195.0618752777777
 30
0.0
 10
321.4267694444444
 20
194.9630975
 30
0.0
 10
320.0675166666666
 20
194.7062752777777
 30
0.0
 10
318.7954
 20
194.4660336111111
 30
0.0
 10
317.8167944444444
 20
193.8860669444444
 30
0.0
 10
317.7134305555555
 20
193.7703558333333
 30
0.0
 10
317.2079
 20
193.0062391666666
 30
0.0
 10
318.5805583333333
 20
190.6810808333333
 30
0.0
 10
319.0747999999999
 20
190.3646391666666
 30
0.0
 10
320.7758944444444
 20
189.2823169444444
 30
0.0
 10
320.431936111111
 20
191.0271558333333
 30
0.0
 10
322.9521805555555
 20
191.3492419444444
 30
0.0
 10
326.3875305555555
 20
191.7888030555555
 30
0.0
 10
326.2450083333333
 20
186.3849530555555
 30
0.0
 10
324.4035083333333
 20
187.5272475
 30
0.0
 10
322.5732972222222
 20
188.6635447222222
 30
0.0
 10
321.9467638888889
 20
187.1525975
 30
0.0
 10
320.0026055555555
 20
185.0331086111111
 30
0.0
 10
319.5616333333333
 20
184.5547419444444
 30
0.0
 10
319.7210888888889
 20
184.3582447222222
 30
0.0
 10
320.0438805555555
 20
184.1508113888889
 30
0.0
 10
320.2929416666666
 20
184.0072308333333
 30
0.0
 10
320.5885694444444
 20
183.7549947222222
 30
0.0
 10
321.0676416666666
 20
183.4247947222222
 30
0.0
 10
322.1743055555555
 20
182.6966613888889
 30
0.0
 10
328.8393361111111
 20
180.0099058333333
 30
0.0
 10
329.2002277777777
 20
184.1419919444444
 30
0.0
 10
329.4161277777778
 20
186.6093197222222
 30
0.0
 10
330.4719916666666
 20
190.4891697222222
 30
0.0
 10
331.0579555555555
 20
191.2783336111111
 30
0.0
 10
332.247875
 20
193.1364141666666
 30
0.0
 10
331.2925527777778
 20
195.1497169444444
 30
0.0
 10
332.0372666666667
 20
196.4542891666666
 30
0.0
 10
332.8726444444444
 20
198.0192113888889
 30
0.0
 10
332.7255361111111
 20
199.6892613888888
 30
0.0
 10
331.3154833333333
 20
200.2949808333333
 30
0.0
 10
330.3612194444444
 20
200.9553808333333
 30
0.0
 10
330.0020916666666
 20
202.4204669444444
 30
0.0
 10
330.7252861111111
 20
203.4216502777778
 30
0.0
 10
332.3762861111111
 20
206.8040836111111
 30
0.0
 10
325.8622444444444
 20
209.0198808333333
 30
0.0
 10
323.5670722222222
 20
212.6506697222222
 30
0.0
 10
322.5429583333333
 20
214.2734474999999
 30
0.0
 10
322.1425555555555
 20
214.5133363888889
 30
0.0
 10
322.138675
 20
213.9996919444444
 30
0.0
  0
SPLINE
  5
D5
330
1F
100
AcDbEntity
  8
DEFAULT
 62
     7
100
AcDbSpline
210
0.0
220
0.0
230
1.0
 70
    11
 71
     3
 72
    26
 73
    22
 74
     0
 42
0.000000001
 43
0.0000000001
 40
1.0
 40
1.0
 40
1.0
 40
1.0
 40
2.0
 40
2.0
 40
2.0
 40
3.0
 40
3.0
 40
3.0
 40
4.0
 40
4.0
 40
4.0
 40
11.7675682810001
 40
11.7675682810001
 40
11.7675682810001
 40
19.12713905652764
 40
19.12713905652764
 40
19.12713905652764
 40
37.30119804179563
 40
37.30119804179563
 40
37.30119804179563
 40
38.30119804179563
 40
38.30119804179563
 40
38.30119804179563
 40
38.30119804179563
 10
276.966045
 20
356.68331
 30
0.0
 10
275.4452199999999
 20
355.1607211111111
 30
0.0
 10
275.4445144444444
 20
352.6944516666667
 30
0.0
 10
276.9667505555555
 20
351.1729211111111
 30
0.0
 10
278.4886338888888
 20
349.650685
 30
0.0
 10
280.9559616666666
 20
349.650685
 30
0.0
 10
282.4781977777777
 20
351.1729211111111
 30
0.0
 10
282.7971088888888
 20
351.4939488888889
 30
0.0
 10
283.0535783333333
 20
351.8576627777778
 30
0.0
 10
283.2394922222222
 20
352.247835
 30
0.0
 10
283.8851931481481
 20
351.6017812962962
 30
0.0
 10
284.5308940740741
 20
350.9557275925925
 30
0.0
 10
285.176595
 20
350.3096738888889
 30
0.0
 10
285.7879588888889
 20
350.9222137037037
 30
0.0
 10
286.3993227777777
 20
351.5347535185185
 30
0.0
 10
287.0106866666666
 20
352.1472933333333
 30
0.0
 10
285.499857037037
 20
353.6588285185185
 30
0.0
 10
283.9890274074074
 20
355.1703637037037
 30
0.0
 10
282.4781977777777
 20
356.6818988888889
 30
0.0
 10
280.9563144444444
 20
358.2058988888888
 30
0.0
 10
278.4886338888888
 20
358.2058988888888
 30
0.0
 10
276.966045
 20
356.68331
 30
0.0
  0
SPLINE
  5
D6
330
1F
100
AcDbEntity
  8
DEFAULT
 62
     7
100
AcDbSpline
210
0.0
220
0.0
230
1.0
 70
    11
 71
     3
 72
    17
 73
    13
 74
     0
 42
0.000000001
 43
0.0000000001
 40
1.0
 40
1.0
 40
1.0
 40
1.0
 40
2.0
 40
2.0
 40
2.0
 40
3.0
 40
3.0
 40
3.0
 40
4.0
 40
4.0
 40
4.0
 40
5.0
 40
5.0
 40
5.0
 40
5.0
 10
280.6398727777777
 20
353.0087766666666
 30
0.0
 10
280.134695
 20
352.501835
 30
0.0
 10
279.3113116666667
 20
352.501835
 30
0.0
 10
278.8029588888888
 20
353.0087766666666
 30
0.0
 10
278.2956644444444
 20
353.517835
 30
0.0
 10
278.2967227777777
 20
354.3391016666666
 30
0.0
 10
278.8026061111111
 20
354.8471016666667
 30
0.0
 10
279.310606111111
 20
355.3533377777777
 30
0.0
 10
280.1329311111111
 20
355.3533377777777
 30
0.0
 10
280.6402255555555
 20
354.8463961111111
 30
0.0
 10
281.1475199999999
 20
354.3398072222222
 30
0.0
 10
281.1478727777778
 20
353.517835
 30
0.0
 10
280.6398727777777
 20
353.0087766666666
 30
0.0
  0
SPLINE
  5
D7
330
1F
100
AcDbEntity
  8
DEFAULT
 62
     7
100
AcDbSpline
210
0.0
220
0.0
230
1.0
 70
    11
 71
     3
 72
    29
 73
    25
 74
     0
 42
0.000000001
 43
0.0000000001
 40
0.0
 40
0.0
 40
0.0
 40
0.0
 40
1.0
 40
1.0
 40
1.0
 40
2.0
 40
2.0
 40
2.0
 40
3.0
 40
3.0
 40
3.0
 40
13.414976380194
 40
13.414976380194
 40
13.414976380194
 40
14.414976380194
 40
14.414976380194
 40
14.414976380194
 40
15.414976380194
 40
15.414976380194
 40
15.414976380194
 40
25.83773119837907
 40
25.83773119837907
 40
25.83773119837907
 40
26.83773119837907
 40
26.83773119837907
 40
26.83773119837907
 40
26.83773119837907
 10
276.6435708333333
 20
350.8497413888888
 30
0.0
 10
278.1661597222222
 20
349.3296219444445
 30
0.0
 10
278.1661597222222
 20
346.8622941666666
 30
0.0
 10
276.6453347222222
 20
345.3404108333334
 30
0.0
 10
275.1230986111111
 20
343.8181747222222
 30
0.0
 10
272.6557708333333
 20
343.8174691666667
 30
0.0
 10
271.1349458333333
 20
345.3397052777777
 30
0.0
 10
269.9347958333333
 20
346.5426775
 30
0.0
 10
269.6811486111111
 20
348.3266747222222
 30
0.0
 10
270.3729458333333
 20
349.7762386111111
 30
0.0
 10
271.2386625
 20
348.9099339814814
 30
0.0
 10
272.1043791666666
 20
348.0436293518518
 30
0.0
 10
272.9700958333333
 20
347.1773247222222
 30
0.0
 10
273.4766847222222
 20
346.6714413888889
 30
0.0
 10
274.2997152777778
 20
346.6693247222222
 30
0.0
 10
274.8091263888888
 20
347.1787358333333
 30
0.0
 10
275.3150097222222
 20
347.6849719444444
 30
0.0
 10
275.3160680555555
 20
348.5062386111111
 30
0.0
 10
274.8073625
 20
349.0135330555555
 30
0.0
 10
273.9410578703703
 20
349.8805432407407
 30
0.0
 10
273.0747532407407
 20
350.7475534259259
 30
0.0
 10
272.2084486111111
 20
351.6145636111111
 30
0.0
 10
273.6587180555555
 20
352.3049497222222
 30
0.0
 10
275.4448319444444
 20
352.0513025
 30
0.0
 10
276.6435708333333
 20
350.8497413888888
 30
0.0
  0
SPLINE
  5
D8
330
1F
100
AcDbEntity
  8
DEFAULT
 62
     7
100
AcDbSpline
210
0.0
220
0.0
230
1.0
 70
    11
 71
     3
 72
    26
 73
    22
 74
     0
 42
0.000000001
 43
0.0000000001
 40
1.0
 40
1.0
 40
1.0
 40
1.0
 40
2.0
 40
2.0
 40
2.0
 40
9.76473985398102
 40
9.76473985398102
 40
9.76473985398102
 40
17.12501437331791
 40
17.12501437331791
 40
17.12501437331791
 40
35.30968057866787
 40
35.30968057866787
 40
35.30968057866787
 40
36.30968057866787
 40
36.30968057866787
 40
36.30968057866787
 40
37.30968057866787
 40
37.30968057866787
 40
37.30968057866787
 40
38.30968057866787
 40
38.30968057866787
 40
38.30968057866787
 40
38.30968057866787
 10
265.3016241666666
 20
345.0185363888888
 30
0.0
 10
264.9805963888888
 20
344.6975086111111
 30
0.0
 10
264.7265963888888
 20
344.3323836111111
 30
0.0
 10
264.5406824999999
 20
343.9443280555555
 30
0.0
 10
263.8948639814814
 20
344.5897937962962
 30
0.0
 10
263.2490454629629
 20
345.2352595370369
 30
0.0
 10
262.6032269444444
 20
345.8807252777777
 30
0.0
 10
261.9911574999999
 20
345.2687734259259
 30
0.0
 10
261.3790880555555
 20
344.656821574074
 30
0.0
 10
260.7670186111111
 20
344.0448697222222
 30
0.0
 10
262.2785537962963
 20
342.5322762037037
 30
0.0
 10
263.7900889814815
 20
341.0196826851852
 30
0.0
 10
265.3016241666666
 20
339.5070891666666
 30
0.0
 10
266.8242130555555
 20
337.9866169444444
 30
0.0
 10
269.2915408333333
 20
337.9876752777777
 30
0.0
 10
270.8123658333333
 20
339.5085002777777
 30
0.0
 10
272.3346019444444
 20
341.0300308333333
 30
0.0
 10
272.3331908333333
 20
343.4987697222222
 30
0.0
 10
270.8134241666666
 20
345.0192419444444
 30
0.0
 10
269.2897769444444
 20
346.5400669444444
 30
0.0
 10
266.8235074999999
 20
346.5400669444444
 30
0.0
 10
265.3016241666666
 20
345.0185363888888
 30
0.0
  0
SPLINE
  5
D9
330
1F
100
AcDbEntity
  8
DEFAULT
 62
     7
100
AcDbSpline
210
0.0
220
0.0
230
1.0
 70
    11
 71
     3
 72
    17
 73
    13
 74
     0
 42
0.000000001
 43
0.0000000001
 40
1.0
 40
1.0
 40
1.0
 40
1.0
 40
2.0
 40
2.0
 40
2.0
 40
3.0
 40
3.0
 40
3.0
 40
4.0
 40
4.0
 40
4.0
 40
5.0
 40
5.0
 40
5.0
 40
5.0
 10
268.9761574999999
 20
341.3461197222222
 30
0.0
 10
268.4670991666666
 20
340.8377669444444
 30
0.0
 10
267.6458325
 20
340.8377669444444
 30
0.0
 10
267.1388908333333
 20
341.3468252777777
 30
0.0
 10
266.6312436111111
 20
341.8530613888888
 30
0.0
 10
266.6330075
 20
342.6746808333333
 30
0.0
 10
267.1388908333333
 20
343.1830336111111
 30
0.0
 10
267.6451269444444
 20
343.6903280555555
 30
0.0
 10
268.4663936111111
 20
343.6903280555555
 30
0.0
 10
268.9754519444444
 20
343.1816224999999
 30
0.0
 10
269.4830991666666
 20
342.6764447222222
 30
0.0
 10
269.4820408333333
 20
341.8520030555555
 30
0.0
 10
268.9761574999999
 20
341.3461197222222
 30
0.0
  0
SPLINE
  5
DA
330
1F
100
AcDbEntity
  8
DEFAULT
 62
     7
100
AcDbSpline
210
0.0
220
0.0
230
1.0
 70
    11
 71
     3
 72
    17
 73
    13
 74
     0
 42
0.000000001
 43
0.0000000001
 40
1.0
 40
1.0
 40
1.0
 40
1.0
 40
2.0
 40
2.0
 40
2.0
 40
3.0
 40
3.0
 40
3.0
 40
4.0
 40
4.0
 40
4.0
 40
5.0
 40
5.0
 40
5.0
 40
5.0
 10
259.4708777777778
 20
339.1866611111111
 30
0.0
 10
257.9486416666666
 20
337.6661888888888
 30
0.0
 10
257.9489944444444
 20
335.1988611111111
 30
0.0
 10
259.470525
 20
333.6773305555556
 30
0.0
 10
260.9924083333333
 20
332.1547416666667
 30
0.0
 10
263.4586777777778
 20
332.1547416666667
 30
0.0
 10
264.9812666666667
 20
333.676625
 30
0.0
 10
266.5017388888888
 20
335.1967444444444
 30
0.0
 10
266.5024444444444
 20
337.6661888888888
 30
0.0
 10
264.9791499999999
 20
339.1887777777778
 30
0.0
 10
263.4586777777778
 20
340.7081916666667
 30
0.0
 10
260.9909972222222
 20
340.7081916666667
 30
0.0
 10
259.4708777777778
 20
339.1866611111111
 30
0.0
  0
SPLINE
  5
DB
330
1F
100
AcDbEntity
  8
DEFAULT
 62
     7
100
AcDbSpline
210
0.0
220
0.0
230
1.0
 70
    11
 71
     3
 72
    17
 73
    13
 74
     0
 42
0.000000001
 43
0.0000000001
 40
0.0
 40
0.0
 40
0.0
 40
0.0
 40
1.0
 40
1.0
 40
1.0
 40
2.0
 40
2.0
 40
2.0
 40
3.0
 40
3.0
 40
3.0
 40
4.0
 40
4.0
 40
4.0
 40
4.0
 10
263.1432944444445
 20
335.51495
 30
0.0
 10
262.6363527777777
 20
335.0073027777778
 30
0.0
 10
261.8126166666667
 20
335.0073027777778
 30
0.0
 10
261.3067333333333
 20
335.5135388888889
 30
0.0
 10
260.8001444444444
 20
336.0215388888889
 30
0.0
 10
260.7990861111111
 20
336.8442166666667
 30
0.0
 10
261.3074388888889
 20
337.3511583333333
 30
0.0
 10
261.8129694444444
 20
337.8570416666666
 30
0.0
 10
262.6363527777777
 20
337.8570416666666
 30
0.0
 10
263.1422361111111
 20
337.3511583333333
 30
0.0
 10
263.6505888888889
 20
336.8421
 30
0.0
 10
263.6502361111111
 20
336.0208333333333
 30
0.0
 10
263.1432944444445
 20
335.51495
 30
0.0
  0
SPLINE
  5
DC
330
1F
100
AcDbEntity
  8
DEFAULT
 62
     1
100
AcDbSpline
210
0.0
220
0.0
230
1.0
 70
     8
 71
     3
 72
    11
 73
     7
 74
     0
 42
0.000000001
 43
0.0000000001
 40
0.0
 40
0.0
 40
0.0
 40
0.0
 40
1.0
 40
1.0
 40
1.0
 40
2.0
 40
2.0
 40
2.0
 40
2.0
 10
275.9872983333333
 20
299.0442894444444
 30
0.0
 10
276.3206733333333
 20
298.371895
 30
0.0
 10
275.659215
 20
298.0921422222222
 30
0.0
 10
275.659215
 20
297.0405116666666
 30
0.0
 10
275.659215
 20
295.9892338888889
 30
0.0
 10
276.3206733333333
 20
295.8114338888889
 30
0.0
 10
275.9872983333333
 20
295.1390394444444
 30
0.0
  0
SPLINE
  5
DD
330
1F
100
AcDbEntity
  8
DEFAULT
 62
     1
100
AcDbSpline
210
0.0
220
0.0
230
1.0
 70
     8
 71
     3
 72
    86
 73
    82
 74
     0
 42
0.000000001
 43
0.0000000001
 40
0.0
 40
0.0
 40
0.0
 40
0.0
 40
1.0
 40
1.0
 40
1.0
 40
2.0
 40
2.0
 40
2.0
 40
3.0
 40
3.0
 40
3.0
 40
4.0
 40
4.0
 40
4.0
 40
9.666000000000054
 40
9.666000000000054
 40
9.666000000000054
 40
18.16600000000005
 40
18.16600000000005
 40
18.16600000000005
 40
23.83200000000011
 40
23.83200000000011
 40
23.83200000000011
 40
24.83200000000011
 40
24.83200000000011
 40
24.83200000000011
 40
25.83200000000011
 40
25.83200000000011
 40
25.83200000000011
 40
26.83200000000011
 40
26.83200000000011
 40
26.83200000000011
 40
27.83200000000011
 40
27.83200000000011
 40
27.83200000000011
 40
28.83200000000011
 40
28.83200000000011
 40
28.83200000000011
 40
34.49800000000005
 40
34.49800000000005
 40
34.49800000000005
 40
42.99800000000005
 40
42.99800000000005
 40
42.99800000000005
 40
48.66399999999999
 40
48.66399999999999
 40
48.66399999999999
 40
49.66399999999999
 40
49.66399999999999
 40
49.66399999999999
 40
50.66399999999999
 40
50.66399999999999
 40
50.66399999999999
 40
51.66399999999999
 40
51.66399999999999
 40
51.66399999999999
 40
52.66399999999999
 40
52.66399999999999
 40
52.66399999999999
 40
53.66399999999999
 40
53.66399999999999
 40
53.66399999999999
 40
59.33000000000004
 40
59.33000000000004
 40
59.33000000000004
 40
67.83000000000004
 40
67.83000000000004
 40
67.83000000000004
 40
73.4960000000001
 40
73.4960000000001
 40
73.4960000000001
 40
74.4960000000001
 40
74.4960000000001
 40
74.4960000000001
 40
75.4960000000001
 40
75.4960000000001
 40
75.4960000000001
 40
76.4960000000001
 40
76.4960000000001
 40
76.4960000000001
 40
77.4960000000001
 40
77.4960000000001
 40
77.4960000000001
 40
77.4960000000001
 10
274.8628191666666
 20
306.9714530555555
 30
0.0
 10
275.0275663888888
 20
309.2038308333333
 30
0.0
 10
278.9451636111111
 20
309.8744613888889
 30
0.0
 10
283.9895330555555
 20
309.8744613888889
 30
0.0
 10
289.8918580555555
 20
309.8744613888889
 30
0.0
 10
289.8950330555555
 20
309.3273030555555
 30
0.0
 10
289.8950330555555
 20
306.8963113888889
 30
0.0
 10
289.8950330555555
 20
306.8441002777778
 30
0.0
 10
288.7767275
 20
306.3946613888889
 30
0.0
 10
287.3938386111111
 20
306.3946613888889
 30
0.0
 10
286.0113024999999
 20
306.3946613888889
 30
0.0
 10
285.2351913888889
 20
306.4436975
 30
0.0
 10
284.8929969444444
 20
306.4436975
 30
0.0
 10
284.2267173148148
 20
306.4436975
 30
0.0
 10
283.5604376851851
 20
306.4436975
 30
0.0
 10
282.8941580555555
 20
306.4436975
 30
0.0
 10
282.8941580555555
 20
305.4441604629629
 30
0.0
 10
282.8941580555555
 20
304.4446234259259
 30
0.0
 10
282.8941580555555
 20
303.4450863888889
 30
0.0
 10
283.5604376851851
 20
303.4450863888889
 30
0.0
 10
284.2267173148148
 20
303.4450863888889
 30
0.0
 10
284.8929969444444
 20
303.4450863888889
 30
0.0
 10
285.2351913888889
 20
303.4450863888889
 30
0.0
 10
286.0113024999999
 20
303.4941225
 30
0.0
 10
287.3938386111111
 20
303.4941225
 30
0.0
 10
288.7767275
 20
303.4941225
 30
0.0
 10
289.8950330555555
 20
303.0496225
 30
0.0
 10
289.8950330555555
 20
302.9924725
 30
0.0
 10
289.9662941666666
 20
302.0854808333333
 30
0.0
 10
289.9825219444444
 20
300.1275641666667
 30
0.0
 10
289.9895775
 20
299.0022030555555
 30
0.0
 10
289.9895775
 20
298.9499919444444
 30
0.0
 10
288.8712719444444
 20
298.5005530555555
 30
0.0
 10
287.4883830555555
 20
298.5005530555555
 30
0.0
 10
286.1054941666666
 20
298.5005530555555
 30
0.0
 10
285.3297358333333
 20
298.5495891666666
 30
0.0
 10
284.987188611111
 20
298.5495891666666
 30
0.0
 10
284.3209089814814
 20
298.5495891666666
 30
0.0
 10
283.6546293518518
 20
298.5495891666666
 30
0.0
 10
282.9883497222222
 20
298.5495891666666
 30
0.0
 10
282.9883497222222
 20
297.5500521296296
 30
0.0
 10
282.9883497222222
 20
296.5505150925925
 30
0.0
 10
282.9883497222222
 20
295.5509780555555
 30
0.0
 10
283.6546293518518
 20
295.5509780555555
 30
0.0
 10
284.3209089814814
 20
295.5509780555555
 30
0.0
 10
284.987188611111
 20
295.5509780555555
 30
0.0
 10
285.3297358333333
 20
295.5509780555555
 30
0.0
 10
286.1054941666666
 20
295.6000141666667
 30
0.0
 10
287.4883830555555
 20
295.6000141666667
 30
0.0
 10
288.8712719444444
 20
295.6000141666667
 30
0.0
 10
289.9895775
 20
295.1548086111111
 30
0.0
 10
289.9895775
 20
295.0983641666667
 30
0.0
 10
289.9825219444444
 20
294.0118086111111
 30
0.0
 10
289.9627663888888
 20
292.0817613888889
 30
0.0
 10
289.8985608333333
 20
291.1962891666666
 30
0.0
 10
289.8985608333333
 20
291.1440780555556
 30
0.0
 10
288.7802552777778
 20
290.6946391666667
 30
0.0
 10
287.3973663888888
 20
290.6946391666667
 30
0.0
 10
286.0144774999999
 20
290.6946391666667
 30
0.0
 10
285.2387191666667
 20
290.7436752777778
 30
0.0
 10
284.8961719444444
 20
290.7436752777778
 30
0.0
 10
284.2298923148148
 20
290.7436752777778
 30
0.0
 10
283.5636126851851
 20
290.7436752777778
 30
0.0
 10
282.8973330555555
 20
290.7436752777778
 30
0.0
 10
282.8973330555555
 20
289.7441382407407
 30
0.0
 10
282.8973330555555
 20
288.7446012037037
 30
0.0
 10
282.8973330555555
 20
287.7450641666666
 30
0.0
 10
283.5636126851851
 20
287.7450641666666
 30
0.0
 10
284.2298923148148
 20
287.7450641666666
 30
0.0
 10
284.8961719444444
 20
287.7450641666666
 30
0.0
 10
285.2387191666667
 20
287.7450641666666
 30
0.0
 10
286.0144774999999
 20
287.7941002777778
 30
0.0
 10
287.3973663888888
 20
287.7941002777778
 30
0.0
 10
288.7802552777778
 20
287.7941002777778
 30
0.0
 10
289.8985608333333
 20
287.3488947222222
 30
0.0
 10
289.8985608333333
 20
287.2924502777777
 30
0.0
 10
289.8985608333333
 20
283.7734919444444
 30
0.0
 10
289.9860497222222
 20
284.2261058333333
 30
0.0
 10
283.9895330555555
 20
284.2261058333333
 30
0.0
 10
278.9451636111111
 20
284.2261058333333
 30
0.0
 10
275.0275663888888
 20
284.8967363888889
 30
0.0
 10
274.8628191666666
 20
287.1291141666666
 30
0.0
  0
SPLINE
  5
DE
330
1F
100
AcDbEntity
  8
DEFAULT
 62
     1
100
AcDbSpline
210
0.0
220
0.0
230
1.0
 70
    11
 71
     3
 72
    74
 73
    70
 74
     0
 42
0.000000001
 43
0.0000000001
 40
1.0
 40
1.0
 40
1.0
 40
1.0
 40
2.0
 40
2.0
 40
2.0
 40
3.0
 40
3.0
 40
3.0
 40
4.0
 40
4.0
 40
4.0
 40
5.0
 40
5.0
 40
5.0
 40
6.0
 40
6.0
 40
6.0
 40
7.0
 40
7.0
 40
7.0
 40
8.0
 40
8.0
 40
8.0
 40
9.0
 40
9.0
 40
9.0
 40
10.0
 40
10.0
 40
10.0
 40
11.0
 40
11.0
 40
11.0
 40
12.0
 40
12.0
 40
12.0
 40
13.0
 40
13.0
 40
13.0
 40
18.65999999999997
 40
18.65999999999997
 40
18.65999999999997
 40
27.15999999999997
 40
27.15999999999997
 40
27.15999999999997
 40
32.81999999999994
 40
32.81999999999994
 40
32.81999999999994
 40
33.81999999999994
 40
33.81999999999994
 40
33.81999999999994
 40
34.81999999999994
 40
34.81999999999994
 40
34.81999999999994
 40
35.81999999999994
 40
35.81999999999994
 40
35.81999999999994
 40
36.81999999999994
 40
36.81999999999994
 40
36.81999999999994
 40
37.81999999999994
 40
37.81999999999994
 40
37.81999999999994
 40
38.81999999999994
 40
38.81999999999994
 40
38.81999999999994
 40
39.81999999999994
 40
39.81999999999994
 40
39.81999999999994
 40
40.81999999999994
 40
40.81999999999994
 40
40.81999999999994
 40
40.81999999999994
 10
263.6648411111111
 20
311.0559494444444
 30
0.0
 10
262.1972855555555
 20
312.6998938888888
 30
0.0
 10
258.3629438888889
 20
310.0156077777777
 30
0.0
 10
258.3629438888889
 20
310.0156077777777
 30
0.0
 10
261.7492577777778
 20
309.1121438888889
 30
0.0
 10
258.5322772222222
 20
301.6089133333333
 30
0.0
 10
262.1937577777778
 20
297.0407938888889
 30
0.0
 10
258.535805
 20
292.4716161111111
 30
0.0
 10
261.7492577777778
 20
284.9719133333333
 30
0.0
 10
258.3629438888889
 20
284.0684494444444
 30
0.0
 10
258.3629438888889
 20
284.0684494444444
 30
0.0
 10
262.1972855555555
 20
281.3841633333333
 30
0.0
 10
263.6648411111111
 20
283.02458
 30
0.0
 10
265.2805633333333
 20
280.3078383333333
 30
0.0
 10
267.0941938888889
 20
279.0166716666666
 30
0.0
 10
270.7239244444444
 20
279.1228577777777
 30
0.0
 10
270.9320633333333
 20
279.1330883333333
 30
0.0
 10
271.0978688888889
 20
279.2004688888888
 30
0.0
 10
270.7239244444444
 20
279.4121355555556
 30
0.0
 10
270.1877022222222
 20
279.7151716666666
 30
0.0
 10
269.4472216666666
 20
280.35758
 30
0.0
 10
269.0411744444444
 20
281.7154216666667
 30
0.0
 10
270.5655272222222
 20
281.7616355555555
 30
0.0
 10
272.3223605555555
 20
280.0961716666666
 30
0.0
 10
275.5008883333333
 20
279.4223661111111
 30
0.0
 10
275.71573
 20
279.3768577777777
 30
0.0
 10
276.0367577777778
 20
279.6869494444444
 30
0.0
 10
275.9736105555555
 20
279.8950883333333
 30
0.0
 10
274.7773411111111
 20
283.8638383333333
 30
0.0
 10
274.1564522222222
 20
291.4245716666666
 30
0.0
 10
275.9873688888889
 20
295.1389688888888
 30
0.0
 10
275.9873688888889
 20
295.1954133333333
 30
0.0
 10
274.8690633333333
 20
295.6399133333333
 30
0.0
 10
273.4861744444444
 20
295.6399133333333
 30
0.0
 10
272.1032855555555
 20
295.6399133333333
 30
0.0
 10
271.3275272222222
 20
295.5901716666666
 30
0.0
 10
270.98498
 20
295.5901716666666
 30
0.0
 10
270.3194059259259
 20
295.5901716666666
 30
0.0
 10
269.6538318518519
 20
295.5901716666666
 30
0.0
 10
268.9882577777777
 20
295.5901716666666
 30
0.0
 10
268.9882577777777
 20
296.5897087037036
 30
0.0
 10
268.9882577777777
 20
297.5892457407407
 30
0.0
 10
268.9882577777777
 20
298.5887827777777
 30
0.0
 10
269.6538318518519
 20
298.5887827777777
 30
0.0
 10
270.3194059259259
 20
298.5887827777777
 30
0.0
 10
270.98498
 20
298.5887827777777
 30
0.0
 10
271.3275272222222
 20
298.5887827777777
 30
0.0
 10
272.1068133333333
 20
298.5400994444444
 30
0.0
 10
273.4861744444444
 20
298.5432744444444
 30
0.0
 10
274.8690633333333
 20
298.5432744444444
 30
0.0
 10
275.9873688888889
 20
298.9913022222222
 30
0.0
 10
275.9873688888889
 20
299.0442188888888
 30
0.0
 10
274.1564522222222
 20
302.7554411111111
 30
0.0
 10
274.7773411111111
 20
310.2202188888888
 30
0.0
 10
275.9736105555555
 20
314.1924966666666
 30
0.0
 10
276.0367577777778
 20
314.4006355555555
 30
0.0
 10
275.71573
 20
314.7079049999999
 30
0.0
 10
275.5075911111111
 20
314.6616911111111
 30
0.0
 10
272.3223605555555
 20
313.9910605555555
 30
0.0
 10
270.5655272222222
 20
312.3224216666666
 30
0.0
 10
269.0411744444444
 20
312.3686355555555
 30
0.0
 10
269.4472216666666
 20
313.7264772222222
 30
0.0
 10
270.1877022222222
 20
314.3720605555555
 30
0.0
 10
270.7239244444444
 20
314.6754494444444
 30
0.0
 10
271.0978688888889
 20
314.8800605555555
 30
0.0
 10
270.9320633333333
 20
314.9544966666666
 30
0.0
 10
270.7239244444444
 20
314.9580244444444
 30
0.0
 10
267.0941938888889
 20
315.0709133333333
 30
0.0
 10
265.2805633333333
 20
313.7797466666667
 30
0.0
 10
263.6648411111111
 20
311.0559494444444
 30
0.0
  0
SPLINE
  5
DF
330
1F
100
AcDbEntity
  8
DEFAULT
 62
     1
100
AcDbSpline
210
0.0
220
0.0
230
1.0
 70
    11
 71
     3
 72
    17
 73
    13
 74
     0
 42
0.000000001
 43
0.0000000001
 40
1.0
 40
1.0
 40
1.0
 40
1.0
 40
2.0
 40
2.0
 40
2.0
 40
3.0
 40
3.0
 40
3.0
 40
4.0
 40
4.0
 40
4.0
 40
5.0
 40
5.0
 40
5.0
 40
5.0
 10
269.2955272222222
 20
291.0291077777777
 30
0.0
 10
270.5619994444444
 20
289.7626355555555
 30
0.0
 10
270.5619994444444
 20
287.7091161111111
 30
0.0
 10
269.2919994444444
 20
286.4394688888888
 30
0.0
 10
268.0216466666666
 20
285.1694688888888
 30
0.0
 10
265.9681272222222
 20
285.1694688888888
 30
0.0
 10
264.7020077777777
 20
286.4394688888888
 30
0.0
 10
263.4320077777778
 20
287.7091161111111
 30
0.0
 10
263.9964522222222
 20
288.6023494444444
 30
0.0
 10
265.266805
 20
289.8719966666666
 30
0.0
 10
266.536805
 20
291.1455244444444
 30
0.0
 10
268.0216466666666
 20
292.3022827777777
 30
0.0
 10
269.2955272222222
 20
291.0291077777777
 30
0.0
  0
SPLINE
  5
E0
330
1F
100
AcDbEntity
  8
DEFAULT
 62
     1
100
AcDbSpline
210
0.0
220
0.0
230
1.0
 70
    11
 71
     3
 72
    17
 73
    13
 74
     0
 42
0.000000001
 43
0.0000000001
 40
1.0
 40
1.0
 40
1.0
 40
1.0
 40
2.0
 40
2.0
 40
2.0
 40
3.0
 40
3.0
 40
3.0
 40
4.0
 40
4.0
 40
4.0
 40
5.0
 40
5.0
 40
5.0
 40
5.0
 10
269.2955272222222
 20
307.9553855555555
 30
0.0
 10
270.5619994444444
 20
306.6889133333333
 30
0.0
 10
270.5619994444444
 20
304.6357466666666
 30
0.0
 10
269.2955272222222
 20
303.3657466666666
 30
0.0
 10
268.0216466666666
 20
302.0960994444444
 30
0.0
 10
266.7587022222222
 20
303.3795049999999
 30
0.0
 10
265.4957577777778
 20
304.6459772222222
 30
0.0
 10
264.2257577777777
 20
305.9159772222222
 30
0.0
 10
263.4320077777778
 20
306.6889133333333
 30
0.0
 10
264.7020077777777
 20
307.962441111111
 30
0.0
 10
265.9681272222222
 20
309.2320883333333
 30
0.0
 10
268.0216466666666
 20
309.2320883333333
 30
0.0
 10
269.2955272222222
 20
307.9553855555555
 30
0.0
  0
SPLINE
  5
E1
330
1F
100
AcDbEntity
  8
DEFAULT
 62
     1
100
AcDbSpline
210
0.0
220
0.0
230
1.0
 70
     8
 71
     3
 72
    32
 73
    28
 74
     0
 42
0.000000001
 43
0.0000000001
 40
0.0
 40
0.0
 40
0.0
 40
0.0
 40
1.0
 40
1.0
 40
1.0
 40
2.0
 40
2.0
 40
2.0
 40
3.0
 40
3.0
 40
3.0
 40
11.5
 40
11.5
 40
11.5
 40
20.0
 40
20.0
 40
20.0
 40
28.5
 40
28.5
 40
28.5
 40
29.5
 40
29.5
 40
29.5
 40
30.5
 40
30.5
 40
30.5
 40
31.5
 40
31.5
 40
31.5
 40
31.5
 10
391.9295494444444
 20
310.4585908333333
 30
0.0
 10
391.8268911111111
 20
310.7231741666666
 30
0.0
 10
391.0860577777777
 20
311.1641463888889
 30
0.0
 10
390.5706494444443
 20
311.5031658333334
 30
0.0
 10
390.5706494444443
 20
311.5596102777778
 30
0.0
 10
389.4526966666666
 20
312.0041102777778
 30
0.0
 10
388.0729827777777
 20
312.0041102777778
 30
0.0
 10
386.6904466666666
 20
312.0041102777778
 30
0.0
 10
385.9182161111111
 20
311.9543686111111
 30
0.0
 10
385.5721411111111
 20
311.9543686111111
 30
0.0
 10
384.572604074074
 20
311.9543686111111
 30
0.0
 10
383.573067037037
 20
311.9543686111111
 30
0.0
 10
382.5735299999999
 20
311.9543686111111
 30
0.0
 10
382.5735299999999
 20
312.9539056481481
 30
0.0
 10
382.5735299999999
 20
313.9534426851852
 30
0.0
 10
382.5735299999999
 20
314.9529797222222
 30
0.0
 10
383.573067037037
 20
314.9529797222222
 30
0.0
 10
384.572604074074
 20
314.9529797222222
 30
0.0
 10
385.5721411111111
 20
314.9529797222222
 30
0.0
 10
385.9182161111111
 20
314.9529797222222
 30
0.0
 10
386.6904466666666
 20
314.9042963888889
 30
0.0
 10
388.0729827777777
 20
314.9042963888889
 30
0.0
 10
389.4526966666666
 20
314.9042963888889
 30
0.0
 10
390.5706494444443
 20
315.3554991666666
 30
0.0
 10
390.5706494444443
 20
315.4048880555555
 30
0.0
 10
391.0860577777777
 20
315.7467297222222
 30
0.0
 10
391.8268911111111
 20
316.1877019444444
 30
0.0
 10
391.9295494444444
 20
316.4487575
 30
0.0
  0
SPLINE
  5
E2
330
1F
100
AcDbEntity
  8
DEFAULT
 62
     1
100
AcDbSpline
210
0.0
220
0.0
230
1.0
 70
     8
 71
     3
 72
    98
 73
    94
 74
     0
 42
0.000000001
 43
0.0000000001
 40
0.0
 40
0.0
 40
0.0
 40
0.0
 40
1.0
 40
1.0
 40
1.0
 40
2.0
 40
2.0
 40
2.0
 40
3.0
 40
3.0
 40
3.0
 40
11.49631684908229
 40
11.49631684908229
 40
11.49631684908229
 40
19.99263369816463
 40
19.99263369816463
 40
19.99263369816463
 40
28.48895054724692
 40
28.48895054724692
 40
28.48895054724692
 40
29.48895054724692
 40
29.48895054724692
 40
29.48895054724692
 40
30.48895054724692
 40
30.48895054724692
 40
30.48895054724692
 40
31.48895054724692
 40
31.48895054724692
 40
31.48895054724692
 40
32.48895054724692
 40
32.48895054724692
 40
32.48895054724692
 40
33.48895054724692
 40
33.48895054724692
 40
33.48895054724692
 40
34.48895054724692
 40
34.48895054724692
 40
34.48895054724692
 40
35.48895054724692
 40
35.48895054724692
 40
35.48895054724692
 40
36.48895054724692
 40
36.48895054724692
 40
36.48895054724692
 40
44.98895054724692
 40
44.98895054724692
 40
44.98895054724692
 40
53.48895054724692
 40
53.48895054724692
 40
53.48895054724692
 40
61.98895054724692
 40
61.98895054724692
 40
61.98895054724692
 40
62.98895054724692
 40
62.98895054724692
 40
62.98895054724692
 40
63.98895054724692
 40
63.98895054724692
 40
63.98895054724692
 40
64.98895054724692
 40
64.98895054724692
 40
64.98895054724692
 40
65.98895054724692
 40
65.98895054724692
 40
65.98895054724692
 40
66.98895054724692
 40
66.98895054724692
 40
66.98895054724692
 40
67.98895054724692
 40
67.98895054724692
 40
67.98895054724692
 40
68.98895054724692
 40
68.98895054724692
 40
68.98895054724692
 40
69.98895054724692
 40
69.98895054724692
 40
69.98895054724692
 40
78.4863103725103
 40
78.4863103725103
 40
78.4863103725103
 40
86.98262722159265
 40
86.98262722159265
 40
86.98262722159265
 40
95.47998704685604
 40
95.47998704685604
 40
95.47998704685604
 40
96.47998704685604
 40
96.47998704685604
 40
96.47998704685604
 40
97.47998704685604
 40
97.47998704685604
 40
97.47998704685604
 40
98.47998704685604
 40
98.47998704685604
 40
98.47998704685604
 40
98.47998704685604
 10
368.6927474999999
 20
328.2311472222222
 30
0.0
 10
368.5964391666666
 20
327.4373972222222
 30
0.0
 10
368.7015669444444
 20
327.1929222222222
 30
0.0
 10
368.9435725
 20
326.8091
 30
0.0
 10
369.3397419444444
 20
326.1811555555555
 30
0.0
 10
369.6794669444444
 20
325.8435472222222
 30
0.0
 10
370.8577447222222
 20
325.1203527777777
 30
0.0
 10
372.0324947222222
 20
324.4010388888889
 30
0.0
 10
372.7242919444444
 20
324.0369722222222
 30
0.0
 10
373.0170975
 20
323.8574083333333
 30
0.0
 10
373.8696437962963
 20
323.3364731481481
 30
0.0
 10
374.7221900925926
 20
322.8155379629629
 30
0.0
 10
375.5747363888889
 20
322.2946027777778
 30
0.0
 10
375.0538012037036
 20
321.4420564814814
 30
0.0
 10
374.5328660185185
 20
320.5895101851851
 30
0.0
 10
374.0119308333333
 20
319.7369638888889
 30
0.0
 10
373.1593845370369
 20
320.257899074074
 30
0.0
 10
372.3068382407407
 20
320.7788342592592
 30
0.0
 10
371.4542919444444
 20
321.2997694444444
 30
0.0
 10
371.1614863888889
 20
321.4793333333333
 30
0.0
 10
370.5194308333333
 20
321.9273611111111
 30
0.0
 10
369.3411530555555
 20
322.6473805555555
 30
0.0
 10
368.1664030555555
 20
323.3666944444444
 30
0.0
 10
366.9771891666666
 20
323.5713055555555
 30
0.0
 10
366.9454391666666
 20
323.5222694444444
 30
0.0
 10
362.3346336111111
 20
323.2964916666667
 30
0.0
 10
374.0119308333333
 20
317.9166305555555
 30
0.0
 10
366.7690502777778
 20
317.9166305555555
 30
0.0
 10
364.2114113888888
 20
317.9166305555555
 30
0.0
 10
362.0210141666666
 20
323.6492694444444
 30
0.0
 10
358.3941058333333
 20
322.0864638888888
 30
0.0
 10
354.7746058333333
 20
320.5236583333333
 30
0.0
 10
357.7132447222222
 20
321.6172694444444
 30
0.0
 10
359.8651891666666
 20
319.7154444444444
 30
0.0
 10
361.8693197222221
 20
317.9515555555555
 30
0.0
 10
356.8912725
 20
316.0148055555555
 30
0.0
 10
358.5704947222222
 20
315.4052055555555
 30
0.0
 10
358.5704947222222
 20
315.3484083333333
 30
0.0
 10
359.6888002777777
 20
314.9042611111111
 30
0.0
 10
361.0755697222222
 20
314.9042611111111
 30
0.0
 10
362.458458611111
 20
314.9042611111111
 30
0.0
 10
363.2310419444444
 20
314.9529444444444
 30
0.0
 10
363.5767641666666
 20
314.9529444444444
 30
0.0
 10
364.5763012037037
 20
314.9529444444444
 30
0.0
 10
365.5758382407407
 20
314.9529444444444
 30
0.0
 10
366.5753752777778
 20
314.9529444444444
 30
0.0
 10
366.5753752777778
 20
313.9534074074074
 30
0.0
 10
366.5753752777778
 20
312.9538703703703
 30
0.0
 10
366.5753752777778
 20
311.9543333333333
 30
0.0
 10
365.5758382407407
 20
311.9543333333333
 30
0.0
 10
364.5763012037037
 20
311.9543333333333
 30
0.0
 10
363.5767641666666
 20
311.9543333333333
 30
0.0
 10
363.2310419444444
 20
311.9543333333333
 30
0.0
 10
362.458458611111
 20
312.0040749999999
 30
0.0
 10
361.0755697222222
 20
312.0040749999999
 30
0.0
 10
359.6888002777777
 20
312.0040749999999
 30
0.0
 10
358.5704947222222
 20
311.5528722222222
 30
0.0
 10
358.5704947222222
 20
311.5031305555555
 30
0.0
 10
356.8912725
 20
310.892825
 30
0.0
 10
361.8693197222221
 20
308.9557222222222
 30
0.0
 10
359.8651891666666
 20
307.1918333333333
 30
0.0
 10
357.7132447222222
 20
305.2910666666666
 30
0.0
 10
354.7746058333333
 20
306.384325
 30
0.0
 10
358.3941058333333
 20
304.8218722222222
 30
0.0
 10
362.0210141666666
 20
303.2590666666666
 30
0.0
 10
364.2114113888888
 20
308.9917055555555
 30
0.0
 10
366.7690502777778
 20
308.9917055555555
 30
0.0
 10
374.0119308333333
 20
308.9917055555555
 30
0.0
 10
362.3346336111111
 20
303.6118444444444
 30
0.0
 10
366.9454391666666
 20
303.3857138888889
 30
0.0
 10
366.9771891666666
 20
303.336325
 30
0.0
 10
368.1664030555555
 20
303.5409361111111
 30
0.0
 10
369.3411530555555
 20
304.2609555555555
 30
0.0
 10
370.5194308333333
 20
304.9802694444444
 30
0.0
 10
371.1614863888889
 20
305.4279444444444
 30
0.0
 10
371.4542919444444
 20
305.607861111111
 30
0.0
 10
372.3068382407407
 20
306.1290314814814
 30
0.0
 10
373.1593845370369
 20
306.6502018518518
 30
0.0
 10
374.0119308333333
 20
307.1713722222222
 30
0.0
 10
374.5328660185185
 20
306.3188259259259
 30
0.0
 10
375.0538012037036
 20
305.4662796296296
 30
0.0
 10
375.5747363888889
 20
304.6137333333333
 30
0.0
 10
374.7221900925926
 20
304.092562962963
 30
0.0
 10
373.8696437962963
 20
303.5713925925926
 30
0.0
 10
373.0170975
 20
303.0502222222222
 30
0.0
 10
372.7242919444444
 20
302.8703055555555
 30
0.0
 10
372.0324947222222
 20
302.5072972222222
 30
0.0
 10
370.8577447222222
 20
301.7879833333333
 30
0.0
 10
369.6794669444444
 20
301.0644361111111
 30
0.0
 10
369.3397419444444
 20
300.7268277777777
 30
0.0
 10
368.9435725
 20
300.0985305555556
 30
0.0
 10
368.7015669444444
 20
299.7147083333333
 30
0.0
 10
368.5964391666666
 20
299.4702333333333
 30
0.0
 10
368.6927474999999
 20
298.6764833333333
 30
0.0
  0
SPLINE
  5
E3
330
1F
100
AcDbEntity
  8
DEFAULT
 62
     1
100
AcDbSpline
210
0.0
220
0.0
230
1.0
 70
     8
 71
     3
 72
    41
 73
    37
 74
     0
 42
0.000000001
 43
0.0000000001
 40
0.0
 40
0.0
 40
0.0
 40
0.0
 40
1.0
 40
1.0
 40
1.0
 40
2.0
 40
2.0
 40
2.0
 40
3.0
 40
3.0
 40
3.0
 40
4.0
 40
4.0
 40
4.0
 40
5.0
 40
5.0
 40
5.0
 40
12.4496231448308
 40
12.4496231448308
 40
12.4496231448308
 40
20.94954608565797
 40
20.94954608565797
 40
20.94954608565797
 40
28.38843881240154
 40
28.38843881240154
 40
28.38843881240154
 40
29.38843881240154
 40
29.38843881240154
 40
29.38843881240154
 40
30.38843881240154
 40
30.38843881240154
 40
30.38843881240154
 40
31.38843881240154
 40
31.38843881240154
 40
31.38843881240154
 40
32.38843881240154
 40
32.38843881240154
 40
32.38843881240154
 40
32.38843881240154
 10
383.3068491666666
 20
337.9414966666666
 30
0.0
 10
384.665043611111
 20
340.0821522222222
 30
0.0
 10
386.0581630555555
 20
336.35188
 30
0.0
 10
388.0848713888889
 20
335.6360938888889
 30
0.0
 10
389.2913713888888
 20
335.2053522222222
 30
0.0
 10
390.8111380555555
 20
334.6934716666667
 30
0.0
 10
390.8767547222222
 20
333.8323411111111
 30
0.0
 10
390.8072574999999
 20
333.4160633333333
 30
0.0
 10
390.4894047222222
 20
332.6787577777777
 30
0.0
 10
390.1786074999999
 20
332.2928188888888
 30
0.0
 10
390.1937769444444
 20
332.2427244444444
 30
0.0
 10
389.3919130555555
 20
331.5315244444444
 30
0.0
 10
388.2344491666666
 20
331.1801577777777
 30
0.0
 10
387.0731047222221
 20
330.8280855555555
 30
0.0
 10
386.4109408333333
 20
330.6785077777777
 30
0.0
 10
386.1234269444444
 20
330.5917244444444
 30
0.0
 10
385.2851093518518
 20
330.3374892592593
 30
0.0
 10
384.4467917592592
 20
330.0832540740741
 30
0.0
 10
383.6084741666666
 20
329.8290188888889
 30
0.0
 10
383.8997510185184
 20
328.8728735185185
 30
0.0
 10
384.1910278703704
 20
327.9167281481481
 30
0.0
 10
384.4823047222222
 20
326.9605827777777
 30
0.0
 10
385.3194463888888
 20
327.2143475925926
 30
0.0
 10
386.1565880555556
 20
327.4681124074074
 30
0.0
 10
386.9937297222222
 20
327.7218772222222
 30
0.0
 10
387.2812436111111
 20
327.8086605555555
 30
0.0
 10
387.9141269444444
 20
328.0527827777777
 30
0.0
 10
389.0768825
 20
328.4020327777777
 30
0.0
 10
390.129218611111
 20
328.7244716666667
 30
0.0
 10
391.0986519444444
 20
328.6151105555555
 30
0.0
 10
391.2810380555555
 20
328.5720716666667
 30
0.0
 10
391.8564186111111
 20
328.4390744444444
 30
0.0
 10
392.1287630555555
 20
328.2746799999999
 30
0.0
 10
392.5598575
 20
327.6848355555555
 30
0.0
 10
393.5017741666666
 20
326.3982549999999
 30
0.0
 10
395.5711686111111
 20
322.7099633333333
 30
0.0
 10
393.1609908333333
 20
322.7099633333333
 30
0.0
  0
SPLINE
  5
E4
330
1F
100
AcDbEntity
  8
DEFAULT
 62
     1
100
AcDbSpline
210
0.0
220
0.0
230
1.0
 70
    11
 71
     3
 72
    65
 73
    61
 74
     0
 42
0.000000001
 43
0.0000000001
 40
1.0
 40
1.0
 40
1.0
 40
1.0
 40
2.0
 40
2.0
 40
2.0
 40
3.0
 40
3.0
 40
3.0
 40
4.0
 40
4.0
 40
4.0
 40
5.0
 40
5.0
 40
5.0
 40
6.0
 40
6.0
 40
6.0
 40
7.0
 40
7.0
 40
7.0
 40
8.0
 40
8.0
 40
8.0
 40
9.0
 40
9.0
 40
9.0
 40
10.0
 40
10.0
 40
10.0
 40
11.0
 40
11.0
 40
11.0
 40
12.0
 40
12.0
 40
12.0
 40
17.65752454700818
 40
17.65752454700818
 40
17.65752454700818
 40
26.15900359479745
 40
26.15900359479745
 40
26.15900359479745
 40
31.82962719366207
 40
31.82962719366207
 40
31.82962719366207
 40
32.82962719366208
 40
32.82962719366208
 40
32.82962719366208
 40
33.82962719366208
 40
33.82962719366208
 40
33.82962719366208
 40
34.82962719366208
 40
34.82962719366208
 40
34.82962719366208
 40
35.82962719366208
 40
35.82962719366208
 40
35.82962719366208
 40
36.82962719366208
 40
36.82962719366208
 40
36.82962719366208
 40
37.82962719366208
 40
37.82962719366208
 40
37.82962719366208
 40
37.82962719366208
 10
379.93066
 20
334.3172694444444
 30
0.0
 10
378.8825572222222
 20
333.0335111111111
 30
0.0
 10
379.267085
 20
332.7558749999999
 30
0.0
 10
376.5799766666667
 20
333.4092194444444
 30
0.0
 10
373.8928683333334
 20
334.0622111111111
 30
0.0
 10
375.476135
 20
331.1221611111111
 30
0.0
 10
370.8402822222222
 20
330.1343833333333
 30
0.0
 10
366.2054877777778
 20
329.1476638888889
 30
0.0
 10
371.9282488888889
 20
326.0195833333333
 30
0.0
 10
363.9709933333334
 20
328.0078388888889
 30
0.0
 10
356.0140905555556
 20
329.9964472222222
 30
0.0
 10
362.5171961111111
 20
328.3750805555555
 30
0.0
 10
356.1608461111111
 20
333.1315833333333
 30
0.0
 10
349.8041433333333
 20
337.8870277777777
 30
0.0
 10
354.7698433333333
 20
337.3874944444444
 30
0.0
 10
357.5356211111111
 20
338.2673222222222
 30
0.0
 10
360.3003405555556
 20
339.14715
 30
0.0
 10
362.2773072222222
 20
341.2384166666666
 30
0.0
 10
360.0530433333333
 20
337.0671722222222
 30
0.0
 10
357.8291322222223
 20
332.8959277777778
 30
0.0
 10
361.4221738888889
 20
333.4526111111111
 30
0.0
 10
367.9217516666667
 20
336.4974361111111
 30
0.0
 10
374.4213294444444
 20
339.5454361111111
 30
0.0
 10
363.3261155555556
 20
342.5214694444444
 30
0.0
 10
366.4450238888888
 20
345.3712083333333
 30
0.0
 10
369.564285
 20
348.2202416666667
 30
0.0
 10
368.9194072222222
 20
352.0870388888889
 30
0.0
 10
370.9094266666667
 20
349.716725
 30
0.0
 10
370.9588155555555
 20
349.7266027777778
 30
0.0
 10
371.5941683333333
 20
348.7060166666666
 30
0.0
 10
371.8361738888889
 20
347.3439416666667
 30
0.0
 10
372.0732405555556
 20
345.9790444444444
 30
0.0
 10
372.1607294444444
 20
345.2078722222222
 30
0.0
 10
372.2171738888889
 20
344.8702638888889
 30
0.0
 10
372.3324146296297
 20
344.2150379629629
 30
0.0
 10
372.4476553703705
 20
343.559812037037
 30
0.0
 10
372.5628961111111
 20
342.9045861111111
 30
0.0
 10
373.5477340740741
 20
343.0763888888889
 30
0.0
 10
374.532572037037
 20
343.2481916666666
 30
0.0
 10
375.51741
 20
343.4199944444445
 30
0.0
 10
375.4026396296296
 20
344.0768666666667
 30
0.0
 10
375.2878692592593
 20
344.7337388888889
 30
0.0
 10
375.1730988888888
 20
345.3906111111111
 30
0.0
 10
375.11101
 20
345.7253972222222
 30
0.0
 10
374.9296822222223
 20
346.4831638888889
 30
0.0
 10
374.69191
 20
347.8455916666666
 30
0.0
 10
374.453785
 20
349.2062555555556
 30
0.0
 10
374.6982599999999
 20
350.3852388888889
 30
0.0
 10
374.7539988888889
 20
350.3926472222222
 30
0.0
 10
376.1196016666667
 20
354.2181694444445
 30
0.0
 10
375.6885072222222
 20
348.7046055555555
 30
0.0
 10
377.8781988888889
 20
351.2809416666666
 30
0.0
 10
380.067185
 20
353.8572777777778
 30
0.0
 10
379.2388627777778
 20
351.2714166666667
 30
0.0
 10
382.4064544444445
 20
350.1495833333333
 30
0.0
 10
385.5722822222222
 20
349.0263388888889
 30
0.0
 10
377.5412961111111
 20
348.078425
 30
0.0
 10
382.0561461111112
 20
342.9127
 30
0.0
 10
386.233035
 20
338.1350305555555
 30
0.0
 10
380.9787627777778
 20
335.6010277777777
 30
0.0
 10
379.93066
 20
334.3172694444444
 30
0.0
  0
SPLINE
  5
E5
330
1F
100
AcDbEntity
  8
DEFAULT
 62
     1
100
AcDbSpline
210
0.0
220
0.0
230
1.0
 70
     8
 71
     3
 72
     8
 73
     4
 74
     0
 42
0.000000001
 43
0.0000000001
 40
0.0
 40
0.0
 40
0.0
 40
0.0
 40
1.0
 40
1.0
 40
1.0
 40
1.0
 10
390.1787838888889
 20
332.2929247222222
 30
0.0
 10
390.319895
 20
330.9252052777778
 30
0.0
 10
389.5490755555555
 20
329.8488802777777
 30
0.0
 10
391.2812144444445
 20
328.5721775
 30
0.0
  0
SPLINE
  5
E6
330
1F
100
AcDbEntity
  8
DEFAULT
 62
     1
100
AcDbSpline
210
0.0
220
0.0
230
1.0
 70
     8
 71
     3
 72
    50
 73
    46
 74
     0
 42
0.000000001
 43
0.0000000001
 40
0.0
 40
0.0
 40
0.0
 40
0.0
 40
1.0
 40
1.0
 40
1.0
 40
2.0
 40
2.0
 40
2.0
 40
3.0
 40
3.0
 40
3.0
 40
4.0
 40
4.0
 40
4.0
 40
12.50400000000013
 40
12.50400000000013
 40
12.50400000000013
 40
21.00700000000006
 40
21.00700000000006
 40
21.00700000000006
 40
29.50900023523878
 40
29.50900023523878
 40
29.50900023523878
 40
30.50900023523878
 40
30.50900023523878
 40
30.50900023523878
 40
31.50900023523878
 40
31.50900023523878
 40
31.50900023523878
 40
32.50900023523878
 40
32.50900023523878
 40
32.50900023523878
 40
33.50900023523878
 40
33.50900023523878
 40
33.50900023523878
 40
34.50900023523878
 40
34.50900023523878
 40
34.50900023523878
 40
35.50900023523878
 40
35.50900023523878
 40
35.50900023523878
 40
36.50900023523878
 40
36.50900023523878
 40
36.50900023523878
 40
37.50900023523878
 40
37.50900023523878
 40
37.50900023523878
 40
37.50900023523878
 10
403.05101
 20
330.0494697222222
 30
0.0
 10
402.647785
 20
332.6526169444444
 30
0.0
 10
401.2754794444445
 20
328.8387363888888
 30
0.0
 10
398.3054433333334
 20
330.3814336111111
 30
0.0
 10
391.1260627777778
 20
334.1092363888889
 30
0.0
 10
409.410535
 20
333.5338558333333
 30
0.0
 10
404.6501516666667
 20
337.3943030555556
 30
0.0
 10
404.6494461111111
 20
337.4475725
 30
0.0
 10
403.5311405555556
 20
337.8966586111111
 30
0.0
 10
402.1489572222222
 20
337.8966586111111
 30
0.0
 10
400.7674794444445
 20
337.8966586111111
 30
0.0
 10
399.9896044444444
 20
337.8490336111111
 30
0.0
 10
399.64741
 20
337.8472697222222
 30
0.0
 10
398.6474025925926
 20
337.8472697222222
 30
0.0
 10
397.6473951851852
 20
337.8472697222222
 30
0.0
 10
396.6473877777777
 20
337.8472697222222
 30
0.0
 10
396.6473877777777
 20
338.847159537037
 30
0.0
 10
396.6473877777777
 20
339.8470493518518
 30
0.0
 10
396.6473877777777
 20
340.8469391666666
 30
0.0
 10
397.64716
 20
340.8467039814814
 30
0.0
 10
398.6469322222222
 20
340.8464687962963
 30
0.0
 10
399.6467044444444
 20
340.8462336111111
 30
0.0
 10
399.9910155555556
 20
340.8451752777777
 30
0.0
 10
400.7643044444445
 20
340.7989613888889
 30
0.0
 10
402.1475461111111
 20
340.7954336111111
 30
0.0
 10
403.5325516666667
 20
340.7968447222222
 30
0.0
 10
404.648035
 20
341.2413447222222
 30
0.0
 10
404.6487405555555
 20
341.2999058333333
 30
0.0
 10
408.2834100000001
 20
343.3537780555555
 30
0.0
 10
397.2890905555555
 20
345.4002419444444
 30
0.0
 10
395.8307072222222
 20
346.6402558333333
 30
0.0
 10
392.7273211111112
 20
349.2839725
 30
0.0
 10
398.8529544444444
 20
347.9550586111111
 30
0.0
 10
398.8861155555555
 20
349.4448391666667
 30
0.0
 10
399.02511
 20
355.6163336111111
 30
0.0
 10
403.9707016666667
 20
345.6736447222222
 30
0.0
 10
403.9707016666667
 20
352.9070002777777
 30
0.0
 10
403.9707016666667
 20
361.4618613888889
 30
0.0
 10
405.2117738888889
 20
356.7875558333333
 30
0.0
 10
393.6067961111111
 20
352.5542225
 30
0.0
 10
389.0658405555556
 20
350.8979308333333
 30
0.0
 10
390.1421655555556
 20
346.2303280555555
 30
0.0
 10
388.7684488888889
 20
344.6043752777778
 30
0.0
 10
386.8690933333334
 20
342.3554169444444
 30
0.0
 10
383.6457627777777
 20
342.7907447222222
 30
0.0
 10
383.6457627777777
 20
339.6411447222222
 30
0.0
  0
SPLINE
  5
E7
330
1F
100
AcDbEntity
  8
DEFAULT
 62
     1
100
AcDbSpline
210
0.0
220
0.0
230
1.0
 70
     8
 71
     3
 72
    41
 73
    37
 74
     0
 42
0.000000001
 43
0.0000000001
 40
0.0
 40
0.0
 40
0.0
 40
0.0
 40
1.0
 40
1.0
 40
1.0
 40
2.0
 40
2.0
 40
2.0
 40
3.0
 40
3.0
 40
3.0
 40
4.0
 40
4.0
 40
4.0
 40
5.0
 40
5.0
 40
5.0
 40
12.45020382271513
 40
12.45020382271513
 40
12.45020382271513
 40
20.94821358971345
 40
20.94821358971345
 40
20.94821358971345
 40
28.38710631645702
 40
28.38710631645702
 40
28.38710631645702
 40
29.38710631645702
 40
29.38710631645702
 40
29.38710631645702
 40
30.38710631645702
 40
30.38710631645702
 40
30.38710631645702
 40
31.38710631645702
 40
31.38710631645702
 40
31.38710631645702
 40
32.38710631645702
 40
32.38710631645702
 40
32.38710631645702
 40
32.38710631645702
 10
383.3068491666666
 20
288.9660280555555
 30
0.0
 10
384.665043611111
 20
286.8253725
 30
0.0
 10
386.0581630555555
 20
290.5556447222222
 30
0.0
 10
388.0848713888889
 20
291.2714308333333
 30
0.0
 10
389.2913713888888
 20
291.7021725
 30
0.0
 10
390.8111380555555
 20
292.2147586111111
 30
0.0
 10
390.8767547222222
 20
293.0751836111111
 30
0.0
 10
390.8072574999999
 20
293.4914613888889
 30
0.0
 10
390.4894047222222
 20
294.2294725
 30
0.0
 10
390.1786074999999
 20
294.6147058333333
 30
0.0
 10
390.1937769444444
 20
294.6648002777778
 30
0.0
 10
389.3919130555555
 20
295.3767058333333
 30
0.0
 10
388.2344491666666
 20
295.7273669444444
 30
0.0
 10
387.0731047222221
 20
296.0794391666666
 30
0.0
 10
386.4109408333333
 20
296.2290169444444
 30
0.0
 10
386.1234269444444
 20
296.3158002777777
 30
0.0
 10
385.2851093518518
 20
296.5702706481481
 30
0.0
 10
384.4467917592592
 20
296.8247410185185
 30
0.0
 10
383.6084741666666
 20
297.0792113888889
 30
0.0
 10
383.8997510185184
 20
298.035121574074
 30
0.0
 10
384.1910278703704
 20
298.9910317592592
 30
0.0
 10
384.4823047222222
 20
299.9469419444444
 30
0.0
 10
385.3194463888888
 20
299.6931771296296
 30
0.0
 10
386.1565880555556
 20
299.4394123148148
 30
0.0
 10
386.9937297222222
 20
299.1856475
 30
0.0
 10
387.2812436111111
 20
299.0988641666667
 30
0.0
 10
387.9141269444444
 20
298.8547419444444
 30
0.0
 10
389.0768825
 20
298.5054919444444
 30
0.0
 10
390.129218611111
 20
298.1830530555555
 30
0.0
 10
391.0986519444444
 20
298.2931197222222
 30
0.0
 10
391.2810380555555
 20
298.3354530555555
 30
0.0
 10
391.8564186111111
 20
298.4684502777778
 30
0.0
 10
392.1287630555555
 20
298.6328447222222
 30
0.0
 10
392.5598575
 20
299.2226891666666
 30
0.0
 10
393.5017741666666
 20
300.5099752777778
 30
0.0
 10
395.5711686111111
 20
304.1975613888889
 30
0.0
 10
393.1609908333333
 20
304.1975613888889
 30
0.0
  0
SPLINE
  5
E8
330
1F
100
AcDbEntity
  8
DEFAULT
 62
     1
100
AcDbSpline
210
0.0
220
0.0
230
1.0
 70
    11
 71
     3
 72
   269
 73
   265
 74
     0
 42
0.000000001
 43
0.0000000001
 40
1.0
 40
1.0
 40
1.0
 40
1.0
 40
2.0
 40
2.0
 40
2.0
 40
3.0
 40
3.0
 40
3.0
 40
4.0
 40
4.0
 40
4.0
 40
5.0
 40
5.0
 40
5.0
 40
10.67496273115515
 40
10.67496273115515
 40
10.67496273115515
 40
19.17364974739463
 40
19.17364974739463
 40
19.17364974739463
 40
24.84454747174125
 40
24.84454747174125
 40
24.84454747174125
 40
25.84454747174125
 40
25.84454747174125
 40
25.84454747174125
 40
26.84454747174125
 40
26.84454747174125
 40
26.84454747174125
 40
27.84454747174125
 40
27.84454747174125
 40
27.84454747174125
 40
28.84454747174125
 40
28.84454747174125
 40
28.84454747174125
 40
29.84454747174125
 40
29.84454747174125
 40
29.84454747174125
 40
35.51099088891215
 40
35.51099088891215
 40
35.51099088891215
 40
44.01412925071719
 40
44.01412925071719
 40
44.01412925071719
 40
49.67958969096383
 40
49.67958969096383
 40
49.67958969096383
 40
50.67958969096383
 40
50.67958969096383
 40
50.67958969096383
 40
51.67958969096383
 40
51.67958969096383
 40
51.67958969096383
 40
52.67958969096383
 40
52.67958969096383
 40
52.67958969096383
 40
53.67958969096383
 40
53.67958969096383
 40
53.67958969096383
 40
54.67958969096383
 40
54.67958969096383
 40
54.67958969096383
 40
55.67958969096383
 40
55.67958969096383
 40
55.67958969096383
 40
56.67958969096383
 40
56.67958969096383
 40
56.67958969096383
 40
57.67958969096383
 40
57.67958969096383
 40
57.67958969096383
 40
58.67958969096383
 40
58.67958969096383
 40
58.67958969096383
 40
64.35306842979767
 40
64.35306842979767
 40
64.35306842979767
 40
72.85175544603715
 40
72.85175544603715
 40
72.85175544603715
 40
78.5267181771923
 40
78.5267181771923
 40
78.5267181771923
 40
79.5267181771923
 40
79.5267181771923
 40
79.5267181771923
 40
80.5267181771923
 40
80.5267181771923
 40
80.5267181771923
 40
81.5267181771923
 40
81.5267181771923
 40
81.5267181771923
 40
82.5267181771923
 40
82.5267181771923
 40
82.5267181771923
 40
83.5267181771923
 40
83.5267181771923
 40
83.5267181771923
 40
84.5267181771923
 40
84.5267181771923
 40
84.5267181771923
 40
87.7191456235096
 40
87.7191456235096
 40
87.7191456235096
 40
88.7191456235096
 40
88.7191456235096
 40
88.7191456235096
 40
89.7191456235096
 40
89.7191456235096
 40
89.7191456235096
 40
90.7191456235096
 40
90.7191456235096
 40
90.7191456235096
 40
91.7191456235096
 40
91.7191456235096
 40
91.7191456235096
 40
100.2191456235096
 40
100.2191456235096
 40
100.2191456235096
 40
108.7191456235096
 40
108.7191456235096
 40
108.7191456235096
 40
117.2191456235096
 40
117.2191456235096
 40
117.2191456235096
 40
118.2191456235096
 40
118.2191456235096
 40
118.2191456235096
 40
119.2191456235096
 40
119.2191456235096
 40
119.2191456235096
 40
120.2191456235096
 40
120.2191456235096
 40
120.2191456235096
 40
121.2191456235096
 40
121.2191456235096
 40
121.2191456235096
 40
124.4106950904614
 40
124.4106950904614
 40
124.4106950904614
 40
125.4106950904614
 40
125.4106950904614
 40
125.4106950904614
 40
126.4106950904614
 40
126.4106950904614
 40
126.4106950904614
 40
127.4106950904614
 40
127.4106950904614
 40
127.4106950904614
 40
128.4106950904614
 40
128.4106950904614
 40
128.4106950904614
 40
129.4106950904614
 40
129.4106950904614
 40
129.4106950904614
 40
130.4106950904614
 40
130.4106950904614
 40
130.4106950904614
 40
136.0846920062165
 40
136.0846920062165
 40
136.0846920062165
 40
144.5831202138322
 40
144.5831202138322
 40
144.5831202138322
 40
150.256598952666
 40
150.256598952666
 40
150.256598952666
 40
151.256598952666
 40
151.256598952666
 40
151.256598952666
 40
152.256598952666
 40
152.256598952666
 40
152.256598952666
 40
153.256598952666
 40
153.256598952666
 40
153.256598952666
 40
154.256598952666
 40
154.256598952666
 40
154.256598952666
 40
155.256598952666
 40
155.256598952666
 40
155.256598952666
 40
156.256598952666
 40
156.256598952666
 40
156.256598952666
 40
157.256598952666
 40
157.256598952666
 40
157.256598952666
 40
158.256598952666
 40
158.256598952666
 40
158.256598952666
 40
159.256598952666
 40
159.256598952666
 40
159.256598952666
 40
164.9220593929126
 40
164.9220593929126
 40
164.9220593929126
 40
173.4251977547176
 40
173.4251977547176
 40
173.4251977547176
 40
179.0916411718885
 40
179.0916411718885
 40
179.0916411718885
 40
180.0916411718885
 40
180.0916411718885
 40
180.0916411718885
 40
181.0916411718885
 40
181.0916411718885
 40
181.0916411718885
 40
182.0916411718885
 40
182.0916411718885
 40
182.0916411718885
 40
183.0916411718885
 40
183.0916411718885
 40
183.0916411718885
 40
184.0916411718885
 40
184.0916411718885
 40
184.0916411718885
 40
189.7625388962351
 40
189.7625388962351
 40
189.7625388962351
 40
198.2609671038507
 40
198.2609671038507
 40
198.2609671038507
 40
203.9349640196058
 40
203.9349640196058
 40
203.9349640196058
 40
204.9349640196058
 40
204.9349640196058
 40
204.9349640196058
 40
205.9349640196058
 40
205.9349640196058
 40
205.9349640196058
 40
206.9349640196058
 40
206.9349640196058
 40
206.9349640196058
 40
207.9349640196058
 40
207.9349640196058
 40
207.9349640196058
 40
208.9349640196058
 40
208.9349640196058
 40
208.9349640196058
 40
209.9349640196058
 40
209.9349640196058
 40
209.9349640196058
 40
210.9349640196058
 40
210.9349640196058
 40
210.9349640196058
 40
219.4349640196058
 40
219.4349640196058
 40
219.4349640196058
 40
227.9349640196058
 40
227.9349640196058
 40
227.9349640196058
 40
236.4349640196058
 40
236.4349640196058
 40
236.4349640196058
 40
237.4349640196058
 40
237.4349640196058
 40
237.4349640196058
 40
238.4349640196058
 40
238.4349640196058
 40
238.4349640196058
 40
239.4349640196058
 40
239.4349640196058
 40
239.4349640196058
 40
239.4349640196058
 10
429.2558019444444
 20
311.2282108333333
 30
0.0
 10
432.5017102777778
 20
305.8130719444444
 30
0.0
 10
432.0677936111111
 20
305.5932913888889
 30
0.0
 10
431.2525241666667
 20
302.5946802777778
 30
0.0
 10
430.4132658333333
 20
299.5078747222223
 30
0.0
 10
430.9177380555555
 20
296.5907552777778
 30
0.0
 10
429.3302380555555
 20
297.5464302777777
 30
0.0
 10
429.273793611111
 20
297.5464302777777
 30
0.0
 10
428.5537741666666
 20
298.5059858333333
 30
0.0
 10
428.2009963888888
 20
299.8324302777777
 30
0.0
 10
427.8411630555555
 20
301.1691052777778
 30
0.0
 10
427.6898213888888
 20
301.9311052777778
 30
0.0
 10
427.6016269444444
 20
302.2591886111111
 30
0.0
 10
427.4286482407406
 20
302.9037136111111
 30
0.0
 10
427.255669537037
 20
303.5482386111111
 30
0.0
 10
427.0826908333333
 20
304.1927636111111
 30
0.0
 10
426.1173732407407
 20
303.9340599074074
 30
0.0
 10
425.1520556481481
 20
303.6753562037037
 30
0.0
 10
424.1867380555556
 20
303.4166525
 30
0.0
 10
424.3583056481481
 20
302.7722450925926
 30
0.0
 10
424.5298732407407
 20
302.1278376851852
 30
0.0
 10
424.7014408333333
 20
301.4834302777778
 30
0.0
 10
424.7931630555555
 20
301.1553469444444
 30
0.0
 10
425.0404602777777
 20
300.4180413888889
 30
0.0
 10
425.3967658333332
 20
299.0806608333334
 30
0.0
 10
425.7562463888888
 20
297.7475136111111
 30
0.0
 10
425.6151352777778
 20
296.5512441666667
 30
0.0
 10
425.5590436111111
 20
296.5374858333333
 30
0.0
 10
424.5497463888889
 20
292.8470775
 30
0.0
 10
429.0938769444444
 20
289.5838830555555
 30
0.0
 10
428.5467186111111
 20
284.8213830555555
 30
0.0
 10
428.5364880555555
 20
284.7684663888889
 30
0.0
 10
427.3582102777777
 20
284.5363386111111
 30
0.0
 10
425.9961352777777
 20
284.7864580555556
 30
0.0
 10
424.6379408333333
 20
285.0408108333334
 30
0.0
 10
423.8833491666666
 20
285.2309580555556
 30
0.0
 10
423.5478574999999
 20
285.2941052777778
 30
0.0
 10
422.8928667592592
 20
285.4165191666667
 30
0.0
 10
422.2378760185185
 20
285.5389330555556
 30
0.0
 10
421.5828852777777
 20
285.6613469444445
 30
0.0
 10
421.3995584259259
 20
284.6783904629629
 30
0.0
 10
421.2162315740741
 20
283.6954339814815
 30
0.0
 10
421.0329047222222
 20
282.7124775
 30
0.0
 10
421.6877778703703
 20
282.5900636111111
 30
0.0
 10
422.3426510185184
 20
282.4676497222222
 30
0.0
 10
422.9975241666666
 20
282.3452358333333
 30
0.0
 10
423.3330158333333
 20
282.2817358333333
 30
0.0
 10
424.1052463888889
 20
282.1900136111111
 30
0.0
 10
425.466968611111
 20
281.9360136111111
 30
0.0
 10
426.8216352777777
 20
281.6816608333333
 30
0.0
 10
427.8344602777777
 20
281.0403108333333
 30
0.0
 10
427.8344602777777
 20
280.9838663888889
 30
0.0
 10
427.2453213888888
 20
279.7942997222222
 30
0.0
 10
426.9345241666667
 20
279.6147358333333
 30
0.0
 10
425.3614880555555
 20
279.1000330555556
 30
0.0
 10
420.1118019444444
 20
277.3745969444445
 30
0.0
 10
419.0749880555555
 20
275.3814025
 30
0.0
 10
415.1693852777777
 20
279.2901802777778
 30
0.0
 10
412.5905797222222
 20
281.8689858333333
 30
0.0
 10
411.5467102777777
 20
284.3984025
 30
0.0
 10
412.6085713888888
 20
286.8078747222222
 30
0.0
 10
415.1094130555555
 20
292.5020608333333
 30
0.0
 10
418.3196908333333
 20
296.4743386111111
 30
0.0
 10
415.7902741666666
 20
300.3651247222222
 30
0.0
 10
413.3808019444444
 20
304.0692913888889
 30
0.0
 10
410.6749963888888
 20
290.6884302777778
 30
0.0
 10
408.7774047222222
 20
296.5374858333333
 30
0.0
 10
408.7244880555555
 20
296.5512441666667
 30
0.0
 10
408.5830241666666
 20
297.7475136111111
 30
0.0
 10
408.9428575
 20
299.0806608333334
 30
0.0
 10
409.2991630555555
 20
300.4180413888889
 30
0.0
 10
409.5464602777778
 20
301.1553469444444
 30
0.0
 10
409.6346547222222
 20
301.4834302777778
 30
0.0
 10
409.8073982407407
 20
302.1278376851852
 30
0.0
 10
409.9801417592592
 20
302.7722450925926
 30
0.0
 10
410.1528852777777
 20
303.4166525
 30
0.0
 10
409.1875676851852
 20
303.6753562037038
 30
0.0
 10
408.2222500925926
 20
303.9340599074074
 30
0.0
 10
407.2569325
 20
304.1927636111111
 30
0.0
 10
407.0839537962963
 20
303.5482386111111
 30
0.0
 10
406.9109750925925
 20
302.9037136111111
 30
0.0
 10
406.7379963888889
 20
302.2591886111111
 30
0.0
 10
406.6498019444444
 20
301.9311052777778
 30
0.0
 10
406.4981074999999
 20
301.1691052777778
 30
0.0
 10
406.1386269444444
 20
299.8324302777777
 30
0.0
 10
405.7858491666667
 20
298.5059858333333
 30
0.0
 10
405.0658297222222
 20
297.5464302777777
 30
0.0
 10
405.0097380555555
 20
297.5464302777777
 30
0.0
 10
401.0162936111111
 20
293.2880497222222
 30
0.0
 10
404.9458852777777
 20
300.1389941666667
 30
0.0
 10
401.6724602777777
 20
301.7624775
 30
0.0
 10
400.0916630555555
 20
302.6479497222222
 30
0.0
 10
400.2542936111111
 20
306.1309247222222
 30
0.0
 10
401.0900241666666
 20
304.9706386111111
 30
0.0
 10
402.6210797222222
 20
302.8539719444444
 30
0.0
 10
406.2645686111111
 20
308.2923941666667
 30
0.0
 10
400.7654686111111
 20
308.2923941666667
 30
0.0
 10
397.7100602777777
 20
308.2923941666667
 30
0.0
 10
393.6774574999999
 20
301.5578663888889
 30
0.0
 10
390.5123352777777
 20
305.2620330555555
 30
0.0
 10
390.3326537962962
 20
305.5916450925926
 30
0.0
 10
390.1529723148147
 20
305.9212571296296
 30
0.0
 10
389.9732908333332
 20
306.2508691666666
 30
0.0
 10
389.4257797222222
 20
307.1479830555555
 30
0.0
 10
391.5562047222222
 20
305.6352719444444
 30
0.0
 10
393.2703519444444
 20
307.1479830555555
 30
0.0
 10
395.2706019444444
 20
308.9125775
 30
0.0
 10
390.0974686111111
 20
310.1169608333333
 30
0.0
 10
392.5704408333333
 20
311.5030247222222
 30
0.0
 10
392.5704408333333
 20
311.5562941666666
 30
0.0
 10
393.6887463888889
 20
312.0039691666666
 30
0.0
 10
395.0716352777777
 20
312.0039691666666
 30
0.0
 10
396.4548769444444
 20
312.0039691666666
 30
0.0
 10
397.2309880555555
 20
311.9552858333333
 30
0.0
 10
397.5731825
 20
311.9552858333333
 30
0.0
 10
398.572719537037
 20
311.9552858333333
 30
0.0
 10
399.5722565740741
 20
311.9552858333333
 30
0.0
 10
400.5717936111111
 20
311.9552858333333
 30
0.0
 10
400.5717936111111
 20
312.9548228703704
 30
0.0
 10
400.5717936111111
 20
313.9543599074074
 30
0.0
 10
400.5717936111111
 20
314.9538969444445
 30
0.0
 10
399.5722565740741
 20
314.9538969444445
 30
0.0
 10
398.572719537037
 20
314.9538969444445
 30
0.0
 10
397.5731825
 20
314.9538969444445
 30
0.0
 10
397.2309880555555
 20
314.9538969444445
 30
0.0
 10
396.4548769444444
 20
314.9041552777778
 30
0.0
 10
395.0716352777777
 20
314.9041552777778
 30
0.0
 10
393.6887463888889
 20
314.9041552777778
 30
0.0
 10
392.5704408333333
 20
315.3486552777778
 30
0.0
 10
392.5704408333333
 20
315.4050997222222
 30
0.0
 10
390.0974686111111
 20
316.7915163888889
 30
0.0
 10
395.2706019444444
 20
317.9958997222222
 30
0.0
 10
393.2703519444444
 20
319.7597886111111
 30
0.0
 10
391.5562047222222
 20
321.2721469444444
 30
0.0
 10
389.4257797222222
 20
319.7597886111111
 30
0.0
 10
389.9732908333332
 20
320.6569025
 30
0.0
 10
390.1529723148147
 20
320.9863969444444
 30
0.0
 10
390.3326537962962
 20
321.3158913888889
 30
0.0
 10
390.5123352777777
 20
321.6453858333333
 30
0.0
 10
393.6774574999999
 20
325.3495525
 30
0.0
 10
397.7100602777777
 20
318.6150247222222
 30
0.0
 10
400.7654686111111
 20
318.6150247222222
 30
0.0
 10
406.2645686111111
 20
318.6150247222222
 30
0.0
 10
402.6210797222222
 20
324.0534469444444
 30
0.0
 10
401.0900241666666
 20
321.9367802777778
 30
0.0
 10
400.2542936111111
 20
320.7764941666667
 30
0.0
 10
400.0916630555555
 20
324.2594691666666
 30
0.0
 10
401.6724602777777
 20
325.1449413888889
 30
0.0
 10
404.9458852777777
 20
326.7684247222222
 30
0.0
 10
401.0162936111111
 20
333.6193691666667
 30
0.0
 10
405.0097380555555
 20
329.3609886111111
 30
0.0
 10
405.0658297222222
 20
329.3609886111111
 30
0.0
 10
405.7858491666667
 20
328.4014330555555
 30
0.0
 10
406.1386269444444
 20
327.0749886111111
 30
0.0
 10
406.4981074999999
 20
325.7383136111111
 30
0.0
 10
406.6498019444444
 20
324.9763136111111
 30
0.0
 10
406.7379963888889
 20
324.6482302777778
 30
0.0
 10
406.9109750925925
 20
324.0038228703704
 30
0.0
 10
407.0839537962963
 20
323.359415462963
 30
0.0
 10
407.2569325
 20
322.7150080555556
 30
0.0
 10
408.2222500925926
 20
322.9735941666667
 30
0.0
 10
409.1875676851852
 20
323.2321802777777
 30
0.0
 10
410.1528852777777
 20
323.4907663888889
 30
0.0
 10
409.9801417592592
 20
324.1351737962963
 30
0.0
 10
409.8073982407407
 20
324.7795812037037
 30
0.0
 10
409.6346547222222
 20
325.4239886111111
 30
0.0
 10
409.5464602777778
 20
325.7520719444444
 30
0.0
 10
409.2991630555555
 20
326.4893775
 30
0.0
 10
408.9428575
 20
327.8267580555556
 30
0.0
 10
408.5830241666666
 20
329.1599052777778
 30
0.0
 10
408.7244880555555
 20
330.3561747222222
 30
0.0
 10
408.7774047222222
 20
330.3699330555555
 30
0.0
 10
410.6749963888888
 20
336.2189886111111
 30
0.0
 10
413.3808019444444
 20
322.8381275
 30
0.0
 10
415.7902741666666
 20
326.5422941666666
 30
0.0
 10
418.3196908333333
 20
330.4330802777778
 30
0.0
 10
415.1094130555555
 20
334.4053580555556
 30
0.0
 10
412.6085713888888
 20
340.0995441666666
 30
0.0
 10
411.5467102777777
 20
342.5090163888889
 30
0.0
 10
412.5905797222222
 20
345.0384330555556
 30
0.0
 10
415.1693852777777
 20
347.6172386111111
 30
0.0
 10
419.0749880555555
 20
351.5260163888889
 30
0.0
 10
420.1118019444444
 20
349.5328219444444
 30
0.0
 10
425.3614880555555
 20
347.8073858333333
 30
0.0
 10
426.9345241666667
 20
347.2926830555555
 30
0.0
 10
427.2453213888888
 20
347.1131191666666
 30
0.0
 10
427.8344602777777
 20
345.9239052777777
 30
0.0
 10
427.8344602777777
 20
345.8671080555555
 30
0.0
 10
426.8216352777777
 20
345.2257580555556
 30
0.0
 10
425.466968611111
 20
344.9714052777778
 30
0.0
 10
424.1052463888889
 20
344.7174052777778
 30
0.0
 10
423.3330158333333
 20
344.6256830555556
 30
0.0
 10
422.9975241666666
 20
344.5621830555555
 30
0.0
 10
422.3426510185184
 20
344.4397691666666
 30
0.0
 10
421.6877778703703
 20
344.3173552777777
 30
0.0
 10
421.0329047222222
 20
344.1949413888889
 30
0.0
 10
421.2162315740741
 20
343.2119849074074
 30
0.0
 10
421.3995584259259
 20
342.2290284259259
 30
0.0
 10
421.5828852777777
 20
341.2460719444445
 30
0.0
 10
422.2378760185184
 20
341.3684858333333
 30
0.0
 10
422.8928667592592
 20
341.4908997222222
 30
0.0
 10
423.5478574999999
 20
341.6133136111111
 30
0.0
 10
423.8833491666666
 20
341.6768136111111
 30
0.0
 10
424.6379408333333
 20
341.8669608333333
 30
0.0
 10
425.9961352777777
 20
342.1209608333333
 30
0.0
 10
427.3582102777777
 20
342.3710802777778
 30
0.0
 10
428.5364880555555
 20
342.1389525
 30
0.0
 10
428.5467186111111
 20
342.0860358333333
 30
0.0
 10
429.0938769444444
 20
337.3235358333333
 30
0.0
 10
424.5497463888889
 20
334.0603413888889
 30
0.0
 10
425.5590436111111
 20
330.3699330555555
 30
0.0
 10
425.6151352777778
 20
330.3561747222222
 30
0.0
 10
425.7562463888888
 20
329.1599052777778
 30
0.0
 10
425.3967658333332
 20
327.8267580555556
 30
0.0
 10
425.0404602777777
 20
326.4893775
 30
0.0
 10
424.7931630555555
 20
325.7520719444444
 30
0.0
 10
424.7014408333333
 20
325.4239886111111
 30
0.0
 10
424.5298732407407
 20
324.7795812037037
 30
0.0
 10
424.3583056481481
 20
324.1351737962963
 30
0.0
 10
424.1867380555556
 20
323.4907663888889
 30
0.0
 10
425.1520556481481
 20
323.2321802777778
 30
0.0
 10
426.1173732407407
 20
322.9735941666667
 30
0.0
 10
427.0826908333333
 20
322.7150080555556
 30
0.0
 10
427.255669537037
 20
323.359415462963
 30
0.0
 10
427.4286482407406
 20
324.0038228703704
 30
0.0
 10
427.6016269444444
 20
324.6482302777778
 30
0.0
 10
427.6898213888888
 20
324.9763136111111
 30
0.0
 10
427.8411630555555
 20
325.7383136111111
 30
0.0
 10
428.2009963888888
 20
327.0749886111111
 30
0.0
 10
428.5537741666666
 20
328.4014330555555
 30
0.0
 10
429.273793611111
 20
329.3609886111111
 30
0.0
 10
429.3302380555555
 20
329.3609886111111
 30
0.0
 10
430.9177380555555
 20
330.3166636111111
 30
0.0
 10
430.4132658333333
 20
327.3995441666667
 30
0.0
 10
431.2525241666667
 20
324.3127386111111
 30
0.0
 10
432.0677936111111
 20
321.3141275
 30
0.0
 10
432.5017102777778
 20
321.0957580555556
 30
0.0
 10
429.2558019444444
 20
315.6806191666666
 30
0.0
 10
428.7231075
 20
314.7944413888889
 30
0.0
 10
425.8726630555556
 20
315.9554330555555
 30
0.0
 10
424.5712658333333
 20
315.4050997222222
 30
0.0
 10
424.5712658333333
 20
315.3553580555555
 30
0.0
 10
423.4529602777777
 20
314.9041552777778
 30
0.0
 10
422.0700713888889
 20
314.9041552777778
 30
0.0
 10
420.6871824999999
 20
314.9041552777778
 30
0.0
 10
419.9107186111111
 20
314.9538969444445
 30
0.0
 10
419.5688769444444
 20
314.9538969444445
 30
0.0
 10
418.5693399074073
 20
314.9538969444445
 30
0.0
 10
417.5698028703703
 20
314.9538969444445
 30
0.0
 10
416.5702658333333
 20
314.9538969444445
 30
0.0
 10
416.5702658333333
 20
313.9543599074074
 30
0.0
 10
416.5702658333333
 20
312.9548228703704
 30
0.0
 10
416.5702658333333
 20
311.9552858333333
 30
0.0
 10
417.5698028703703
 20
311.9552858333333
 30
0.0
 10
418.5693399074073
 20
311.9552858333333
 30
0.0
 10
419.5688769444444
 20
311.9552858333333
 30
0.0
 10
419.9107186111111
 20
311.9552858333333
 30
0.0
 10
420.6871824999999
 20
312.0039691666666
 30
0.0
 10
422.0700713888889
 20
312.0039691666666
 30
0.0
 10
423.4529602777777
 20
312.0039691666666
 30
0.0
 10
424.5712658333333
 20
311.5594691666666
 30
0.0
 10
424.5712658333333
 20
311.5030247222222
 30
0.0
 10
425.8726630555556
 20
310.9565719444444
 30
0.0
 10
428.7231075
 20
312.1172108333333
 30
0.0
 10
429.2558019444444
 20
311.2282108333333
 30
0.0
  0
SPLINE
  5
E9
330
1F
100
AcDbEntity
  8
DEFAULT
 62
     1
100
AcDbSpline
210
0.0
220
0.0
230
1.0
 70
    11
 71
     3
 72
    65
 73
    61
 74
     0
 42
0.000000001
 43
0.0000000001
 40
1.0
 40
1.0
 40
1.0
 40
1.0
 40
2.0
 40
2.0
 40
2.0
 40
3.0
 40
3.0
 40
3.0
 40
4.0
 40
4.0
 40
4.0
 40
5.0
 40
5.0
 40
5.0
 40
6.0
 40
6.0
 40
6.0
 40
7.0
 40
7.0
 40
7.0
 40
8.0
 40
8.0
 40
8.0
 40
9.0
 40
9.0
 40
9.0
 40
10.0
 40
10.0
 40
10.0
 40
11.0
 40
11.0
 40
11.0
 40
12.0
 40
12.0
 40
12.0
 40
17.65555479153024
 40
17.65555479153024
 40
17.65555479153024
 40
26.15703383931951
 40
26.15703383931951
 40
26.15703383931951
 40
31.82568729494719
 40
31.82568729494719
 40
31.82568729494719
 40
32.82568729494719
 40
32.82568729494719
 40
32.82568729494719
 40
33.82568729494719
 40
33.82568729494719
 40
33.82568729494719
 40
34.82568729494719
 40
34.82568729494719
 40
34.82568729494719
 40
35.82568729494719
 40
35.82568729494719
 40
35.82568729494719
 40
36.82568729494719
 40
36.82568729494719
 40
36.82568729494719
 40
37.82568729494719
 40
37.82568729494719
 40
37.82568729494719
 40
37.82568729494719
 10
379.93066
 20
292.5902552777777
 30
0.0
 10
378.8825572222222
 20
293.8740136111111
 30
0.0
 10
379.267085
 20
294.1516497222222
 30
0.0
 10
376.5799766666667
 20
293.4983052777777
 30
0.0
 10
373.8928683333334
 20
292.8453136111111
 30
0.0
 10
375.476135
 20
295.7860691666666
 30
0.0
 10
370.8402822222222
 20
296.7731413888889
 30
0.0
 10
366.2054877777778
 20
297.7598608333333
 30
0.0
 10
371.9282488888889
 20
300.8879413888888
 30
0.0
 10
363.9709933333334
 20
298.8996858333333
 30
0.0
 10
356.0140905555556
 20
296.9110775
 30
0.0
 10
362.5171961111111
 20
298.5331497222222
 30
0.0
 10
356.1608461111111
 20
293.7766469444444
 30
0.0
 10
349.8041433333333
 20
289.0212025
 30
0.0
 10
354.7698433333333
 20
289.5207358333333
 30
0.0
 10
357.5356211111111
 20
288.6409080555555
 30
0.0
 10
360.3003405555556
 20
287.7610802777778
 30
0.0
 10
362.2773072222222
 20
285.6698136111111
 30
0.0
 10
360.0530433333333
 20
289.8403525
 30
0.0
 10
357.8291322222223
 20
294.0123024999999
 30
0.0
 10
361.4221738888889
 20
293.4556191666666
 30
0.0
 10
367.9217516666667
 20
290.4107941666666
 30
0.0
 10
374.4213294444444
 20
287.3627941666666
 30
0.0
 10
363.3261155555556
 20
284.3860552777778
 30
0.0
 10
366.4450238888888
 20
281.5363163888888
 30
0.0
 10
369.564285
 20
278.6872830555555
 30
0.0
 10
368.9194072222222
 20
274.8204858333333
 30
0.0
 10
370.9094266666667
 20
277.1907997222222
 30
0.0
 10
370.9588155555555
 20
277.1809219444444
 30
0.0
 10
371.5941683333333
 20
278.2015080555555
 30
0.0
 10
371.8361738888889
 20
279.5635830555555
 30
0.0
 10
372.0732405555556
 20
280.9284802777777
 30
0.0
 10
372.1607294444444
 20
281.6996525
 30
0.0
 10
372.2171738888889
 20
282.0379663888888
 30
0.0
 10
372.3324146296297
 20
282.6929571296296
 30
0.0
 10
372.4476553703705
 20
283.3479478703703
 30
0.0
 10
372.5628961111111
 20
284.0029386111111
 30
0.0
 10
373.5477340740741
 20
283.8311358333333
 30
0.0
 10
374.532572037037
 20
283.6593330555555
 30
0.0
 10
375.51741
 20
283.4875302777778
 30
0.0
 10
375.4026396296296
 20
282.8308932407407
 30
0.0
 10
375.2878692592593
 20
282.1742562037037
 30
0.0
 10
375.1730988888888
 20
281.5176191666666
 30
0.0
 10
375.11101
 20
281.1828330555555
 30
0.0
 10
374.9296822222223
 20
280.4250663888888
 30
0.0
 10
374.69191
 20
279.0626386111111
 30
0.0
 10
374.453785
 20
277.7019747222222
 30
0.0
 10
374.6982599999999
 20
276.5222858333333
 30
0.0
 10
374.7539988888889
 20
276.5155830555555
 30
0.0
 10
376.1196016666667
 20
272.6900608333333
 30
0.0
 10
375.6885072222222
 20
278.2036247222222
 30
0.0
 10
377.8781988888889
 20
275.6265830555555
 30
0.0
 10
380.067185
 20
273.0502469444444
 30
0.0
 10
379.2388627777778
 20
275.6361080555555
 30
0.0
 10
382.4064544444445
 20
276.7579413888889
 30
0.0
 10
385.5722822222222
 20
277.8811858333333
 30
0.0
 10
377.5412961111111
 20
278.8298052777777
 30
0.0
 10
382.0561461111112
 20
283.9948247222222
 30
0.0
 10
386.233035
 20
288.7731997222222
 30
0.0
 10
380.9787627777778
 20
291.3072025
 30
0.0
 10
379.93066
 20
292.5902552777777
 30
0.0
  0
SPLINE
  5
EA
330
1F
100
AcDbEntity
  8
DEFAULT
 62
     1
100
AcDbSpline
210
0.0
220
0.0
230
1.0
 70
     8
 71
     3
 72
     8
 73
     4
 74
     0
 42
0.000000001
 43
0.0000000001
 40
0.0
 40
0.0
 40
0.0
 40
0.0
 40
1.0
 40
1.0
 40
1.0
 40
1.0
 10
390.1787838888889
 20
294.6146
 30
0.0
 10
390.319895
 20
295.9823194444444
 30
0.0
 10
389.5490755555555
 20
297.0586444444444
 30
0.0
 10
391.2812144444445
 20
298.3353472222222
 30
0.0
  0
SPLINE
  5
EB
330
1F
100
AcDbEntity
  8
DEFAULT
 62
     1
100
AcDbSpline
210
0.0
220
0.0
230
1.0
 70
     8
 71
     3
 72
    50
 73
    46
 74
     0
 42
0.000000001
 43
0.0000000001
 40
0.0
 40
0.0
 40
0.0
 40
0.0
 40
1.0
 40
1.0
 40
1.0
 40
2.0
 40
2.0
 40
2.0
 40
3.0
 40
3.0
 40
3.0
 40
4.0
 40
4.0
 40
4.0
 40
12.50400000000013
 40
12.50400000000013
 40
12.50400000000013
 40
21.00500000000011
 40
21.00500000000011
 40
21.00500000000011
 40
29.50700000000006
 40
29.50700000000006
 40
29.50700000000006
 40
30.50700000000006
 40
30.50700000000006
 40
30.50700000000006
 40
31.50700000000006
 40
31.50700000000006
 40
31.50700000000006
 40
32.50700000000006
 40
32.50700000000006
 40
32.50700000000006
 40
33.50700000000006
 40
33.50700000000006
 40
33.50700000000006
 40
34.50700000000006
 40
34.50700000000006
 40
34.50700000000006
 40
35.50700000000006
 40
35.50700000000006
 40
35.50700000000006
 40
36.50700000000006
 40
36.50700000000006
 40
36.50700000000006
 40
37.50700000000006
 40
37.50700000000006
 40
37.50700000000006
 40
37.50700000000006
 10
403.05101
 20
296.858055
 30
0.0
 10
402.647785
 20
294.2549077777778
 30
0.0
 10
401.2754794444445
 20
298.0687883333333
 30
0.0
 10
398.3054433333334
 20
296.5267966666667
 30
0.0
 10
391.1260627777778
 20
292.7982883333333
 30
0.0
 10
409.410535
 20
293.3743744444444
 30
0.0
 10
404.6501516666667
 20
289.5139272222222
 30
0.0
 10
404.6494461111111
 20
289.4606577777777
 30
0.0
 10
403.5311405555556
 20
289.0115716666667
 30
0.0
 10
402.1489572222222
 20
289.0108661111111
 30
0.0
 10
400.7674794444445
 20
289.0108661111111
 30
0.0
 10
399.9896044444444
 20
289.0591966666667
 30
0.0
 10
399.64741
 20
289.0602549999999
 30
0.0
 10
398.6474025925926
 20
289.0602549999999
 30
0.0
 10
397.6473951851852
 20
289.0602549999999
 30
0.0
 10
396.6473877777777
 20
289.0602549999999
 30
0.0
 10
396.6473877777777
 20
288.0606003703703
 30
0.0
 10
396.6473877777777
 20
287.0609457407407
 30
0.0
 10
396.6473877777777
 20
286.0612911111111
 30
0.0
 10
397.64716
 20
286.0612911111111
 30
0.0
 10
398.6469322222222
 20
286.0612911111111
 30
0.0
 10
399.6467044444444
 20
286.0612911111111
 30
0.0
 10
399.9910155555556
 20
286.063055
 30
0.0
 10
400.7643044444445
 20
286.1092688888888
 30
0.0
 10
402.1475461111111
 20
286.1120911111111
 30
0.0
 10
403.5325516666667
 20
286.1113855555556
 30
0.0
 10
404.648035
 20
285.6668855555556
 30
0.0
 10
404.6487405555555
 20
285.6083244444444
 30
0.0
 10
408.2834100000001
 20
283.5544522222222
 30
0.0
 10
397.2890905555555
 20
281.5072827777777
 30
0.0
 10
395.8307072222222
 20
280.2672688888889
 30
0.0
 10
392.7273211111112
 20
277.6235522222222
 30
0.0
 10
398.8529544444444
 20
278.9524661111111
 30
0.0
 10
398.8861155555555
 20
277.4633911111111
 30
0.0
 10
399.02511
 20
271.2911911111111
 30
0.0
 10
403.9707016666667
 20
281.2345855555555
 30
0.0
 10
403.9707016666667
 20
274.0005244444444
 30
0.0
 10
403.9707016666667
 20
265.4456633333333
 30
0.0
 10
405.2117738888889
 20
270.1199688888889
 30
0.0
 10
393.6067961111111
 20
274.3533022222222
 30
0.0
 10
389.0658405555556
 20
276.0095938888888
 30
0.0
 10
390.1421655555556
 20
280.6779022222222
 30
0.0
 10
388.7684488888889
 20
282.3031494444444
 30
0.0
 10
386.8690933333334
 20
284.5528133333333
 30
0.0
 10
383.6457627777777
 20
284.1174855555555
 30
0.0
 10
383.6457627777777
 20
287.26638
 30
0.0
  0
SPLINE
  5
EC
330
1F
100
AcDbEntity
  8
DEFAULT
 62
     1
100
AcDbSpline
210
0.0
220
0.0
230
1.0
 70
     8
 71
     3
 72
    11
 73
     7
 74
     0
 42
0.000000001
 43
0.0000000001
 40
0.0
 40
0.0
 40
0.0
 40
0.0
 40
1.0
 40
1.0
 40
1.0
 40
2.0
 40
2.0
 40
2.0
 40
2.0
 10
318.3429977777777
 20
284.8908097222222
 30
0.0
 10
319.3593505555555
 20
284.7638097222222
 30
0.0
 10
319.6306366666666
 20
284.3016708333333
 30
0.0
 10
320.2942116666666
 20
284.3016708333333
 30
0.0
 10
320.9570811111111
 20
284.3016708333333
 30
0.0
 10
321.2294255555555
 20
284.7638097222222
 30
0.0
 10
322.2450727777778
 20
284.8908097222222
 30
0.0
  0
SPLINE
  5
ED
330
1F
100
AcDbEntity
  8
DEFAULT
 62
     1
100
AcDbSpline
210
0.0
220
0.0
230
1.0
 70
     8
 71
     3
 72
    68
 73
    64
 74
     0
 42
0.000000001
 43
0.0000000001
 40
0.0
 40
0.0
 40
0.0
 40
0.0
 40
1.0
 40
1.0
 40
1.0
 40
2.0
 40
2.0
 40
2.0
 40
3.0
 40
3.0
 40
3.0
 40
4.0
 40
4.0
 40
4.0
 40
5.0
 40
5.0
 40
5.0
 40
6.0
 40
6.0
 40
6.0
 40
7.009999999999991
 40
7.009999999999991
 40
7.009999999999991
 40
8.009999999999991
 40
8.009999999999991
 40
8.009999999999991
 40
9.009999999999991
 40
9.009999999999991
 40
9.009999999999991
 40
14.67000000000007
 40
14.67000000000007
 40
14.67000000000007
 40
23.17000000000007
 40
23.17000000000007
 40
23.17000000000007
 40
28.83000000000015
 40
28.83000000000015
 40
28.83000000000015
 40
29.83000000000015
 40
29.83000000000015
 40
29.83000000000015
 40
30.83000000000015
 40
30.83000000000015
 40
30.83000000000015
 40
31.83000000000015
 40
31.83000000000015
 40
31.83000000000015
 40
32.83000000000015
 40
32.83000000000015
 40
32.83000000000015
 40
33.83000000000015
 40
33.83000000000015
 40
33.83000000000015
 40
34.83000000000015
 40
34.83000000000015
 40
34.83000000000015
 40
35.83000000000015
 40
35.83000000000015
 40
35.83000000000015
 40
36.83000000000015
 40
36.83000000000015
 40
36.83000000000015
 40
37.83000000000015
 40
37.83000000000015
 40
37.83000000000015
 40
37.83000000000015
 10
324.3333408333333
 20
283.6736558333333
 30
0.0
 10
325.9106102777777
 20
284.5238502777777
 30
0.0
 10
324.7923047222222
 20
277.5247391666666
 30
0.0
 10
326.5561936111111
 20
279.5249891666666
 30
0.0
 10
328.4569602777777
 20
281.6808141666666
 30
0.0
 10
327.3464158333333
 20
284.6120447222222
 30
0.0
 10
328.9265075
 20
280.9960725
 30
0.0
 10
329.9460352777778
 20
278.6680919444444
 30
0.0
 10
328.1084158333333
 20
277.8284808333333
 30
0.0
 10
328.6411102777777
 20
276.2900169444444
 30
0.0
 10
330.3235074999999
 20
271.4181558333333
 30
0.0
 10
324.0190158333333
 20
273.6724058333333
 30
0.0
 10
324.6261463888889
 20
270.8470086111111
 30
0.0
 10
324.8907297222222
 20
269.6154613888888
 30
0.0
 10
324.7570269444444
 20
269.1572030555555
 30
0.0
 10
324.3862574999999
 20
269.0898225
 30
0.0
 10
324.3615630555555
 20
269.0898225
 30
0.0
 10
324.3368686111111
 20
269.0862947222222
 30
0.0
 10
324.3118213888889
 20
269.0831197222222
 30
0.0
 10
323.5611102777777
 20
269.0407863888888
 30
0.0
 10
323.5078408333333
 20
270.2998502777778
 30
0.0
 10
322.2448963888889
 20
270.3037308333333
 30
0.0
 10
322.1919797222222
 20
270.3037308333333
 30
0.0
 10
321.7439519444444
 20
271.4220363888888
 30
0.0
 10
321.7439519444444
 20
272.8081002777777
 30
0.0
 10
321.7439519444444
 20
274.1909891666666
 30
0.0
 10
321.7936936111111
 20
274.9639252777778
 30
0.0
 10
321.7936936111111
 20
275.3092947222221
 30
0.0
 10
321.7936936111111
 20
275.9748687962962
 30
0.0
 10
321.7936936111111
 20
276.6404428703704
 30
0.0
 10
321.7936936111111
 20
277.3060169444444
 30
0.0
 10
320.7941565740741
 20
277.3060169444444
 30
0.0
 10
319.794619537037
 20
277.3060169444444
 30
0.0
 10
318.7950825
 20
277.3060169444444
 30
0.0
 10
318.7950825
 20
276.6404428703704
 30
0.0
 10
318.7950825
 20
275.9748687962962
 30
0.0
 10
318.7950825
 20
275.3092947222221
 30
0.0
 10
318.7950825
 20
274.9639252777778
 30
0.0
 10
318.8437658333333
 20
274.1909891666666
 30
0.0
 10
318.8437658333333
 20
272.8081002777777
 30
0.0
 10
318.8437658333333
 20
271.4220363888888
 30
0.0
 10
318.3996186111111
 20
270.3037308333333
 30
0.0
 10
318.3431741666666
 20
270.3037308333333
 30
0.0
 10
317.0834047222222
 20
270.2998502777778
 30
0.0
 10
317.0276658333333
 20
269.0407863888888
 30
0.0
 10
316.2758963888888
 20
269.0831197222222
 30
0.0
 10
316.2512019444444
 20
269.0862947222222
 30
0.0
 10
316.2265075
 20
269.0898225
 30
0.0
 10
316.2021658333333
 20
269.0898225
 30
0.0
 10
315.8313963888888
 20
269.1572030555555
 30
0.0
 10
315.6973408333333
 20
269.6154613888888
 30
0.0
 10
315.9619241666666
 20
270.8470086111111
 30
0.0
 10
316.5687019444444
 20
273.6724058333333
 30
0.0
 10
310.2649158333333
 20
271.4181558333333
 30
0.0
 10
311.9476658333333
 20
276.2900169444444
 30
0.0
 10
312.4800074999999
 20
277.8284808333333
 30
0.0
 10
310.6416824999999
 20
278.6680919444444
 30
0.0
 10
311.6615630555555
 20
280.9960725
 30
0.0
 10
313.2423602777778
 20
284.6120447222222
 30
0.0
 10
312.1307575
 20
281.6808141666666
 30
0.0
 10
314.0325825
 20
279.5249891666666
 30
0.0
 10
315.7964713888888
 20
277.5247391666666
 30
0.0
 10
314.6781658333333
 20
284.5238502777777
 30
0.0
 10
316.2547297222222
 20
283.6736558333333
 30
0.0
  0
SPLINE
  5
EE
330
1F
100
AcDbEntity
  8
DEFAULT
 62
     1
100
AcDbSpline
210
0.0
220
0.0
230
1.0
 70
     8
 71
     3
 72
    11
 73
     7
 74
     0
 42
0.000000001
 43
0.0000000001
 40
0.0
 40
0.0
 40
0.0
 40
0.0
 40
1.0
 40
1.0
 40
1.0
 40
2.0
 40
2.0
 40
2.0
 40
2.0
 10
318.3429977777777
 20
299.4780297222222
 30
0.0
 10
319.3593505555555
 20
299.3510297222222
 30
0.0
 10
319.6306366666666
 20
298.8888908333333
 30
0.0
 10
320.2942116666666
 20
298.8888908333333
 30
0.0
 10
320.9570811111111
 20
298.8888908333333
 30
0.0
 10
321.2294255555555
 20
299.3510297222222
 30
0.0
 10
322.2450727777778
 20
299.4780297222222
 30
0.0
  0
SPLINE
  5
EF
330
1F
100
AcDbEntity
  8
DEFAULT
 62
     1
100
AcDbSpline
210
0.0
220
0.0
230
1.0
 70
     8
 71
     3
 72
    68
 73
    64
 74
     0
 42
0.000000001
 43
0.0000000001
 40
0.0
 40
0.0
 40
0.0
 40
0.0
 40
1.0
 40
1.0
 40
1.0
 40
2.0
 40
2.0
 40
2.0
 40
3.0
 40
3.0
 40
3.0
 40
4.0
 40
4.0
 40
4.0
 40
5.0
 40
5.0
 40
5.0
 40
6.0
 40
6.0
 40
6.0
 40
7.009999999999991
 40
7.009999999999991
 40
7.009999999999991
 40
8.009999999999991
 40
8.009999999999991
 40
8.009999999999991
 40
9.009999999999991
 40
9.009999999999991
 40
9.009999999999991
 40
14.67000000000007
 40
14.67000000000007
 40
14.67000000000007
 40
23.17000000000007
 40
23.17000000000007
 40
23.17000000000007
 40
28.83000000000015
 40
28.83000000000015
 40
28.83000000000015
 40
29.83000000000015
 40
29.83000000000015
 40
29.83000000000015
 40
30.83000000000015
 40
30.83000000000015
 40
30.83000000000015
 40
31.83000000000015
 40
31.83000000000015
 40
31.83000000000015
 40
32.83000000000015
 40
32.83000000000015
 40
32.83000000000015
 40
33.83000000000015
 40
33.83000000000015
 40
33.83000000000015
 40
34.83000000000015
 40
34.83000000000015
 40
34.83000000000015
 40
35.83000000000015
 40
35.83000000000015
 40
35.83000000000015
 40
36.83000000000015
 40
36.83000000000015
 40
36.83000000000015
 40
37.83000000000015
 40
37.83000000000015
 40
37.83000000000015
 40
37.83000000000015
 10
324.3333408333333
 20
298.2608758333333
 30
0.0
 10
325.9106102777777
 20
299.1110702777777
 30
0.0
 10
324.7923047222222
 20
292.1119591666666
 30
0.0
 10
326.5561936111111
 20
294.1122091666666
 30
0.0
 10
328.4569602777777
 20
296.2680341666666
 30
0.0
 10
327.3464158333333
 20
299.1992647222222
 30
0.0
 10
328.9265075
 20
295.5832925
 30
0.0
 10
329.9460352777778
 20
293.2553119444444
 30
0.0
 10
328.1084158333333
 20
292.4157008333333
 30
0.0
 10
328.6411102777777
 20
290.8772369444444
 30
0.0
 10
330.3235074999999
 20
286.0053758333333
 30
0.0
 10
324.0190158333333
 20
288.2596258333333
 30
0.0
 10
324.6261463888889
 20
285.4342286111111
 30
0.0
 10
324.8907297222222
 20
284.2026813888888
 30
0.0
 10
324.7570269444444
 20
283.7444230555555
 30
0.0
 10
324.3862574999999
 20
283.6770425
 30
0.0
 10
324.3615630555555
 20
283.6770425
 30
0.0
 10
324.3368686111111
 20
283.6735147222222
 30
0.0
 10
324.3118213888889
 20
283.6703397222222
 30
0.0
 10
323.5611102777777
 20
283.6280063888888
 30
0.0
 10
323.5078408333333
 20
284.8870702777778
 30
0.0
 10
322.2448963888889
 20
284.8909508333333
 30
0.0
 10
322.1919797222222
 20
284.8909508333333
 30
0.0
 10
321.7439519444444
 20
286.0092563888888
 30
0.0
 10
321.7439519444444
 20
287.3953202777777
 30
0.0
 10
321.7439519444444
 20
288.7782091666666
 30
0.0
 10
321.7936936111111
 20
289.5511452777778
 30
0.0
 10
321.7936936111111
 20
289.8965147222222
 30
0.0
 10
321.7936936111111
 20
290.5620887962962
 30
0.0
 10
321.7936936111111
 20
291.2276628703704
 30
0.0
 10
321.7936936111111
 20
291.8932369444444
 30
0.0
 10
320.7941565740741
 20
291.8932369444444
 30
0.0
 10
319.794619537037
 20
291.8932369444444
 30
0.0
 10
318.7950825
 20
291.8932369444444
 30
0.0
 10
318.7950825
 20
291.2276628703704
 30
0.0
 10
318.7950825
 20
290.5620887962962
 30
0.0
 10
318.7950825
 20
289.8965147222222
 30
0.0
 10
318.7950825
 20
289.5511452777778
 30
0.0
 10
318.8437658333333
 20
288.7782091666666
 30
0.0
 10
318.8437658333333
 20
287.3953202777777
 30
0.0
 10
318.8437658333333
 20
286.0092563888888
 30
0.0
 10
318.3996186111111
 20
284.8909508333333
 30
0.0
 10
318.3431741666666
 20
284.8909508333333
 30
0.0
 10
317.0834047222222
 20
284.8870702777778
 30
0.0
 10
317.0276658333333
 20
283.6280063888888
 30
0.0
 10
316.2758963888888
 20
283.6703397222222
 30
0.0
 10
316.2512019444444
 20
283.6735147222222
 30
0.0
 10
316.2265075
 20
283.6770425
 30
0.0
 10
316.2021658333333
 20
283.6770425
 30
0.0
 10
315.8313963888888
 20
283.7444230555555
 30
0.0
 10
315.6973408333333
 20
284.2026813888888
 30
0.0
 10
315.9619241666666
 20
285.4342286111111
 30
0.0
 10
316.5687019444444
 20
288.2596258333333
 30
0.0
 10
310.2649158333333
 20
286.0053758333333
 30
0.0
 10
311.9476658333333
 20
290.8772369444444
 30
0.0
 10
312.4800074999999
 20
292.4157008333333
 30
0.0
 10
310.6416824999999
 20
293.2553119444444
 30
0.0
 10
311.6615630555555
 20
295.5832925
 30
0.0
 10
313.2423602777778
 20
299.1992647222222
 30
0.0
 10
312.1307575
 20
296.2680341666666
 30
0.0
 10
314.0325825
 20
294.1122091666666
 30
0.0
 10
315.7964713888888
 20
292.1119591666666
 30
0.0
 10
314.6781658333333
 20
299.1110702777777
 30
0.0
 10
316.2547297222222
 20
298.2608758333333
 30
0.0
  0
SPLINE
  5
F0
330
1F
100
AcDbEntity
  8
DEFAULT
 62
     1
100
AcDbSpline
210
0.0
220
0.0
230
1.0
 70
     8
 71
     3
 72
    11
 73
     7
 74
     0
 42
0.000000001
 43
0.0000000001
 40
0.0
 40
0.0
 40
0.0
 40
0.0
 40
1.0
 40
1.0
 40
1.0
 40
2.0
 40
2.0
 40
2.0
 40
2.0
 10
318.3429977777777
 20
314.0652497222222
 30
0.0
 10
319.3593505555555
 20
313.9382497222222
 30
0.0
 10
319.6306366666666
 20
313.4761108333333
 30
0.0
 10
320.2942116666666
 20
313.4761108333333
 30
0.0
 10
320.9570811111111
 20
313.4761108333333
 30
0.0
 10
321.2294255555555
 20
313.9382497222222
 30
0.0
 10
322.2450727777778
 20
314.0652497222222
 30
0.0
  0
SPLINE
  5
F1
330
1F
100
AcDbEntity
  8
DEFAULT
 62
     1
100
AcDbSpline
210
0.0
220
0.0
230
1.0
 70
     8
 71
     3
 72
    68
 73
    64
 74
     0
 42
0.000000001
 43
0.0000000001
 40
0.0
 40
0.0
 40
0.0
 40
0.0
 40
1.0
 40
1.0
 40
1.0
 40
2.0
 40
2.0
 40
2.0
 40
3.0
 40
3.0
 40
3.0
 40
4.0
 40
4.0
 40
4.0
 40
5.0
 40
5.0
 40
5.0
 40
6.0
 40
6.0
 40
6.0
 40
7.009999999999991
 40
7.009999999999991
 40
7.009999999999991
 40
8.009999999999991
 40
8.009999999999991
 40
8.009999999999991
 40
9.009999999999991
 40
9.009999999999991
 40
9.009999999999991
 40
14.67000000000007
 40
14.67000000000007
 40
14.67000000000007
 40
23.17000000000007
 40
23.17000000000007
 40
23.17000000000007
 40
28.83000000000015
 40
28.83000000000015
 40
28.83000000000015
 40
29.83000000000015
 40
29.83000000000015
 40
29.83000000000015
 40
30.83000000000015
 40
30.83000000000015
 40
30.83000000000015
 40
31.83000000000015
 40
31.83000000000015
 40
31.83000000000015
 40
32.83000000000015
 40
32.83000000000015
 40
32.83000000000015
 40
33.83000000000015
 40
33.83000000000015
 40
33.83000000000015
 40
34.83000000000015
 40
34.83000000000015
 40
34.83000000000015
 40
35.83000000000015
 40
35.83000000000015
 40
35.83000000000015
 40
36.83000000000015
 40
36.83000000000015
 40
36.83000000000015
 40
37.83000000000015
 40
37.83000000000015
 40
37.83000000000015
 40
37.83000000000015
 10
324.3333408333333
 20
312.8480958333333
 30
0.0
 10
325.9106102777777
 20
313.6982902777777
 30
0.0
 10
324.7923047222222
 20
306.6991791666666
 30
0.0
 10
326.5561936111111
 20
308.6994291666666
 30
0.0
 10
328.4569602777777
 20
310.8552541666666
 30
0.0
 10
327.3464158333333
 20
313.7864847222222
 30
0.0
 10
328.9265075
 20
310.1705125
 30
0.0
 10
329.9460352777778
 20
307.8425319444444
 30
0.0
 10
328.1084158333333
 20
307.0029208333333
 30
0.0
 10
328.6411102777777
 20
305.4644569444444
 30
0.0
 10
330.3235074999999
 20
300.5925958333333
 30
0.0
 10
324.0190158333333
 20
302.8468458333333
 30
0.0
 10
324.6261463888889
 20
300.0214486111111
 30
0.0
 10
324.8907297222222
 20
298.7899013888888
 30
0.0
 10
324.7570269444444
 20
298.3316430555555
 30
0.0
 10
324.3862574999999
 20
298.2642625
 30
0.0
 10
324.3615630555555
 20
298.2642625
 30
0.0
 10
324.3368686111111
 20
298.2607347222222
 30
0.0
 10
324.3118213888889
 20
298.2575597222222
 30
0.0
 10
323.5611102777777
 20
298.2152263888888
 30
0.0
 10
323.5078408333333
 20
299.4742902777778
 30
0.0
 10
322.2448963888889
 20
299.4781708333333
 30
0.0
 10
322.1919797222222
 20
299.4781708333333
 30
0.0
 10
321.7439519444444
 20
300.5964763888888
 30
0.0
 10
321.7439519444444
 20
301.9825402777777
 30
0.0
 10
321.7439519444444
 20
303.3654291666666
 30
0.0
 10
321.7936936111111
 20
304.1383652777778
 30
0.0
 10
321.7936936111111
 20
304.4837347222222
 30
0.0
 10
321.7936936111111
 20
305.1493087962962
 30
0.0
 10
321.7936936111111
 20
305.8148828703704
 30
0.0
 10
321.7936936111111
 20
306.4804569444444
 30
0.0
 10
320.7941565740741
 20
306.4804569444444
 30
0.0
 10
319.794619537037
 20
306.4804569444444
 30
0.0
 10
318.7950825
 20
306.4804569444444
 30
0.0
 10
318.7950825
 20
305.8148828703704
 30
0.0
 10
318.7950825
 20
305.1493087962962
 30
0.0
 10
318.7950825
 20
304.4837347222222
 30
0.0
 10
318.7950825
 20
304.1383652777778
 30
0.0
 10
318.8437658333333
 20
303.3654291666666
 30
0.0
 10
318.8437658333333
 20
301.9825402777777
 30
0.0
 10
318.8437658333333
 20
300.5964763888888
 30
0.0
 10
318.3996186111111
 20
299.4781708333333
 30
0.0
 10
318.3431741666666
 20
299.4781708333333
 30
0.0
 10
317.0834047222222
 20
299.4742902777778
 30
0.0
 10
317.0276658333333
 20
298.2152263888888
 30
0.0
 10
316.2758963888888
 20
298.2575597222222
 30
0.0
 10
316.2512019444444
 20
298.2607347222222
 30
0.0
 10
316.2265075
 20
298.2642625
 30
0.0
 10
316.2021658333333
 20
298.2642625
 30
0.0
 10
315.8313963888888
 20
298.3316430555555
 30
0.0
 10
315.6973408333333
 20
298.7899013888888
 30
0.0
 10
315.9619241666666
 20
300.0214486111111
 30
0.0
 10
316.5687019444444
 20
302.8468458333333
 30
0.0
 10
310.2649158333333
 20
300.5925958333333
 30
0.0
 10
311.9476658333333
 20
305.4644569444444
 30
0.0
 10
312.4800074999999
 20
307.0029208333333
 30
0.0
 10
310.6416824999999
 20
307.8425319444444
 30
0.0
 10
311.6615630555555
 20
310.1705125
 30
0.0
 10
313.2423602777778
 20
313.7864847222222
 30
0.0
 10
312.1307575
 20
310.8552541666666
 30
0.0
 10
314.0325825
 20
308.6994291666666
 30
0.0
 10
315.7964713888888
 20
306.6991791666666
 30
0.0
 10
314.6781658333333
 20
313.6982902777777
 30
0.0
 10
316.2547297222222
 20
312.8480958333333
 30
0.0
  0
SPLINE
  5
F2
330
1F
100
AcDbEntity
  8
DEFAULT
 62
     1
100
AcDbSpline
210
0.0
220
0.0
230
1.0
 70
     8
 71
     3
 72
    11
 73
     7
 74
     0
 42
0.000000001
 43
0.0000000001
 40
0.0
 40
0.0
 40
0.0
 40
0.0
 40
1.0
 40
1.0
 40
1.0
 40
2.0
 40
2.0
 40
2.0
 40
2.0
 10
318.3429977777777
 20
328.6524697222222
 30
0.0
 10
319.3593505555555
 20
328.5254697222222
 30
0.0
 10
319.6306366666666
 20
328.0633308333333
 30
0.0
 10
320.2942116666666
 20
328.0633308333333
 30
0.0
 10
320.9570811111111
 20
328.0633308333333
 30
0.0
 10
321.2294255555555
 20
328.5254697222222
 30
0.0
 10
322.2450727777778
 20
328.6524697222222
 30
0.0
  0
SPLINE
  5
F3
330
1F
100
AcDbEntity
  8
DEFAULT
 62
     1
100
AcDbSpline
210
0.0
220
0.0
230
1.0
 70
     8
 71
     3
 72
    68
 73
    64
 74
     0
 42
0.000000001
 43
0.0000000001
 40
0.0
 40
0.0
 40
0.0
 40
0.0
 40
1.0
 40
1.0
 40
1.0
 40
2.0
 40
2.0
 40
2.0
 40
3.0
 40
3.0
 40
3.0
 40
4.0
 40
4.0
 40
4.0
 40
5.0
 40
5.0
 40
5.0
 40
6.0
 40
6.0
 40
6.0
 40
7.009999999999991
 40
7.009999999999991
 40
7.009999999999991
 40
8.009999999999991
 40
8.009999999999991
 40
8.009999999999991
 40
9.009999999999991
 40
9.009999999999991
 40
9.009999999999991
 40
14.67000000000007
 40
14.67000000000007
 40
14.67000000000007
 40
23.17000000000007
 40
23.17000000000007
 40
23.17000000000007
 40
28.83000000000015
 40
28.83000000000015
 40
28.83000000000015
 40
29.83000000000015
 40
29.83000000000015
 40
29.83000000000015
 40
30.83000000000015
 40
30.83000000000015
 40
30.83000000000015
 40
31.83000000000015
 40
31.83000000000015
 40
31.83000000000015
 40
32.83000000000015
 40
32.83000000000015
 40
32.83000000000015
 40
33.83000000000015
 40
33.83000000000015
 40
33.83000000000015
 40
34.83000000000015
 40
34.83000000000015
 40
34.83000000000015
 40
35.83000000000015
 40
35.83000000000015
 40
35.83000000000015
 40
36.83000000000015
 40
36.83000000000015
 40
36.83000000000015
 40
37.83000000000015
 40
37.83000000000015
 40
37.83000000000015
 40
37.83000000000015
 10
324.3333408333333
 20
327.4353158333333
 30
0.0
 10
325.9106102777777
 20
328.2855102777777
 30
0.0
 10
324.7923047222222
 20
321.2863991666666
 30
0.0
 10
326.5561936111111
 20
323.2866491666666
 30
0.0
 10
328.4569602777777
 20
325.4424741666666
 30
0.0
 10
327.3464158333333
 20
328.3737047222222
 30
0.0
 10
328.9265075
 20
324.7577325
 30
0.0
 10
329.9460352777778
 20
322.4297519444444
 30
0.0
 10
328.1084158333333
 20
321.5901408333333
 30
0.0
 10
328.6411102777777
 20
320.0516769444444
 30
0.0
 10
330.3235074999999
 20
315.1798158333333
 30
0.0
 10
324.0190158333333
 20
317.4340658333333
 30
0.0
 10
324.6261463888889
 20
314.6086686111111
 30
0.0
 10
324.8907297222222
 20
313.3771213888888
 30
0.0
 10
324.7570269444444
 20
312.9188630555555
 30
0.0
 10
324.3862574999999
 20
312.8514825
 30
0.0
 10
324.3615630555555
 20
312.8514825
 30
0.0
 10
324.3368686111111
 20
312.8479547222222
 30
0.0
 10
324.3118213888889
 20
312.8447797222222
 30
0.0
 10
323.5611102777777
 20
312.8024463888888
 30
0.0
 10
323.5078408333333
 20
314.0615102777778
 30
0.0
 10
322.2448963888889
 20
314.0653908333333
 30
0.0
 10
322.1919797222222
 20
314.0653908333333
 30
0.0
 10
321.7439519444444
 20
315.1836963888888
 30
0.0
 10
321.7439519444444
 20
316.5697602777777
 30
0.0
 10
321.7439519444444
 20
317.9526491666666
 30
0.0
 10
321.7936936111111
 20
318.7255852777778
 30
0.0
 10
321.7936936111111
 20
319.0709547222222
 30
0.0
 10
321.7936936111111
 20
319.7365287962962
 30
0.0
 10
321.7936936111111
 20
320.4021028703704
 30
0.0
 10
321.7936936111111
 20
321.0676769444444
 30
0.0
 10
320.7941565740741
 20
321.0676769444444
 30
0.0
 10
319.794619537037
 20
321.0676769444444
 30
0.0
 10
318.7950825
 20
321.0676769444444
 30
0.0
 10
318.7950825
 20
320.4021028703704
 30
0.0
 10
318.7950825
 20
319.7365287962962
 30
0.0
 10
318.7950825
 20
319.0709547222222
 30
0.0
 10
318.7950825
 20
318.7255852777778
 30
0.0
 10
318.8437658333333
 20
317.9526491666666
 30
0.0
 10
318.8437658333333
 20
316.5697602777777
 30
0.0
 10
318.8437658333333
 20
315.1836963888888
 30
0.0
 10
318.3996186111111
 20
314.0653908333333
 30
0.0
 10
318.3431741666666
 20
314.0653908333333
 30
0.0
 10
317.0834047222222
 20
314.0615102777778
 30
0.0
 10
317.0276658333333
 20
312.8024463888888
 30
0.0
 10
316.2758963888888
 20
312.8447797222222
 30
0.0
 10
316.2512019444444
 20
312.8479547222222
 30
0.0
 10
316.2265075
 20
312.8514825
 30
0.0
 10
316.2021658333333
 20
312.8514825
 30
0.0
 10
315.8313963888888
 20
312.9188630555555
 30
0.0
 10
315.6973408333333
 20
313.3771213888888
 30
0.0
 10
315.9619241666666
 20
314.6086686111111
 30
0.0
 10
316.5687019444444
 20
317.4340658333333
 30
0.0
 10
310.2649158333333
 20
315.1798158333333
 30
0.0
 10
311.9476658333333
 20
320.0516769444444
 30
0.0
 10
312.4800074999999
 20
321.5901408333333
 30
0.0
 10
310.6416824999999
 20
322.4297519444444
 30
0.0
 10
311.6615630555555
 20
324.7577325
 30
0.0
 10
313.2423602777778
 20
328.3737047222222
 30
0.0
 10
312.1307575
 20
325.4424741666666
 30
0.0
 10
314.0325825
 20
323.2866491666666
 30
0.0
 10
315.7964713888888
 20
321.2863991666666
 30
0.0
 10
314.6781658333333
 20
328.2855102777777
 30
0.0
 10
316.2547297222222
 20
327.4353158333333
 30
0.0
  0
SPLINE
  5
F4
330
1F
100
AcDbEntity
  8
DEFAULT
 62
     1
100
AcDbSpline
210
0.0
220
0.0
230
1.0
 70
     8
 71
     3
 72
    11
 73
     7
 74
     0
 42
0.000000001
 43
0.0000000001
 40
0.0
 40
0.0
 40
0.0
 40
0.0
 40
1.0
 40
1.0
 40
1.0
 40
2.0
 40
2.0
 40
2.0
 40
2.0
 10
318.3429977777777
 20
343.239725
 30
0.0
 10
319.3593505555555
 20
343.112725
 30
0.0
 10
319.6306366666666
 20
342.6505861111111
 30
0.0
 10
320.2942116666666
 20
342.6505861111111
 30
0.0
 10
320.9570811111111
 20
342.6505861111111
 30
0.0
 10
321.2294255555555
 20
343.112725
 30
0.0
 10
322.2450727777778
 20
343.239725
 30
0.0
  0
SPLINE
  5
F5
330
1F
100
AcDbEntity
  8
DEFAULT
 62
     1
100
AcDbSpline
210
0.0
220
0.0
230
1.0
 70
     8
 71
     3
 72
    68
 73
    64
 74
     0
 42
0.000000001
 43
0.0000000001
 40
0.0
 40
0.0
 40
0.0
 40
0.0
 40
1.0
 40
1.0
 40
1.0
 40
2.0
 40
2.0
 40
2.0
 40
3.0
 40
3.0
 40
3.0
 40
4.0
 40
4.0
 40
4.0
 40
5.0
 40
5.0
 40
5.0
 40
6.0
 40
6.0
 40
6.0
 40
7.009999999999991
 40
7.009999999999991
 40
7.009999999999991
 40
8.009999999999991
 40
8.009999999999991
 40
8.009999999999991
 40
9.009999999999991
 40
9.009999999999991
 40
9.009999999999991
 40
14.67000000000007
 40
14.67000000000007
 40
14.67000000000007
 40
23.17000000000007
 40
23.17000000000007
 40
23.17000000000007
 40
28.83000000000015
 40
28.83000000000015
 40
28.83000000000015
 40
29.83000000000015
 40
29.83000000000015
 40
29.83000000000015
 40
30.83000000000015
 40
30.83000000000015
 40
30.83000000000015
 40
31.83000000000015
 40
31.83000000000015
 40
31.83000000000015
 40
32.83000000000015
 40
32.83000000000015
 40
32.83000000000015
 40
33.83000000000015
 40
33.83000000000015
 40
33.83000000000015
 40
34.83000000000015
 40
34.83000000000015
 40
34.83000000000015
 40
35.83000000000015
 40
35.83000000000015
 40
35.83000000000015
 40
36.83000000000015
 40
36.83000000000015
 40
36.83000000000015
 40
37.83000000000015
 40
37.83000000000015
 40
37.83000000000015
 40
37.83000000000015
 10
324.3333408333333
 20
342.0225711111111
 30
0.0
 10
325.9106102777777
 20
342.8727655555555
 30
0.0
 10
324.7923047222222
 20
335.8736544444444
 30
0.0
 10
326.5561936111111
 20
337.8739044444444
 30
0.0
 10
328.4569602777777
 20
340.0297294444444
 30
0.0
 10
327.3464158333333
 20
342.9609599999999
 30
0.0
 10
328.9265075
 20
339.3449877777777
 30
0.0
 10
329.9460352777778
 20
337.0170072222222
 30
0.0
 10
328.1084158333333
 20
336.1773961111111
 30
0.0
 10
328.6411102777777
 20
334.6389322222222
 30
0.0
 10
330.3235074999999
 20
329.7670711111111
 30
0.0
 10
324.0190158333333
 20
332.021321111111
 30
0.0
 10
324.6261463888889
 20
329.1959238888888
 30
0.0
 10
324.8907297222222
 20
327.9643766666666
 30
0.0
 10
324.7570269444444
 20
327.5061183333333
 30
0.0
 10
324.3862574999999
 20
327.4387377777777
 30
0.0
 10
324.3615630555555
 20
327.4387377777777
 30
0.0
 10
324.3368686111111
 20
327.4352099999999
 30
0.0
 10
324.3118213888889
 20
327.4320349999999
 30
0.0
 10
323.5611102777777
 20
327.3897016666666
 30
0.0
 10
323.5078408333333
 20
328.6487655555555
 30
0.0
 10
322.2448963888889
 20
328.6526461111111
 30
0.0
 10
322.1919797222222
 20
328.6526461111111
 30
0.0
 10
321.7439519444444
 20
329.7709516666666
 30
0.0
 10
321.7439519444444
 20
331.1570155555555
 30
0.0
 10
321.7439519444444
 20
332.5399044444444
 30
0.0
 10
321.7936936111111
 20
333.3128405555555
 30
0.0
 10
321.7936936111111
 20
333.6582099999999
 30
0.0
 10
321.7936936111111
 20
334.323784074074
 30
0.0
 10
321.7936936111111
 20
334.9893581481481
 30
0.0
 10
321.7936936111111
 20
335.6549322222222
 30
0.0
 10
320.7941565740741
 20
335.6549322222222
 30
0.0
 10
319.794619537037
 20
335.6549322222222
 30
0.0
 10
318.7950825
 20
335.6549322222222
 30
0.0
 10
318.7950825
 20
334.9893581481481
 30
0.0
 10
318.7950825
 20
334.323784074074
 30
0.0
 10
318.7950825
 20
333.6582099999999
 30
0.0
 10
318.7950825
 20
333.3128405555555
 30
0.0
 10
318.8437658333333
 20
332.5399044444444
 30
0.0
 10
318.8437658333333
 20
331.1570155555555
 30
0.0
 10
318.8437658333333
 20
329.7709516666666
 30
0.0
 10
318.3996186111111
 20
328.6526461111111
 30
0.0
 10
318.3431741666666
 20
328.6526461111111
 30
0.0
 10
317.0834047222222
 20
328.6487655555555
 30
0.0
 10
317.0276658333333
 20
327.3897016666666
 30
0.0
 10
316.2758963888888
 20
327.4320349999999
 30
0.0
 10
316.2512019444444
 20
327.4352099999999
 30
0.0
 10
316.2265075
 20
327.4387377777777
 30
0.0
 10
316.2021658333333
 20
327.4387377777777
 30
0.0
 10
315.8313963888888
 20
327.5061183333333
 30
0.0
 10
315.6973408333333
 20
327.9643766666666
 30
0.0
 10
315.9619241666666
 20
329.1959238888888
 30
0.0
 10
316.5687019444444
 20
332.021321111111
 30
0.0
 10
310.2649158333333
 20
329.7670711111111
 30
0.0
 10
311.9476658333333
 20
334.6389322222222
 30
0.0
 10
312.4800074999999
 20
336.1773961111111
 30
0.0
 10
310.6416824999999
 20
337.0170072222222
 30
0.0
 10
311.6615630555555
 20
339.3449877777777
 30
0.0
 10
313.2423602777778
 20
342.9609599999999
 30
0.0
 10
312.1307575
 20
340.0297294444444
 30
0.0
 10
314.0325825
 20
337.8739044444444
 30
0.0
 10
315.7964713888888
 20
335.8736544444444
 30
0.0
 10
314.6781658333333
 20
342.8727655555555
 30
0.0
 10
316.2547297222222
 20
342.0225711111111
 30
0.0
  0
SPLINE
  5
F6
330
1F
100
AcDbEntity
  8
DEFAULT
 62
     1
100
AcDbSpline
210
0.0
220
0.0
230
1.0
 70
    11
 71
     3
 72
    80
 73
    76
 74
     0
 42
0.000000001
 43
0.0000000001
 40
1.0
 40
1.0
 40
1.0
 40
1.0
 40
2.0
 40
2.0
 40
2.0
 40
3.0
 40
3.0
 40
3.0
 40
4.0
 40
4.0
 40
4.0
 40
5.0
 40
5.0
 40
5.0
 40
6.0
 40
6.0
 40
6.0
 40
7.0
 40
7.0
 40
7.0
 40
8.0
 40
8.0
 40
8.0
 40
9.0
 40
9.0
 40
9.0
 40
10.0
 40
10.0
 40
10.0
 40
11.0
 40
11.0
 40
11.0
 40
12.0
 40
12.0
 40
12.0
 40
13.0
 40
13.0
 40
13.0
 40
14.0
 40
14.0
 40
14.0
 40
15.0
 40
15.0
 40
15.0
 40
16.0
 40
16.0
 40
16.0
 40
17.0
 40
17.0
 40
17.0
 40
18.0
 40
18.0
 40
18.0
 40
19.00900000000001
 40
19.00900000000001
 40
19.00900000000001
 40
20.00900000000001
 40
20.00900000000001
 40
20.00900000000001
 40
21.00900000000001
 40
21.00900000000001
 40
21.00900000000001
 40
26.67000000000007
 40
26.67000000000007
 40
26.67000000000007
 40
35.17000000000007
 40
35.17000000000007
 40
35.17000000000007
 40
40.83100000000013
 40
40.83100000000013
 40
40.83100000000013
 40
41.83100000000013
 40
41.83100000000013
 40
41.83100000000013
 40
42.83100000000013
 40
42.83100000000013
 40
42.83100000000013
 40
42.83100000000013
 10
318.3395758333333
 20
343.239725
 30
0.0
 10
317.0801591666666
 20
343.2358444444444
 30
0.0
 10
317.0240674999999
 20
341.9767805555555
 30
0.0
 10
316.2726508333333
 20
342.0191138888889
 30
0.0
 10
316.2476036111111
 20
342.0226416666666
 30
0.0
 10
316.2229091666666
 20
342.0261694444444
 30
0.0
 10
316.1989202777777
 20
342.0261694444444
 30
0.0
 10
315.8281508333333
 20
342.0931972222222
 30
0.0
 10
315.6937425
 20
342.5518083333333
 30
0.0
 10
315.9583258333333
 20
343.7830027777777
 30
0.0
 10
316.5654563888889
 20
346.6087527777777
 30
0.0
 10
310.2616702777777
 20
344.3541499999999
 30
0.0
 10
311.9440675
 20
349.2263638888888
 30
0.0
 10
312.4767619444444
 20
350.7644749999999
 30
0.0
 10
310.6384369444444
 20
351.6040861111111
 30
0.0
 10
311.6583175
 20
353.9324194444444
 30
0.0
 10
313.2387619444444
 20
357.5483916666666
 30
0.0
 10
312.1275119444444
 20
354.6168083333333
 30
0.0
 10
314.0289841666666
 20
352.4613361111111
 30
0.0
 10
315.7928730555555
 20
350.4610861111111
 30
0.0
 10
314.6745675
 20
357.4601972222222
 30
0.0
 10
316.2511313888889
 20
356.6096499999999
 30
0.0
 10
316.9111786111111
 20
356.2536972222222
 30
0.0
 10
317.0664008333333
 20
357.8270861111111
 30
0.0
 10
318.3395758333333
 20
357.8270861111111
 30
0.0
 10
319.3559286111111
 20
357.6997333333333
 30
0.0
 10
319.6272147222222
 20
357.2379472222221
 30
0.0
 10
320.2907897222222
 20
357.2379472222221
 30
0.0
 10
320.9536591666666
 20
357.2379472222221
 30
0.0
 10
321.2260036111111
 20
357.6997333333333
 30
0.0
 10
322.2416508333333
 20
357.8270861111111
 30
0.0
 10
323.5148258333333
 20
357.8270861111111
 30
0.0
 10
323.6704008333333
 20
356.2536972222222
 30
0.0
 10
324.3297425
 20
356.6096499999999
 30
0.0
 10
325.9070119444444
 20
357.4601972222222
 30
0.0
 10
324.7887063888888
 20
350.4610861111111
 30
0.0
 10
326.5525952777778
 20
352.4613361111111
 30
0.0
 10
328.4537147222222
 20
354.6168083333333
 30
0.0
 10
327.3428175
 20
357.5483916666666
 30
0.0
 10
328.9229091666667
 20
353.9324194444444
 30
0.0
 10
329.9427897222222
 20
351.6040861111111
 30
0.0
 10
328.1051702777777
 20
350.7644749999999
 30
0.0
 10
328.6375119444444
 20
349.2263638888888
 30
0.0
 10
330.3202619444444
 20
344.3541499999999
 30
0.0
 10
324.0157702777778
 20
346.6087527777777
 30
0.0
 10
324.6229008333333
 20
343.7830027777777
 30
0.0
 10
324.8874841666666
 20
342.5518083333333
 30
0.0
 10
324.7537813888889
 20
342.0931972222222
 30
0.0
 10
324.3830119444444
 20
342.0261694444444
 30
0.0
 10
324.3583175
 20
342.0261694444444
 30
0.0
 10
324.3332702777778
 20
342.0226416666666
 30
0.0
 10
324.3085758333333
 20
342.0191138888889
 30
0.0
 10
323.5575119444445
 20
341.9767805555555
 30
0.0
 10
323.5045952777778
 20
343.2358444444444
 30
0.0
 10
322.2416508333333
 20
343.239725
 30
0.0
 10
322.1883813888888
 20
343.239725
 30
0.0
 10
321.7407063888888
 20
344.3580305555555
 30
0.0
 10
321.7407063888888
 20
345.7444472222222
 30
0.0
 10
321.7407063888888
 20
347.127336111111
 30
0.0
 10
321.7900952777778
 20
347.8999194444444
 30
0.0
 10
321.7900952777778
 20
348.2452888888888
 30
0.0
 10
321.7900952777778
 20
348.9109805555555
 30
0.0
 10
321.7900952777778
 20
349.5766722222222
 30
0.0
 10
321.7900952777778
 20
350.2423638888889
 30
0.0
 10
320.7905582407407
 20
350.2423638888889
 30
0.0
 10
319.7910212037037
 20
350.2423638888889
 30
0.0
 10
318.7914841666666
 20
350.2423638888889
 30
0.0
 10
318.7914841666666
 20
349.5766722222222
 30
0.0
 10
318.7914841666666
 20
348.9109805555555
 30
0.0
 10
318.7914841666666
 20
348.2452888888888
 30
0.0
 10
318.7914841666666
 20
347.8999194444444
 30
0.0
 10
318.8405202777777
 20
347.127336111111
 30
0.0
 10
318.8405202777777
 20
345.7444472222222
 30
0.0
 10
318.8405202777777
 20
344.3580305555555
 30
0.0
 10
318.3960202777777
 20
343.239725
 30
0.0
 10
318.3395758333333
 20
343.239725
 30
0.0
  0
SPLINE
  5
F7
330
1F
100
AcDbEntity
  8
DEFAULT
 62
     1
100
AcDbSpline
210
0.0
220
0.0
230
1.0
 70
    11
 71
     3
 72
    29
 73
    25
 74
     0
 42
0.000000001
 43
0.0000000001
 40
0.0
 40
0.0
 40
0.0
 40
0.0
 40
1.0
 40
1.0
 40
1.0
 40
596.2750000000001
 40
596.2750000000001
 40
596.2750000000001
 40
597.2750000000001
 40
597.2750000000001
 40
597.2750000000001
 40
937.432
 40
937.432
 40
937.432
 40
938.432
 40
938.432
 40
938.432
 40
1533.707
 40
1533.707
 40
1533.707
 40
1534.707
 40
1534.707
 40
1534.707
 40
1874.864
 40
1874.864
 40
1874.864
 40
1874.864
 10
235.0657463888888
 20
373.4538716666667
 30
0.0
 10
235.0657463888888
 20
376.2154161111111
 30
0.0
 10
237.3044741666666
 20
378.4541438888888
 30
0.0
 10
240.0656658333333
 20
378.4541438888888
 30
0.0
 10
310.0655963888889
 20
378.4541438888888
 30
0.0
 10
380.0655269444445
 20
378.4541438888888
 30
0.0
 10
450.0654575
 20
378.4541438888888
 30
0.0
 10
452.8270019444444
 20
378.4541438888888
 30
0.0
 10
455.0657297222222
 20
376.2154161111111
 30
0.0
 10
455.0657297222222
 20
373.4538716666667
 30
0.0
 10
455.0657297222222
 20
333.4539281481482
 30
0.0
 10
455.0657297222222
 20
293.4539846296297
 30
0.0
 10
455.0657297222222
 20
253.4540411111111
 30
0.0
 10
455.0657297222222
 20
250.6924966666667
 30
0.0
 10
452.8270019444444
 20
248.4537688888889
 30
0.0
 10
450.0654575
 20
248.4537688888889
 30
0.0
 10
380.0655269444445
 20
248.4537688888889
 30
0.0
 10
310.0655963888889
 20
248.4537688888889
 30
0.0
 10
240.0656658333333
 20
248.4537688888889
 30
0.0
 10
237.3044741666666
 20
248.4537688888889
 30
0.0
 10
235.0657463888888
 20
250.6924966666667
 30
0.0
 10
235.0657463888888
 20
253.4540411111111
 30
0.0
 10
235.0657463888889
 20
293.4539846296296
 30
0.0
 10
235.0657463888889
 20
333.4539281481482
 30
0.0
 10
235.0657463888888
 20
373.4538716666667
 30
0.0
  0
ENDSEC
  0
SECTION
  2
OBJECTS
  0
DICTIONARY
  5
C
330
0
100
AcDbDictionary
  3
ACAD_GROUP
350
D
  3
ACAD_LAYOUT
350
1A
  3
ACAD_MATERIAL
350
43
  3
ACAD_MLEADERSTYLE
350
11A
  3
ACAD_MLINESTYLE
350
17
  3
ACAD_PLOTSETTINGS
350
19
  3
ACAD_SCALELIST
350
47
  3
ACAD_VISUALSTYLE
350
2A
  3
ACDBHEADERROUNDTRIPXREC
350
F8
  3
ACDBVARIABLEDICTIONARY
350
118
  0
DICTIONARY
  5
D
102
{ACAD_REACTORS
330
C
102
}
330
C
100
AcDbDictionary
  0
DICTIONARY
  5
1A
102
{ACAD_REACTORS
330
C
102
}
330
C
100
AcDbDictionary
  0
DICTIONARY
  5
43
102
{ACAD_REACTORS
330
C
102
}
330
C
100
AcDbDictionary
  3
BYBLOCK
350
45
  3
BYLAYER
350
44
  3
GLOBAL
350
46
  0
DICTIONARY
  5
11A
102
{ACAD_REACTORS
330
C
102
}
330
C
100
AcDbDictionary
  0
DICTIONARY
  5
17
102
{ACAD_REACTORS
330
C
102
}
330
C
100
AcDbDictionary
  3
STANDARD
350
18
  0
DICTIONARY
  5
19
102
{ACAD_REACTORS
330
C
102
}
330
C
100
AcDbDictionary
  0
DICTIONARY
  5
47
102
{ACAD_REACTORS
330
C
102
}
330
C
100
AcDbDictionary
  3
A0
350
48
  3
A1
350
49
  3
A2
350
4A
  3
A3
350
4B
  3
A4
350
4C
  3
A5
350
4D
  3
A6
350
4E
  3
A7
350
4F
  3
A8
350
50
  3
A9
350
51
  3
B0
350
52
  3
B1
350
53
  3
B2
350
54
  3
B3
350
55
  3
B4
350
56
  3
B5
350
57
  3
B6
350
58
  3
B7
350
59
  3
B8
350
5A
  3
B9
350
5B
  3
C0
350
5C
  3
C1
350
5D
  3
C2
350
5E
  3
C3
350
5F
  3
C4
350
60
  3
C5
350
61
  3
C6
350
62
  3
C7
350
63
  3
C8
350
64
  3
C9
350
65
  3
D0
350
66
  3
D1
350
67
  3
D2
350
68
  0
DICTIONARY
  5
2A
102
{ACAD_REACTORS
330
C
102
}
330
C
100
AcDbDictionary
  3
2DWIREFRAME
350
2F
  3
BASIC
350
32
  3
BRIGHTEN
350
36
  3
COLORCHANGE
350
3A
  3
CONCEPTUAL
350
34
  3
DIM
350
35
  3
EDGECOLOROFF
350
3D
  3
FACEPATTERN
350
39
  3
FLAT
350
2B
  3
FLATWITHEDGES
350
2C
  3
GOURAUD
350
2D
  3
GOURAUDWITHEDGES
350
2E
  3
HIDDEN
350
31
  3
JITTEROFF
350
3B
  3
LINEPATTERN
350
38
  3
OVERHANGOFF
350
3C
  3
REALISTIC
350
33
  3
SHADED
350
42
  3
SHADED_WITH_EDGES
350
41
  3
SHADES_OF_GRAY
350
3E
  3
SKETCHY
350
3F
  3
THICKEN
350
37
  3
WIREFRAME
350
30
  3
X-RAY
350
40
  0
DICTIONARY
  5
F8
102
{ACAD_REACTORS
330
C
102
}
330
C
100
AcDbDictionary
  3
CEPSNTYPE
350
101
  3
DIMSTYLEDATA
350
117
  3
FINGERPRINTGUID
350
102
  3
HYPERLINKBASE
350
FB
  3
INSUNITS
350
100
  3
LAYOUTDICT
350
FD
  3
LWETCUNION
350
FF
  3
PLOTSETDICT
350
FE
  3
PSVPSCALE
350
104
  3
PUCSBASE
350
107
  3
PUCSORGBACK
350
10D
  3
PUCSORGBOTTOM
350
109
  3
PUCSORGFRONT
350
10C
  3
PUCSORGLEFT
350
10A
  3
PUCSORGRIGHT
350
10B
  3
PUCSORGTOP
350
108
  3
PUCSORTHOREF
350
105
  3
PUCSORTHOVIEW
350
106
  3
STYLESHEET
350
FC
  3
TSTACKALIGN
350
F9
  3
TSTACKSIZE
350
FA
  3
UCSBASE
350
110
  3
UCSORGBACK
350
116
  3
UCSORGBOTTOM
350
112
  3
UCSORGFRONT
350
115
  3
UCSORGLEFT
350
113
  3
UCSORGRIGHT
350
114
  3
UCSORGTOP
350
111
  3
UCSORTHOREF
350
10E
  3
UCSORTHOVIEW
350
10F
  3
VERSIONGUID
350
103
  0
DICTIONARY
  5
118
102
{ACAD_REACTORS
330
C
102
}
330
C
100
AcDbDictionary
  3
CANNOSCALE
350
11F
  3
DIMASSOC
350
11D
  3
HIDETEXT
350
11E
  3
MSLTSCALE
350
120
  0
MATERIAL
  5
45
102
{ACAD_REACTORS
330
43
102
}
102
{ACAD_XDICTIONARY
360
123
102
}
330
43
100
AcDbMaterial
  1
BYBLOCK
  0
MATERIAL
  5
44
102
{ACAD_REACTORS
330
43
102
}
102
{ACAD_XDICTIONARY
360
121
102
}
330
43
100
AcDbMaterial
  1
BYLAYER
  0
MATERIAL
  5
46
102
{ACAD_REACTORS
330
43
102
}
102
{ACAD_XDICTIONARY
360
125
102
}
330
43
100
AcDbMaterial
  1
GLOBAL
  0
MLINESTYLE
  5
18
102
{ACAD_REACTORS
330
17
102
}
330
17
100
AcDbMlineStyle
  2
Standard
 70
     0
  3

 62
   256
 51
90.0
 52
90.0
 71
     2
 49
0.5
 62
   256
  6
BYLAYER
 49
-0.5
 62
   256
  6
BYLAYER
  0
ACAD_PROXY_OBJECT
  5
48
102
{ACAD_REACTORS
330
47
102
}
330
47
100
AcDbProxyObject
 90
      499
 91
      503
 93
       41
310
903313A31580
  0
ACAD_PROXY_OBJECT
  5
49
102
{ACAD_REACTORS
330
47
102
}
330
47
100
AcDbProxyObject
 90
      499
 91
      503
 93
      105
310
903313A324000000000000004000
  0
ACAD_PROXY_OBJECT
  5
4A
102
{ACAD_REACTORS
330
47
102
}
330
47
100
AcDbProxyObject
 90
      499
 91
      503
 93
      105
310
903313A344000000000000104000
  0
ACAD_PROXY_OBJECT
  5
4B
102
{ACAD_REACTORS
330
47
102
}
330
47
100
AcDbProxyObject
 90
      499
 91
      503
 93
      105
310
903313A354000000000000144000
  0
ACAD_PROXY_OBJECT
  5
4C
102
{ACAD_REACTORS
330
47
102
}
330
47
100
AcDbProxyObject
 90
      499
 91
      503
 93
      105
310
903313A384000000000000204000
  0
ACAD_PROXY_OBJECT
  5
4D
102
{ACAD_REACTORS
330
47
102
}
330
47
100
AcDbProxyObject
 90
      499
 91
      503
 93
      113
310
904313A31304000000000000244000
  0
ACAD_PROXY_OBJECT
  5
4E
102
{ACAD_REACTORS
330
47
102
}
330
47
100
AcDbProxyObject
 90
      499
 91
      503
 93
      113
310
904313A31364000000000000304000
  0
ACAD_PROXY_OBJECT
  5
4F
102
{ACAD_REACTORS
330
47
102
}
330
47
100
AcDbProxyObject
 90
      499
 91
      503
 93
      113
310
904313A32304000000000000344000
  0
ACAD_PROXY_OBJECT
  5
50
102
{ACAD_REACTORS
330
47
102
}
330
47
100
AcDbProxyObject
 90
      499
 91
      503
 93
      113
310
904313A333040000000000003E4000
  0
ACAD_PROXY_OBJECT
  5
51
102
{ACAD_REACTORS
330
47
102
}
330
47
100
AcDbProxyObject
 90
      499
 91
      503
 93
      113
310
904313A34304000000000000444000
  0
ACAD_PROXY_OBJECT
  5
52
102
{ACAD_REACTORS
330
47
102
}
330
47
100
AcDbProxyObject
 90
      499
 91
      503
 93
      113
310
904313A35304000000000000494000
  0
ACAD_PROXY_OBJECT
  5
53
102
{ACAD_REACTORS
330
47
102
}
330
47
100
AcDbProxyObject
 90
      499
 91
      503
 93
      121
310
905313A3130304000000000000594000
  0
ACAD_PROXY_OBJECT
  5
54
102
{ACAD_REACTORS
330
47
102
}
330
47
100
AcDbProxyObject
 90
      499
 91
      503
 93
      105
310
903323A310000000000000010100
  0
ACAD_PROXY_OBJECT
  5
55
102
{ACAD_REACTORS
330
47
102
}
330
47
100
AcDbProxyObject
 90
      499
 91
      503
 93
      105
310
903343A310000000000000410100
  0
ACAD_PROXY_OBJECT
  5
56
102
{ACAD_REACTORS
330
47
102
}
330
47
100
AcDbProxyObject
 90
      499
 91
      503
 93
      105
310
903383A310000000000000810100
  0
ACAD_PROXY_OBJECT
  5
57
102
{ACAD_REACTORS
330
47
102
}
330
47
100
AcDbProxyObject
 90
      499
 91
      503
 93
      113
310
90431303A310000000000000910100
  0
ACAD_PROXY_OBJECT
  5
58
102
{ACAD_REACTORS
330
47
102
}
330
47
100
AcDbProxyObject
 90
      499
 91
      503
 93
      121
310
9053130303A310000000000001650100
  0
ACAD_PROXY_OBJECT
  5
59
102
{ACAD_REACTORS
330
47
102
}
330
47
100
AcDbProxyObject
 90
      499
 91
      503
 93
      257
310
90E312F31323822203D2031272D3022000000000000200FC000000000000284000
  0
ACAD_PROXY_OBJECT
  5
5A
102
{ACAD_REACTORS
330
47
102
}
330
47
100
AcDbProxyObject
 90
      499
 91
      503
 93
      249
310
90D312F363422203D2031272D3022000000000000240FC000000000000284000
  0
ACAD_PROXY_OBJECT
  5
5B
102
{ACAD_REACTORS
330
47
102
}
330
47
100
AcDbProxyObject
 90
      499
 91
      503
 93
      249
310
90D312F333222203D2031272D3022000000000000280FC000000000000284000
  0
ACAD_PROXY_OBJECT
  5
5C
102
{ACAD_REACTORS
330
47
102
}
330
47
100
AcDbProxyObject
 90
      499
 91
      503
 93
      249
310
90D312F313622203D2031272D30220000000000002C0FC000000000000284000
  0
ACAD_PROXY_OBJECT
  5
5D
102
{ACAD_REACTORS
330
47
102
}
330
47
100
AcDbProxyObject
 90
      499
 91
      503
 93
      249
310
90D332F333222203D2031272D30220000000000002E0FC000000000000284000
  0
ACAD_PROXY_OBJECT
  5
5E
102
{ACAD_REACTORS
330
47
102
}
330
47
100
AcDbProxyObject
 90
      499
 91
      503
 93
      241
310
90C312F3822203D2031272D3022000000000000300FC000000000000284000
  0
ACAD_PROXY_OBJECT
  5
5F
102
{ACAD_REACTORS
330
47
102
}
330
47
100
AcDbProxyObject
 90
      499
 91
      503
 93
      249
310
90D332F313622203D2031272D3022000000000000320FC000000000000284000
  0
ACAD_PROXY_OBJECT
  5
60
102
{ACAD_REACTORS
330
47
102
}
330
47
100
AcDbProxyObject
 90
      499
 91
      503
 93
      241
310
90C312F3422203D2031272D3022000000000000340FC000000000000284000
  0
ACAD_PROXY_OBJECT
  5
61
102
{ACAD_REACTORS
330
47
102
}
330
47
100
AcDbProxyObject
 90
      499
 91
      503
 93
      241
310
90C332F3822203D2031272D3022000000000000360FC000000000000284000
  0
ACAD_PROXY_OBJECT
  5
62
102
{ACAD_REACTORS
330
47
102
}
330
47
100
AcDbProxyObject
 90
      499
 91
      503
 93
      241
310
90C312F3222203D2031272D3022000000000000380FC000000000000284000
  0
ACAD_PROXY_OBJECT
  5
63
102
{ACAD_REACTORS
330
47
102
}
330
47
100
AcDbProxyObject
 90
      499
 91
      503
 93
      241
310
90C332F3422203D2031272D30220000000000003A0FC000000000000284000
  0
ACAD_PROXY_OBJECT
  5
64
102
{ACAD_REACTORS
330
47
102
}
330
47
100
AcDbProxyObject
 90
      499
 91
      503
 93
      161
310
90A3122203D2031272D30224000000000000284000
  0
ACAD_PROXY_OBJECT
  5
65
102
{ACAD_REACTORS
330
47
102
}
330
47
100
AcDbProxyObject
 90
      499
 91
      503
 93
      257
310
90E312D312F3222203D2031272D30220000000000003E0FC000000000000284000
  0
ACAD_PROXY_OBJECT
  5
66
102
{ACAD_REACTORS
330
47
102
}
330
47
100
AcDbProxyObject
 90
      499
 91
      503
 93
      225
310
90A3322203D2031272D302200000000000002100000000000000284000
  0
ACAD_PROXY_OBJECT
  5
67
102
{ACAD_REACTORS
330
47
102
}
330
47
100
AcDbProxyObject
 90
      499
 91
      503
 93
      225
310
90A3622203D2031272D302200000000000006100000000000000284000
  0
ACAD_PROXY_OBJECT
  5
68
102
{ACAD_REACTORS
330
47
102
}
330
47
100
AcDbProxyObject
 90
      499
 91
      503
 93
      249
310
90D31272D3022203D2031272D30220000000000000A100000000000000284000
  0
ACAD_PROXY_OBJECT
  5
2F
102
{ACAD_REACTORS
330
2A
102
}
330
2A
100
AcDbProxyObject
 90
      499
 91
      501
 93
      436
310
42CC9915DA5C99599C985B595049028333333333333E33F0000000000000F90107901411070040501600405405064090741402480A0340
1001
ACAD
1000
AcDbSavedByObjectVersion
1070
     0
  0
ACAD_PROXY_OBJECT
  5
32
102
{ACAD_REACTORS
330
2A
102
}
330
2A
100
AcDbProxyObject
 90
      499
 91
      501
 93
      388
310
4150985CDA58D07406404333333333333E33F0000000000000F90107A41107004050150841D405064090741402480A0350
1001
ACAD
1000
AcDbSavedByObjectVersion
1070
     0
  0
ACAD_PROXY_OBJECT
  5
36
102
{ACAD_REACTORS
330
2A
102
}
330
2A
100
AcDbProxyObject
 90
      499
 91
      501
 93
      428
310
42109C9A59DA1D195B90C409028333333333333E33F0000000000000F9010790141107004050150841D405064090741402480A029950
1001
ACAD
1000
AcDbSavedByObjectVersion
1070
     0
  0
ACAD_PROXY_OBJECT
  5
3A
102
{ACAD_REACTORS
330
2A
102
}
330
2A
100
AcDbProxyObject
 90
      499
 91
      501
 93
      452
310
42D0DBDB1BDC90DA185B99D95104090240C333333333333E33F0000000000000F90108901411070040501508421405064090741402480A0350
1001
ACAD
1000
AcDbSavedByObjectVersion
1070
     0
  0
ACAD_PROXY_OBJECT
  5
34
102
{ACAD_REACTORS
330
2A
102
}
330
2A
100
AcDbProxyObject
 90
      499
 91
      501
 93
      500
310
4290DBDB98D95C1D1D585B10940D028333333333333E33F0000000000000F90107902409070040501000000000018199010841D405064090740C02480A0340
1001
ACAD
1000
AcDbSavedByObjectVersion
1070
     0
  0
ACAD_PROXY_OBJECT
  5
35
102
{ACAD_REACTORS
330
2A
102
}
330
2A
100
AcDbProxyObject
 90
      499
 91
      501
 93
      412
310
40D11A5B50B409028333333333333E33F0000000000000F9010790141107004050150841D405064090741402480A02677FFFFFD0
1001
ACAD
1000
AcDbSavedByObjectVersion
1070
     0
  0
ACAD_PROXY_OBJECT
  5
3D
102
{ACAD_REACTORS
330
2A
102
}
330
2A
100
AcDbProxyObject
 90
      499
 91
      501
 93
      452
310
43115919D950DBDB1BDC93D999916409028333333333333E33F0000000000000F9010790141107004050150841D405064090741402480A0350
1001
ACAD
1000
AcDbSavedByObjectVersion
1070
     0
  0
ACAD_PROXY_OBJECT
  5
39
102
{ACAD_REACTORS
330
2A
102
}
330
2A
100
AcDbProxyObject
 90
      499
 91
      501
 93
      444
310
42D19858D95C185D1D195C9B90F409028333333333333E33F0000000000000F9010790141107004050150841D405064090741402480A0350
1001
ACAD
1000
AcDbSavedByObjectVersion
1070
     0
  0
ACAD_PROXY_OBJECT
  5
2B
102
{ACAD_REACTORS
330
2A
102
}
330
2A
100
AcDbProxyObject
 90
      499
 91
      501
 93
      380
310
41119B185D240901404333333333333E33F0000000000000F9010740A907004050150841D405064090741402480A1B50
1001
ACAD
1000
AcDbSavedByObjectVersion
1070
     0
  0
ACAD_PROXY_OBJECT
  5
2C
102
{ACAD_REACTORS
330
2A
102
}
330
2A
100
AcDbProxyObject
 90
      499
 91
      501
 93
      468
310
43519B185D15DA5D1A115919D95CD0140901404333333333333E33F0000000000000F90107409019070040501600405405064090741402480A1B50
1001
ACAD
1000
AcDbSavedByObjectVersion
1070
     0
  0
ACAD_PROXY_OBJECT
  5
2D
102
{ACAD_REACTORS
330
2A
102
}
330
2A
100
AcDbProxyObject
 90
      499
 91
      501
 93
      404
310
41D1DBDD5C985D5910240902404333333333333E33F0000000000000F9010740A9070040501641D405064090741402480A1B50
1001
ACAD
1000
AcDbSavedByObjectVersion
1070
     0
  0
ACAD_PROXY_OBJECT
  5
2E
102
{ACAD_REACTORS
330
2A
102
}
330
2A
100
AcDbProxyObject
 90
      499
 91
      501
 93
      492
310
4411DBDD5C985D5915DA5D1A115919D95CD0340902404333333333333E33F0000000000000F90107409019070040501600405405064090741402480A1B50
1001
ACAD
1000
AcDbSavedByObjectVersion
1070
     0
  0
ACAD_PROXY_OBJECT
  5
31
102
{ACAD_REACTORS
330
2A
102
}
330
2A
100
AcDbProxyObject
 90
      499
 91
      501
 93
      476
310
41921A5919195B90640502408333333333333E33F0000000000000F901079024090700405020000000000001110200405405064090740C02480A0340
1001
ACAD
1000
AcDbSavedByObjectVersion
1070
     0
  0
ACAD_PROXY_OBJECT
  5
3B
102
{ACAD_REACTORS
330
2A
102
}
330
2A
100
AcDbProxyObject
 90
      499
 91
      501
 93
      428
310
42529A5D1D195C93D999914409028333333333333E33F0000000000000F9010790141107004050150A41D405064090741402480A0350
1001
ACAD
1000
AcDbSavedByObjectVersion
1070
     0
  0
ACAD_PROXY_OBJECT
  5
38
102
{ACAD_REACTORS
330
2A
102
}
330
2A
100
AcDbProxyObject
 90
      499
 91
      501
 93
      444
310
42D31A5B995C185D1D195C9B90E409028333333333333E33F0000000000000F9010790141107004050750841D405064090741402483A0350
1001
ACAD
1000
AcDbSavedByObjectVersion
1070
     0
  0
ACAD_PROXY_OBJECT
  5
3C
102
{ACAD_REACTORS
330
2A
102
}
330
2A
100
AcDbProxyObject
 90
      499
 91
      501
 93
      444
310
42D3DD995C9A185B99D3D999915409028333333333333E33F0000000000000F9010790141107004050150941D405064090741402480A0350
1001
ACAD
1000
AcDbSavedByObjectVersion
1070
     0
  0
ACAD_PROXY_OBJECT
  5
33
102
{ACAD_REACTORS
330
2A
102
}
330
2A
100
AcDbProxyObject
 90
      499
 91
      501
 93
      428
310
425499585B1A5CDD1A58D08409038333333333333E33F0000000000000F9010740A907004050150800405405064090740C02480A1B40
1001
ACAD
1000
AcDbSavedByObjectVersion
1070
     0
  0
ACAD_PROXY_OBJECT
  5
42
102
{ACAD_REACTORS
330
2A
102
}
330
2A
100
AcDbProxyObject
 90
      499
 91
      501
 93
      420
310
4194DA1859195911B40902404333333333333E33F0000000000000F9010740A41107004050150800405405064090840C02480A0B40
1001
ACAD
1000
AcDbSavedByObjectVersion
1070
     0
  0
ACAD_PROXY_OBJECT
  5
41
102
{ACAD_REACTORS
330
2A
102
}
330
2A
100
AcDbProxyObject
 90
      499
 91
      501
 93
      516
310
4454DA18591959081DDA5D1A08195919D95CD1A40902404333333333333E33F0000000000000F901074090142907004050250800405405064090740C02480A0B40
1001
ACAD
1000
AcDbSavedByObjectVersion
1070
     0
  0
ACAD_PROXY_OBJECT
  5
3E
102
{ACAD_REACTORS
330
2A
102
}
330
2A
100
AcDbProxyObject
 90
      499
 91
      501
 93
      532
310
4394DA1859195CC81BD98811DC985E5174090240C333333333333E33F0000000000000F901079024090741D01000000000000111010841D405064090740C02480A0340
1001
ACAD
1000
AcDbSavedByObjectVersion
1070
     0
  0
ACAD_PROXY_OBJECT
  5
3F
102
{ACAD_REACTORS
330
2A
102
}
330
2A
100
AcDbProxyObject
 90
      499
 91
      501
 93
      476
310
41D4DAD95D18DA1E51840502408333333333333E33F0000000000000F901079024090741D01000000000000111010B41D405064090741802480A0340
1001
ACAD
1000
AcDbSavedByObjectVersion
1070
     0
  0
ACAD_PROXY_OBJECT
  5
37
102
{ACAD_REACTORS
330
2A
102
}
330
2A
100
AcDbProxyObject
 90
      499
 91
      501
 93
      412
310
41D51A1A58DAD95B90D409028333333333333E33F0000000000000F9010790141107004050150C41D405064090741402480A0350
1001
ACAD
1000
AcDbSavedByObjectVersion
1070
     0
  0
ACAD_PROXY_OBJECT
  5
30
102
{ACAD_REACTORS
330
2A
102
}
330
2A
100
AcDbProxyObject
 90
      499
 91
      501
 93
      420
310
4255DA5C99599C985B595059028333333333333E33F0000000000000F90107901411070040501600405405064090740C02480A0340
1001
ACAD
1000
AcDbSavedByObjectVersion
1070
     0
  0
ACAD_PROXY_OBJECT
  5
40
102
{ACAD_REACTORS
330
2A
102
}
330
2A
100
AcDbProxyObject
 90
      499
 91
      501
 93
      404
310
41560B54985E51940902404000000000000E03F0000000000000F9010740501907004050150841D405064090740C02480A1B40
1001
ACAD
1000
AcDbSavedByObjectVersion
1070
     0
  0
XRECORD
  5
101
102
{ACAD_REACTORS
330
F8
102
}
330
F8
100
AcDbXrecord
 90
        0
  0
XRECORD
  5
117
102
{ACAD_REACTORS
330
F8
102
}
330
F8
100
AcDbXrecord
1000
DSTYLE
1002
{
1070
   279
 70
     2
1070
   340
340
11
1002
}
  0
XRECORD
  5
102
102
{ACAD_REACTORS
330
F8
102
}
330
F8
100
AcDbXrecord
  1
{4FD59E8F-E0F1-4AFD-AF51-25E1B49ED538}
  0
XRECORD
  5
FB
102
{ACAD_REACTORS
330
F8
102
}
330
F8
100
AcDbXrecord
  1

  0
XRECORD
  5
100
102
{ACAD_REACTORS
330
F8
102
}
330
F8
100
AcDbXrecord
 90
        4
  0
XRECORD
  5
FD
102
{ACAD_REACTORS
330
F8
102
}
330
F8
100
AcDbXrecord
340
1A
  0
XRECORD
  5
FF
102
{ACAD_REACTORS
330
F8
102
}
330
F8
100
AcDbXrecord
 90
    10781
  0
XRECORD
  5
FE
102
{ACAD_REACTORS
330
F8
102
}
330
F8
100
AcDbXrecord
340
19
  0
XRECORD
  5
104
102
{ACAD_REACTORS
330
F8
102
}
330
F8
100
AcDbXrecord
 40
0.0
  0
XRECORD
  5
107
102
{ACAD_REACTORS
330
F8
102
}
330
F8
100
AcDbXrecord
340
0
  0
XRECORD
  5
10D
102
{ACAD_REACTORS
330
F8
102
}
330
F8
100
AcDbXrecord
 10
0.0
 20
0.0
 30
0.0
  0
XRECORD
  5
109
102
{ACAD_REACTORS
330
F8
102
}
330
F8
100
AcDbXrecord
 10
0.0
 20
0.0
 30
0.0
  0
XRECORD
  5
10C
102
{ACAD_REACTORS
330
F8
102
}
330
F8
100
AcDbXrecord
 10
0.0
 20
0.0
 30
0.0
  0
XRECORD
  5
10A
102
{ACAD_REACTORS
330
F8
102
}
330
F8
100
AcDbXrecord
 10
0.0
 20
0.0
 30
0.0
  0
XRECORD
  5
10B
102
{ACAD_REACTORS
330
F8
102
}
330
F8
100
AcDbXrecord
 10
0.0
 20
0.0
 30
0.0
  0
XRECORD
  5
108
102
{ACAD_REACTORS
330
F8
102
}
330
F8
100
AcDbXrecord
 10
0.0
 20
0.0
 30
0.0
  0
XRECORD
  5
105
102
{ACAD_REACTORS
330
F8
102
}
330
F8
100
AcDbXrecord
340
0
  0
XRECORD
  5
106
102
{ACAD_REACTORS
330
F8
102
}
330
F8
100
AcDbXrecord
 70
     0
  0
XRECORD
  5
FC
102
{ACAD_REACTORS
330
F8
102
}
330
F8
100
AcDbXrecord
  1

  0
XRECORD
  5
F9
102
{ACAD_REACTORS
330
F8
102
}
330
F8
100
AcDbXrecord
 90
        1
  0
XRECORD
  5
FA
102
{ACAD_REACTORS
330
F8
102
}
330
F8
100
AcDbXrecord
 90
       70
  0
XRECORD
  5
110
102
{ACAD_REACTORS
330
F8
102
}
330
F8
100
AcDbXrecord
340
0
  0
XRECORD
  5
116
102
{ACAD_REACTORS
330
F8
102
}
330
F8
100
AcDbXrecord
 10
0.0
 20
0.0
 30
0.0
  0
XRECORD
  5
112
102
{ACAD_REACTORS
330
F8
102
}
330
F8
100
AcDbXrecord
 10
0.0
 20
0.0
 30
0.0
  0
XRECORD
  5
115
102
{ACAD_REACTORS
330
F8
102
}
330
F8
100
AcDbXrecord
 10
0.0
 20
0.0
 30
0.0
  0
XRECORD
  5
113
102
{ACAD_REACTORS
330
F8
102
}
330
F8
100
AcDbXrecord
 10
0.0
 20
0.0
 30
0.0
  0
XRECORD
  5
114
102
{ACAD_REACTORS
330
F8
102
}
330
F8
100
AcDbXrecord
 10
0.0
 20
0.0
 30
0.0
  0
XRECORD
  5
111
102
{ACAD_REACTORS
330
F8
102
}
330
F8
100
AcDbXrecord
 10
0.0
 20
0.0
 30
0.0
  0
XRECORD
  5
10E
102
{ACAD_REACTORS
330
F8
102
}
330
F8
100
AcDbXrecord
340
0
  0
XRECORD
  5
10F
102
{ACAD_REACTORS
330
F8
102
}
330
F8
100
AcDbXrecord
 70
     0
  0
XRECORD
  5
103
102
{ACAD_REACTORS
330
F8
102
}
330
F8
100
AcDbXrecord
  1
{FAEB1C32-E019-11D5-929B-00C0DF256EC4}
  0
DICTIONARYVAR
  5
11F
102
{ACAD_REACTORS
330
118
102
}
330
118
100
DictionaryVariables
280
     0
  1
1:1
  0
DICTIONARYVAR
  5
11D
102
{ACAD_REACTORS
330
118
102
}
330
118
100
DictionaryVariables
280
     0
  1
2
  0
DICTIONARYVAR
  5
11E
102
{ACAD_REACTORS
330
118
102
}
330
118
100
DictionaryVariables
280
     0
  1
1
  0
DICTIONARYVAR
  5
120
102
{ACAD_REACTORS
330
118
102
}
330
118
100
DictionaryVariables
280
     0
  1
1
  0
DICTIONARY
  5
123
330
45
100
AcDbDictionary
280
     1
  3
ACAD_XREC_ROUNDTRIP
360
124
  0
DICTIONARY
  5
121
330
44
100
AcDbDictionary
280
     1
  3
ACAD_XREC_ROUNDTRIP
360
122
  0
DICTIONARY
  5
125
330
46
100
AcDbDictionary
280
     1
  3
ACAD_XREC_ROUNDTRIP
360
126
  0
XRECORD
  5
124
102
{ACAD_REACTORS
330
123
102
}
330
123
100
AcDbXrecord
102
MATERIAL
148
0.0
149
0.0
149
0.0
 93
        0
 94
      127
282
     0
 72
     1
 77
     1
171
     1
175
     1
179
     1
273
     0
  0
XRECORD
  5
122
102
{ACAD_REACTORS
330
121
102
}
330
121
100
AcDbXrecord
102
MATERIAL
148
0.0
149
0.0
149
0.0
 93
        0
 94
      127
282
     0
 72
     1
 77
     1
171
     1
175
     1
179
     1
273
     0
  0
XRECORD
  5
126
102
{ACAD_REACTORS
330
125
102
}
330
125
100
AcDbXrecord
102
MATERIAL
148
0.0
149
0.0
149
0.0
 93
        0
 94
      127
282
     0
 72
     1
 77
     1
171
     1
175
     1
179
     1
273
     0
  0
ENDSEC
  0
EOF
