  0
SECTION
  2
HEADER
  9
$ACADVER
  1
AC1014
  9
$ACADMAINTVER
 70
     9
  9
$DWGCODEPAGE
  3
ANSI_1252
  9
$INSBASE
 10
0.0
 20
0.0
 30
0.0
  9
$EXTMIN
 10
206.2835247222222
 20
104.8628769444444
 30
0.0
  9
$EXTMAX
 10
426.2830141666666
 20
372.2360122222222
 30
0.0
  9
$LIMMIN
 10
0.0
 20
0.0
  9
$LIMMAX
 10
12.0
 20
9.0
  9
$ORTHOMODE
 70
     0
  9
$REGENMODE
 70
     1
  9
$FILLMODE
 70
     1
  9
$QTEXTMODE
 70
     0
  9
$MIRRTEXT
 70
     1
  9
$DRAGMODE
 70
     2
  9
$LTSCALE
 40
1.0
  9
$OSMODE
 70
    37
  9
$ATTMODE
 70
     1
  9
$TEXTSIZE
 40
0.2
  9
$TRACEWID
 40
0.05
  9
$TEXTSTYLE
  7
STANDARD
  9
$CLAYER
  8
DEFAULT
  9
$CELTYPE
  6
BYLAYER
  9
$CECOLOR
 62
   256
  9
$CELTSCALE
 40
1.0
  9
$DELOBJ
 70
     1
  9
$DISPSILH
 70
     0
  9
$DIMSCALE
 40
1.0
  9
$DIMASZ
 40
0.18
  9
$DIMEXO
 40
0.0625
  9
$DIMDLI
 40
0.38
  9
$DIMRND
 40
0.0
  9
$DIMDLE
 40
0.0
  9
$DIMEXE
 40
0.18
  9
$DIMTP
 40
0.0
  9
$DIMTM
 40
0.0
  9
$DIMTXT
 40
0.18
  9
$DIMCEN
 40
0.09
  9
$DIMTSZ
 40
0.0
  9
$DIMTOL
 70
     0
  9
$DIMLIM
 70
     0
  9
$DIMTIH
 70
     1
  9
$DIMTOH
 70
     1
  9
$DIMSE1
 70
     0
  9
$DIMSE2
 70
     0
  9
$DIMTAD
 70
     0
  9
$DIMZIN
 70
     0
  9
$DIMBLK
  1

  9
$DIMASO
 70
     1
  9
$DIMSHO
 70
     1
  9
$DIMPOST
  1

  9
$DIMAPOST
  1

  9
$DIMALT
 70
     0
  9
$DIMALTD
 70
     2
  9
$DIMALTF
 40
25.4
  9
$DIMLFAC
 40
1.0
  9
$DIMTOFL
 70
     0
  9
$DIMTVP
 40
0.0
  9
$DIMTIX
 70
     0
  9
$DIMSOXD
 70
     0
  9
$DIMSAH
 70
     0
  9
$DIMBLK1
  1

  9
$DIMBLK2
  1

  9
$DIMSTYLE
  2
STANDARD
  9
$DIMCLRD
 70
     0
  9
$DIMCLRE
 70
     0
  9
$DIMCLRT
 70
     0
  9
$DIMTFAC
 40
1.0
  9
$DIMGAP
 40
0.09
  9
$DIMJUST
 70
     0
  9
$DIMSD1
 70
     0
  9
$DIMSD2
 70
     0
  9
$DIMTOLJ
 70
     1
  9
$DIMTZIN
 70
     0
  9
$DIMALTZ
 70
     0
  9
$DIMALTTZ
 70
     0
  9
$DIMFIT
 70
     5
  9
$DIMUPT
 70
     0
  9
$DIMUNIT
 70
     2
  9
$DIMDEC
 70
     4
  9
$DIMTDEC
 70
     4
  9
$DIMALTU
 70
     2
  9
$DIMALTTD
 70
     2
  9
$DIMTXSTY
  7
STANDARD
  9
$DIMAUNIT
 70
     0
  9
$LUNITS
 70
     2
  9
$LUPREC
 70
     3
  9
$SKETCHINC
 40
0.1
  9
$FILLETRAD
 40
0.5
  9
$AUNITS
 70
     0
  9
$AUPREC
 70
     0
  9
$MENU
  1
.
  9
$ELEVATION
 40
0.0
  9
$PELEVATION
 40
0.0
  9
$THICKNESS
 40
0.0
  9
$LIMCHECK
 70
     0
  9
$CHAMFERA
 40
0.0
  9
$CHAMFERB
 40
0.0
  9
$CHAMFERC
 40
0.0
  9
$CHAMFERD
 40
0.0
  9
$SKPOLY
 70
     0
  9
$TDCREATE
 40
2458919.563048669
  9
$TDUPDATE
 40
2458919.563075104
  9
$TDINDWG
 40
0.0000000116
  9
$TDUSRTIMER
 40
0.0000000116
  9
$USRTIMER
 70
     1
  9
$ANGBASE
 50
0.0
  9
$ANGDIR
 70
     0
  9
$PDMODE
 70
     0
  9
$PDSIZE
 40
0.0
  9
$PLINEWID
 40
0.0
  9
$COORDS
 70
     1
  9
$SPLFRAME
 70
     0
  9
$SPLINETYPE
 70
     6
  9
$SPLINESEGS
 70
     8
  9
$ATTDIA
 70
     0
  9
$ATTREQ
 70
     1
  9
$HANDLING
 70
     1
  9
$HANDSEED
  5
186
  9
$SURFTAB1
 70
     6
  9
$SURFTAB2
 70
     6
  9
$SURFTYPE
 70
     6
  9
$SURFU
 70
     6
  9
$SURFV
 70
     6
  9
$UCSNAME
  2

  9
$UCSORG
 10
0.0
 20
0.0
 30
0.0
  9
$UCSXDIR
 10
1.0
 20
0.0
 30
0.0
  9
$UCSYDIR
 10
0.0
 20
1.0
 30
0.0
  9
$PUCSNAME
  2

  9
$PUCSORG
 10
0.0
 20
0.0
 30
0.0
  9
$PUCSXDIR
 10
1.0
 20
0.0
 30
0.0
  9
$PUCSYDIR
 10
0.0
 20
1.0
 30
0.0
  9
$USERI1
 70
     0
  9
$USERI2
 70
     0
  9
$USERI3
 70
     0
  9
$USERI4
 70
     0
  9
$USERI5
 70
     0
  9
$USERR1
 40
0.0
  9
$USERR2
 40
0.0
  9
$USERR3
 40
0.0
  9
$USERR4
 40
0.0
  9
$USERR5
 40
0.0
  9
$WORLDVIEW
 70
     1
  9
$SHADEDGE
 70
     3
  9
$SHADEDIF
 70
    70
  9
$TILEMODE
 70
     1
  9
$MAXACTVP
 70
    64
  9
$PINSBASE
 10
0.0
 20
0.0
 30
0.0
  9
$PLIMCHECK
 70
     0
  9
$PEXTMIN
 10
1.000000000000000E+20
 20
1.000000000000000E+20
 30
1.000000000000000E+20
  9
$PEXTMAX
 10
-1.000000000000000E+20
 20
-1.000000000000000E+20
 30
-1.000000000000000E+20
  9
$PLIMMIN
 10
0.0
 20
0.0
  9
$PLIMMAX
 10
12.0
 20
9.0
  9
$UNITMODE
 70
     0
  9
$VISRETAIN
 70
     1
  9
$PLINEGEN
 70
     0
  9
$PSLTSCALE
 70
     1
  9
$TREEDEPTH
 70
  3020
  9
$PICKSTYLE
 70
     1
  9
$CMLSTYLE
  2
STANDARD
  9
$CMLJUST
 70
     0
  9
$CMLSCALE
 40
1.0
  9
$PROXYGRAPHICS
 70
     1
  9
$MEASUREMENT
 70
     0
  0
ENDSEC
  0
SECTION
  2
CLASSES
  0
CLASS
  1
ACDBDICTIONARYWDFLT
  2
AcDbDictionaryWithDefault
  3
ObjectDBX Classes
 90
        0
280
     0
281
     0
  0
CLASS
  1
VISUALSTYLE
  2
AcDbVisualStyle
  3
ObjectDBX Classes
 90
     4095
280
     0
281
     0
  0
CLASS
  1
MATERIAL
  2
AcDbMaterial
  3
ObjectDBX Classes
 90
     1153
280
     0
281
     0
  0
CLASS
  1
SCALE
  2
AcDbScale
  3
ObjectDBX Classes
 90
     1153
280
     0
281
     0
  0
CLASS
  1
SUN
  2
AcDbSun
  3
SCENEOE
 90
     1153
280
     0
281
     0
  0
CLASS
  1
DICTIONARYVAR
  2
AcDbDictionaryVar
  3
ObjectDBX Classes
 90
        0
280
     0
281
     0
  0
CLASS
  1
XRECORD
  2
AcDbXrecord
  3
ObjectDBX Classes
 90
        0
280
     0
281
     0
  0
CLASS
  1
LWPOLYLINE
  2
AcDbPolyline
  3
ObjectDBX Classes
 90
        0
280
     0
281
     1
  0
CLASS
  1
HATCH
  2
AcDbHatch
  3
ObjectDBX Classes
 90
        0
280
     0
281
     1
  0
CLASS
  1
ACDBPLACEHOLDER
  2
AcDbPlaceHolder
  3
ObjectDBX Classes
 90
        0
280
     0
281
     0
  0
CLASS
  1
LAYOUT
  2
AcDbLayout
  3
ObjectDBX Classes
 90
        0
280
     0
281
     0
  0
ENDSEC
  0
SECTION
  2
TABLES
  0
TABLE
  2
VPORT
  5
8
330
0
100
AcDbSymbolTable
 70
     1
  0
VPORT
  5
29
330
8
100
AcDbSymbolTableRecord
100
AcDbViewportTableRecord
  2
*ACTIVE
 70
     0
 10
0.0
 20
0.0
 11
1.0
 21
1.0
 12
316.2832694444444
 22
238.5494445833333
 13
0.0
 23
0.0
 14
0.5
 24
0.5
 15
0.5
 25
0.5
 16
0.0
 26
0.0
 36
1.0
 17
0.0
 27
0.0
 37
0.0
 40
272.7205979833333
 41
0.8228182282258233
 42
50.0
 43
0.0
 44
0.0
 50
0.0
 51
0.0
 71
     0
 72
   100
 73
     1
 74
     3
 75
     0
 76
     0
 77
     0
 78
     0
  0
ENDTAB
  0
TABLE
  2
LTYPE
  5
5
330
0
100
AcDbSymbolTable
 70
     1
  0
LTYPE
  5
14
330
5
100
AcDbSymbolTableRecord
100
AcDbLinetypeTableRecord
  2
BYBLOCK
 70
     0
  3

 72
    65
 73
     0
 40
0.0
  0
LTYPE
  5
15
330
5
100
AcDbSymbolTableRecord
100
AcDbLinetypeTableRecord
  2
BYLAYER
 70
     0
  3

 72
    65
 73
     0
 40
0.0
  0
LTYPE
  5
16
330
5
100
AcDbSymbolTableRecord
100
AcDbLinetypeTableRecord
  2
CONTINUOUS
 70
     0
  3
Solid line
 72
    65
 73
     0
 40
0.0
  0
ENDTAB
  0
TABLE
  2
LAYER
  5
2
330
0
100
AcDbSymbolTable
 70
     2
  0
LAYER
  5
10
330
2
100
AcDbSymbolTableRecord
100
AcDbLayerTableRecord
  2
0
 70
     0
 62
     7
  6
CONTINUOUS
  0
LAYER
  5
6A
330
2
100
AcDbSymbolTableRecord
100
AcDbLayerTableRecord
  2
DEFAULT
 70
     0
 62
     7
  6
CONTINUOUS
  0
ENDTAB
  0
TABLE
  2
STYLE
  5
3
330
0
100
AcDbSymbolTable
 70
     1
  0
STYLE
  5
11
330
3
100
AcDbSymbolTableRecord
100
AcDbTextStyleTableRecord
  2
STANDARD
 70
     0
 40
0.0
 41
1.0
 50
0.0
 71
     0
 42
0.2
  3
txt
  4

  0
ENDTAB
  0
TABLE
  2
VIEW
  5
6
330
0
100
AcDbSymbolTable
 70
     0
  0
ENDTAB
  0
TABLE
  2
UCS
  5
7
330
0
100
AcDbSymbolTable
 70
     0
  0
ENDTAB
  0
TABLE
  2
APPID
  5
9
330
0
100
AcDbSymbolTable
 70
     1
  0
APPID
  5
12
330
9
100
AcDbSymbolTableRecord
100
AcDbRegAppTableRecord
  2
ACAD
 70
     0
  0
ENDTAB
  0
TABLE
  2
DIMSTYLE
  5
A
330
0
100
AcDbSymbolTable
 70
     1
  0
DIMSTYLE
105
27
330
A
100
AcDbSymbolTableRecord
100
AcDbDimStyleTableRecord
  2
STANDARD
 70
     0
  3

  4

  5

  6

  7

 40
1.0
 41
0.18
 42
0.0625
 43
0.38
 44
0.18
 45
0.0
 46
0.0
 47
0.0
 48
0.0
140
0.18
141
0.09
142
0.0
143
25.4
144
1.0
145
0.0
146
1.0
147
0.09
 71
     0
 72
     0
 73
     1
 74
     1
 75
     0
 76
     0
 77
     0
 78
     0
170
     0
171
     2
172
     0
173
     0
174
     0
175
     0
176
     0
177
     0
178
     0
270
     2
271
     4
272
     4
273
     2
274
     2
340
11
275
     0
280
     0
281
     0
282
     0
283
     1
284
     0
285
     0
286
     0
287
     3
288
     0
  0
ENDTAB
  0
TABLE
  2
BLOCK_RECORD
  5
1
330
0
100
AcDbSymbolTable
 70
     1
  0
BLOCK_RECORD
  5
1F
330
1
100
AcDbSymbolTableRecord
100
AcDbBlockTableRecord
  2
*MODEL_SPACE
  0
BLOCK_RECORD
  5
1B
330
1
100
AcDbSymbolTableRecord
100
AcDbBlockTableRecord
  2
*PAPER_SPACE
  0
ENDTAB
  0
ENDSEC
  0
SECTION
  2
BLOCKS
  0
BLOCK
  5
20
330
1F
100
AcDbEntity
  8
0
100
AcDbBlockBegin
  2
*MODEL_SPACE
 70
     0
 10
0.0
 20
0.0
 30
0.0
  3
*MODEL_SPACE
  1

  0
ENDBLK
  5
21
330
1F
100
AcDbEntity
  8
0
100
AcDbBlockEnd
  0
BLOCK
  5
1C
330
1B
100
AcDbEntity
 67
     1
  8
0
100
AcDbBlockBegin
  2
*PAPER_SPACE
 70
     0
 10
0.0
 20
0.0
 30
0.0
  3
*PAPER_SPACE
  1

  0
ENDBLK
  5
1D
330
1B
100
AcDbEntity
 67
     1
  8
0
100
AcDbBlockEnd
  0
ENDSEC
  0
SECTION
  2
ENTITIES
  0
SPLINE
  5
6B
330
1F
100
AcDbEntity
  8
DEFAULT
 62
     1
100
AcDbSpline
210
0.0
220
0.0
230
1.0
 70
     8
 71
     3
 72
    20
 73
    16
 74
     0
 42
0.000000001
 43
0.0000000001
 40
0.0
 40
0.0
 40
0.0
 40
0.0
 40
4.043892184517299
 40
4.043892184517299
 40
4.043892184517299
 40
12.54924232428212
 40
12.54924232428212
 40
12.54924232428212
 40
13.54924232428212
 40
13.54924232428212
 40
13.54924232428212
 40
14.54924232428212
 40
14.54924232428212
 40
14.54924232428212
 40
25.60060608628003
 40
25.60060608628003
 40
25.60060608628003
 40
25.60060608628003
 10
256.5033816666667
 20
164.747575
 30
0.0
 10
256.5807575925926
 20
165.2167694444444
 30
0.0
 10
256.6581335185185
 20
165.6859638888889
 30
0.0
 10
256.7355094444445
 20
166.1551583333333
 30
0.0
 10
257.7222288888889
 20
165.9917046296296
 30
0.0
 10
258.7089483333334
 20
165.8282509259259
 30
0.0
 10
259.6956677777777
 20
165.6647972222222
 30
0.0
 10
260.0311594444444
 20
165.608
 30
0.0
 10
260.7924538888889
 20
165.4316111111111
 30
0.0
 10
262.1548816666666
 20
165.2100666666666
 30
0.0
 10
263.5197788888889
 20
164.9839361111111
 30
0.0
 10
264.6980566666666
 20
165.2449916666667
 30
0.0
 10
264.6980566666666
 20
165.2982611111111
 30
0.0
 10
264.8909085185185
 20
166.5834305555555
 30
0.0
 10
265.0837603703703
 20
167.8686
 30
0.0
 10
265.2766122222222
 20
169.1537694444444
 30
0.0
  0
SPLINE
  5
6C
330
1F
100
AcDbEntity
  8
DEFAULT
 62
     1
100
AcDbSpline
210
0.0
220
0.0
230
1.0
 70
     8
 71
     3
 72
    23
 73
    19
 74
     0
 42
0.000000001
 43
0.0000000001
 40
0.0
 40
0.0
 40
0.0
 40
0.0
 40
3.465706421496279
 40
3.465706421496279
 40
3.465706421496279
 40
11.95214884456139
 40
11.95214884456139
 40
11.95214884456139
 40
12.95214884456139
 40
12.95214884456139
 40
12.95214884456139
 40
13.95214884456139
 40
13.95214884456139
 40
13.95214884456139
 40
25.00352889412981
 40
25.00352889412981
 40
25.00352889412981
 40
26.00352889412981
 40
26.00352889412981
 40
26.00352889412981
 40
26.00352889412981
 10
256.4468666666667
 20
164.4017116666667
 30
0.0
 10
256.3808972222222
 20
163.999545
 30
0.0
 10
256.3149277777778
 20
163.5973783333333
 30
0.0
 10
256.2489583333333
 20
163.1952116666666
 30
0.0
 10
257.2334435185185
 20
163.0318755555555
 30
0.0
 10
258.2179287037038
 20
162.8685394444444
 30
0.0
 10
259.2024138888889
 20
162.7052033333333
 30
0.0
 10
259.5407277777778
 20
162.6487588888889
 30
0.0
 10
260.3164861111111
 20
162.5711477777778
 30
0.0
 10
261.6785611111111
 20
162.3450172222222
 30
0.0
 10
263.0367555555555
 20
162.1195922222222
 30
0.0
 10
264.0626333333333
 20
161.5092866666666
 30
0.0
 10
264.0626333333333
 20
161.4457866666666
 30
0.0
 10
263.8628435185186
 20
160.1616755555555
 30
0.0
 10
263.6630537037037
 20
158.8775644444444
 30
0.0
 10
263.4632638888889
 20
157.5934533333333
 30
0.0
 10
262.9552638888889
 20
155.2224338888889
 30
0.0
 10
261.8482472222222
 20
152.5836561111111
 30
0.0
 10
263.6858666666666
 20
151.48687
 30
0.0
  0
SPLINE
  5
6D
330
1F
100
AcDbEntity
  8
DEFAULT
 62
     1
100
AcDbSpline
210
0.0
220
0.0
230
1.0
 70
     8
 71
     3
 72
    11
 73
     7
 74
     0
 42
0.000000001
 43
0.0000000001
 40
0.0
 40
0.0
 40
0.0
 40
0.0
 40
1.5
 40
1.5
 40
1.5
 40
3.0
 40
3.0
 40
3.0
 40
3.0
 10
251.6471838888889
 20
155.9136666666666
 30
0.0
 10
252.8819061111111
 20
155.8427583333333
 30
0.0
 10
253.852045
 20
154.5833416666666
 30
0.0
 10
255.1185172222222
 20
154.308175
 30
0.0
 10
258.7909338888888
 20
153.5041944444444
 30
0.0
 10
261.0522394444444
 20
151.4930083333333
 30
0.0
 10
261.9059616666667
 20
150.9250361111111
 30
0.0
  0
SPLINE
  5
6E
330
1F
100
AcDbEntity
  8
DEFAULT
 62
     1
100
AcDbSpline
210
0.0
220
0.0
230
1.0
 70
     8
 71
     3
 72
    26
 73
    22
 74
     0
 42
0.000000001
 43
0.0000000001
 40
0.0
 40
0.0
 40
0.0
 40
0.0
 40
1.0
 40
1.0
 40
1.0
 40
2.0
 40
2.0
 40
2.0
 40
3.0
 40
3.0
 40
3.0
 40
4.0
 40
4.0
 40
4.0
 40
5.0
 40
5.0
 40
5.0
 40
6.0
 40
6.0
 40
6.0
 40
7.0
 40
7.0
 40
7.0
 40
7.0
 10
232.2692063888888
 20
131.4479986111111
 30
0.0
 10
232.2762619444444
 20
131.4515263888889
 30
0.0
 10
232.2794369444444
 20
131.4589347222222
 30
0.0
 10
232.2871980555555
 20
131.4624625
 30
0.0
 10
233.3490591666666
 20
132.3863875
 30
0.0
 10
235.0314563888889
 20
133.7837402777778
 30
0.0
 10
235.2607619444444
 20
134.7711652777778
 30
0.0
 10
235.6985591666666
 20
136.6659347222222
 30
0.0
 10
235.2395952777777
 20
137.8089347222222
 30
0.0
 10
236.4178730555555
 20
139.7100541666667
 30
0.0
 10
237.1583536111111
 20
140.9027958333333
 30
0.0
 10
239.3745036111111
 20
141.5056930555555
 30
0.0
 10
241.0671313888888
 20
144.0813236111111
 30
0.0
 10
242.7361230555555
 20
146.6139152777778
 30
0.0
 10
241.6605036111111
 20
149.4996375
 30
0.0
 10
243.2755202777777
 20
150.5759625
 30
0.0
 10
245.8546786111111
 20
152.2978708333333
 30
0.0
 10
247.2552063888889
 20
151.7362486111111
 30
0.0
 10
248.1406786111111
 20
153.0771569444444
 30
0.0
 10
249.4456036111111
 20
155.0601208333333
 30
0.0
 10
250.4407897222222
 20
155.7896652777778
 30
0.0
 10
251.2945119444444
 20
155.9025541666666
 30
0.0
  0
SPLINE
  5
6F
330
1F
100
AcDbEntity
  8
DEFAULT
 62
     1
100
AcDbSpline
210
0.0
220
0.0
230
1.0
 70
     8
 71
     3
 72
    17
 73
    13
 74
     0
 42
0.000000001
 43
0.0000000001
 40
0.0
 40
0.0
 40
0.0
 40
0.0
 40
1.0
 40
1.0
 40
1.0
 40
1.009999999999991
 40
1.009999999999991
 40
1.009999999999991
 40
2.009999999999991
 40
2.009999999999991
 40
2.009999999999991
 40
3.009999999999991
 40
3.009999999999991
 40
3.009999999999991
 40
3.009999999999991
 10
238.5365152777778
 20
123.1583911111111
 30
0.0
 10
238.1308208333333
 20
123.4727161111111
 30
0.0
 10
237.6545708333333
 20
123.7482355555556
 30
0.0
 10
236.9945236111111
 20
124.0794938888889
 30
0.0
 10
236.9933476851852
 20
124.0794938888889
 30
0.0
 10
236.9921717592592
 20
124.0794938888889
 30
0.0
 10
236.9909958333333
 20
124.0794938888889
 30
0.0
 10
236.9867625
 20
124.0830216666667
 30
0.0
 10
236.9867625
 20
124.0830216666667
 30
0.0
 10
236.9842930555556
 20
124.0830216666667
 30
0.0
 10
236.9842930555556
 20
124.0865494444444
 30
0.0
 10
236.9800597222222
 20
124.0865494444444
 30
0.0
 10
236.9800597222222
 20
124.0865494444444
 30
0.0
  0
SPLINE
  5
70
330
1F
100
AcDbEntity
  8
DEFAULT
 62
     1
100
AcDbSpline
210
0.0
220
0.0
230
1.0
 70
     8
 71
     3
 72
    11
 73
     7
 74
     0
 42
0.000000001
 43
0.0000000001
 40
0.0
 40
0.0
 40
0.0
 40
0.0
 40
0.0099999999999909
 40
0.0099999999999909
 40
0.0099999999999909
 40
1.009999999999991
 40
1.009999999999991
 40
1.009999999999991
 40
1.009999999999991
 10
239.9999786111111
 20
121.6136125
 30
0.0
 10
239.9999786111111
 20
121.6147884259259
 30
0.0
 10
239.9999786111111
 20
121.6159643518518
 30
0.0
 10
239.9999786111111
 20
121.6171402777778
 30
0.0
 10
239.5590063888889
 20
122.1812319444444
 30
0.0
 10
239.2062286111111
 20
122.5872791666666
 30
0.0
 10
238.8079425
 20
122.9365291666666
 30
0.0
  0
SPLINE
  5
71
330
1F
100
AcDbEntity
  8
DEFAULT
 62
     1
100
AcDbSpline
210
0.0
220
0.0
230
1.0
 70
     8
 71
     3
 72
    17
 73
    13
 74
     0
 42
0.000000001
 43
0.0000000001
 40
0.0
 40
0.0
 40
0.0
 40
0.0
 40
1.0
 40
1.0
 40
1.0
 40
2.009000000000015
 40
2.009000000000015
 40
2.009000000000015
 40
3.009000000000015
 40
3.009000000000015
 40
3.009000000000015
 40
4.009000000000015
 40
4.009000000000015
 40
4.009000000000015
 40
4.009000000000015
 10
276.6503088888888
 20
156.8349105555555
 30
0.0
 10
277.2076977777778
 20
156.6902716666666
 30
0.0
 10
277.6066894444444
 20
156.22778
 30
0.0
 10
278.4141977777778
 20
156.0129383333333
 30
0.0
 10
278.4177255555555
 20
156.0129383333333
 30
0.0
 10
278.4177255555555
 20
156.0094105555555
 30
0.0
 10
278.4244283333333
 20
156.0094105555555
 30
0.0
 10
278.4244283333333
 20
156.0094105555555
 30
0.0
 10
279.8817533333333
 20
154.9510772222222
 30
0.0
 10
282.3229755555556
 20
155.8612438888889
 30
0.0
 10
282.6972727777778
 20
155.99918
 30
0.0
 10
283.0602811111111
 20
156.1328827777778
 30
0.0
 10
283.3993005555555
 20
156.2528272222222
 30
0.0
  0
SPLINE
  5
72
330
1F
100
AcDbEntity
  8
DEFAULT
 62
     1
100
AcDbSpline
210
0.0
220
0.0
230
1.0
 70
     8
 71
     3
 72
    35
 73
    31
 74
     0
 42
0.000000001
 43
0.0000000001
 40
0.0
 40
0.0
 40
0.0
 40
0.0
 40
1.0
 40
1.0
 40
1.0
 40
2.0
 40
2.0
 40
2.0
 40
3.0
 40
3.0
 40
3.0
 40
4.007999999999925
 40
4.007999999999925
 40
4.007999999999925
 40
5.007999999999925
 40
5.007999999999925
 40
5.007999999999925
 40
6.007999999999925
 40
6.007999999999925
 40
6.007999999999925
 40
7.007999999999925
 40
7.007999999999925
 40
7.007999999999925
 40
8.007999999999925
 40
8.007999999999925
 40
8.007999999999925
 40
9.015999999999849
 40
9.015999999999849
 40
9.015999999999849
 40
10.01599999999985
 40
10.01599999999985
 40
10.01599999999985
 40
10.01599999999985
 10
253.4131188888889
 20
148.0650666666666
 30
0.0
 10
254.4852105555555
 20
148.1850111111111
 30
0.0
 10
255.5537744444444
 20
148.2552138888889
 30
0.0
 10
256.5383772222222
 20
148.7346388888889
 30
0.0
 10
259.0575633333333
 20
149.9556027777778
 30
0.0
 10
259.7631188888889
 20
151.8500194444444
 30
0.0
 10
261.8833133333333
 20
150.9395
 30
0.0
 10
261.8900161111111
 20
150.936325
 30
0.0
 10
261.8935438888889
 20
150.9327972222222
 30
0.0
 10
261.9005994444444
 20
150.9292694444444
 30
0.0
 10
261.9037744444444
 20
150.9292694444444
 30
0.0
 10
261.9037744444444
 20
150.9257416666667
 30
0.0
 10
261.91083
 20
150.9257416666667
 30
0.0
 10
262.8319327777778
 20
150.3221388888889
 30
0.0
 10
263.8937938888889
 20
150.4882972222222
 30
0.0
 10
263.685655
 20
151.4866583333333
 30
0.0
 10
264.8741633333333
 20
154.6969361111111
 30
0.0
 10
268.2079133333333
 20
155.2754916666667
 30
0.0
 10
270.0321272222222
 20
154.8486305555555
 30
0.0
 10
270.0321272222222
 20
154.8486305555555
 30
0.0
 10
270.035655
 20
154.8486305555555
 30
0.0
 10
270.0427105555555
 20
154.8451027777778
 30
0.0
 10
270.0501188888888
 20
154.8451027777778
 30
0.0
 10
270.0599966666666
 20
154.841575
 30
0.0
 10
270.0638772222222
 20
154.841575
 30
0.0
 10
271.8559883333333
 20
154.841575
 30
0.0
 10
272.5195633333333
 20
155.4836305555555
 30
0.0
 10
274.5226355555556
 20
156.1574361111111
 30
0.0
 10
275.3375522222222
 20
156.6936583333333
 30
0.0
 10
275.8744799999999
 20
156.8845111111111
 30
0.0
 10
276.2974605555556
 20
156.8845111111111
 30
0.0
  0
SPLINE
  5
73
330
1F
100
AcDbEntity
  8
DEFAULT
 62
     1
100
AcDbSpline
210
0.0
220
0.0
230
1.0
 70
     8
 71
     3
 72
    80
 73
    76
 74
     0
 42
0.000000001
 43
0.0000000001
 40
0.0
 40
0.0
 40
0.0
 40
0.0
 40
3.907787097578494
 40
3.907787097578494
 40
3.907787097578494
 40
12.39964684677371
 40
12.39964684677371
 40
12.39964684677371
 40
13.39964684677371
 40
13.39964684677371
 40
13.39964684677371
 40
14.39964684677371
 40
14.39964684677371
 40
14.39964684677371
 40
15.4096468467737
 40
15.4096468467737
 40
15.4096468467737
 40
16.4096468467737
 40
16.4096468467737
 40
16.4096468467737
 40
17.44264684677366
 40
17.44264684677366
 40
17.44264684677366
 40
18.44264684677366
 40
18.44264684677366
 40
18.44264684677366
 40
19.44264684677366
 40
19.44264684677366
 40
19.44264684677366
 40
20.44264684677366
 40
20.44264684677366
 40
20.44264684677366
 40
21.44264684677366
 40
21.44264684677366
 40
21.44264684677366
 40
27.09791005903885
 40
27.09791005903885
 40
27.09791005903885
 40
35.60528815102467
 40
35.60528815102467
 40
35.60528815102467
 40
41.26858409949855
 40
41.26858409949855
 40
41.26858409949855
 40
42.26858409949855
 40
42.26858409949855
 40
42.26858409949855
 40
43.26858409949855
 40
43.26858409949855
 40
43.26858409949855
 40
44.26858409949855
 40
44.26858409949855
 40
44.26858409949855
 40
45.26858409949855
 40
45.26858409949855
 40
45.26858409949855
 40
46.26858409949855
 40
46.26858409949855
 40
46.26858409949855
 40
51.94344453831113
 40
51.94344453831113
 40
51.94344453831113
 40
60.4311591894996
 40
60.4311591894996
 40
60.4311591894996
 40
66.09595583192193
 40
66.09595583192193
 40
66.09595583192193
 40
67.09595583192193
 40
67.09595583192193
 40
67.09595583192193
 40
68.09595583192193
 40
68.09595583192193
 40
68.09595583192193
 40
69.09595583192193
 40
69.09595583192193
 40
69.09595583192193
 40
69.09595583192193
 10
243.6621294444444
 20
128.9551297222222
 30
0.0
 10
244.0172590740741
 20
128.6635000925926
 30
0.0
 10
244.3723887037037
 20
128.371870462963
 30
0.0
 10
244.7275183333333
 20
128.0802408333333
 30
0.0
 10
244.0949877777778
 20
127.3075399074074
 30
0.0
 10
243.4624572222222
 20
126.5348389814815
 30
0.0
 10
242.8299266666666
 20
125.7621380555556
 30
0.0
 10
242.6108516666666
 20
125.4975547222222
 30
0.0
 10
242.081685
 20
124.9264075
 30
0.0
 10
241.2029155555555
 20
123.8606658333333
 30
0.0
 10
240.3636572222222
 20
122.8414908333333
 30
0.0
 10
239.9999433333333
 20
121.7471741666667
 30
0.0
 10
239.9999433333333
 20
121.6169991666667
 30
0.0
 10
239.9999433333333
 20
121.6158232407407
 30
0.0
 10
239.9999433333333
 20
121.6146473148148
 30
0.0
 10
240.0034711111111
 20
121.6067686111111
 30
0.0
 10
242.0111294444444
 20
120.9364908333333
 30
0.0
 10
242.9212961111111
 20
121.0458519444444
 30
0.0
 10
244.3532211111111
 20
119.9663519444444
 30
0.0
 10
244.843935
 20
119.3204158333333
 30
0.0
 10
244.46611
 20
118.8974352777778
 30
0.0
 10
244.9497683333333
 20
118.6603686111111
 30
0.0
 10
245.7121211111111
 20
118.8162963888889
 30
0.0
 10
247.0032877777778
 20
124.2945825
 30
0.0
 10
248.8691294444444
 20
126.2666102777778
 30
0.0
 10
251.7125183333333
 20
129.2652213888889
 30
0.0
 10
253.8224822222222
 20
132.2391380555555
 30
0.0
 10
254.9965266666666
 20
132.9058880555556
 30
0.0
 10
255.0639072222222
 20
132.9058880555556
 30
0.0
 10
255.7232488888888
 20
133.9042491666667
 30
0.0
 10
256.0128794444444
 20
135.2451575
 30
0.0
 10
256.2986294444444
 20
136.5998241666667
 30
0.0
 10
256.4150461111111
 20
137.3688797222222
 30
0.0
 10
256.4856016666666
 20
137.7036658333333
 30
0.0
 10
256.6242433333333
 20
138.3540704629629
 30
0.0
 10
256.762885
 20
139.0044750925926
 30
0.0
 10
256.9015266666667
 20
139.6548797222222
 30
0.0
 10
257.8800146296296
 20
139.4466232407407
 30
0.0
 10
258.8585025925925
 20
139.2383667592593
 30
0.0
 10
259.8369905555555
 20
139.0301102777778
 30
0.0
 10
259.6982312962962
 20
138.3787649074074
 30
0.0
 10
259.559472037037
 20
137.727419537037
 30
0.0
 10
259.4207127777777
 20
137.0760741666666
 30
0.0
 10
259.3462766666667
 20
136.7402297222222
 30
0.0
 10
259.1381377777777
 20
135.9962213888889
 30
0.0
 10
258.8495655555556
 20
134.6415547222222
 30
0.0
 10
258.5634627777778
 20
133.2904158333333
 30
0.0
 10
258.7680738888889
 20
132.1019075
 30
0.0
 10
258.8135822222222
 20
132.0874436111111
 30
0.0
 10
259.8719155555555
 20
129.5897769444444
 30
0.0
 10
266.2116849999999
 20
135.9824630555555
 30
0.0
 10
267.8803238888888
 20
137.4570741666667
 30
0.0
 10
267.9431183333333
 20
137.4570741666667
 30
0.0
 10
268.514971111111
 20
138.5041186111111
 30
0.0
 10
268.6878322222222
 20
139.8732491666667
 30
0.0
 10
268.8610461111111
 20
141.2423797222222
 30
0.0
 10
268.9065544444444
 20
142.0181380555555
 30
0.0
 10
268.9492405555555
 20
142.3606852777778
 30
0.0
 10
269.0339072222222
 20
143.0226139814815
 30
0.0
 10
269.1185738888888
 20
143.6845426851852
 30
0.0
 10
269.2032405555555
 20
144.3464713888889
 30
0.0
 10
270.1933701851851
 20
144.2206473148148
 30
0.0
 10
271.1834998148148
 20
144.0948232407407
 30
0.0
 10
272.1736294444444
 20
143.9689991666666
 30
0.0
 10
272.0900211111111
 20
143.3081287962963
 30
0.0
 10
272.0064127777778
 20
142.6472584259259
 30
0.0
 10
271.9228044444444
 20
141.9863880555556
 30
0.0
 10
271.8843516666666
 20
141.6441936111111
 30
0.0
 10
271.7397127777778
 20
140.8821936111111
 30
0.0
 10
271.5668516666667
 20
139.5067130555556
 30
0.0
 10
271.3936377777778
 20
138.1481658333333
 30
0.0
 10
271.6934988888889
 20
136.9878797222222
 30
0.0
 10
271.7534711111111
 20
136.9663602777778
 30
0.0
 10
272.180685
 20
136.3034908333333
 30
0.0
 10
273.1575266666666
 20
136.0808880555556
 30
0.0
 10
274.3463877777777
 20
136.1588519444445
 30
0.0
  0
SPLINE
  5
74
330
1F
100
AcDbEntity
  8
DEFAULT
 62
     1
100
AcDbSpline
210
0.0
220
0.0
230
1.0
 70
     8
 71
     3
 72
    44
 73
    40
 74
     0
 42
0.000000001
 43
0.0000000001
 40
0.0
 40
0.0
 40
0.0
 40
0.0
 40
1.0
 40
1.0
 40
1.0
 40
2.0
 40
2.0
 40
2.0
 40
3.0
 40
3.0
 40
3.0
 40
4.0
 40
4.0
 40
4.0
 40
5.0
 40
5.0
 40
5.0
 40
6.0
 40
6.0
 40
6.0
 40
7.0
 40
7.0
 40
7.0
 40
9.009999999999991
 40
9.009999999999991
 40
9.009999999999991
 40
9.038999999999987
 40
9.038999999999987
 40
9.038999999999987
 40
10.03899999999999
 40
10.03899999999999
 40
10.03899999999999
 40
11.03899999999999
 40
11.03899999999999
 40
11.03899999999999
 40
19.5517669414826
 40
19.5517669414826
 40
19.5517669414826
 40
23.13929004245353
 40
23.13929004245353
 40
23.13929004245353
 40
23.13929004245353
 10
253.0637983333333
 20
148.0223452777778
 30
0.0
 10
252.0901316666666
 20
147.8988730555555
 30
0.0
 10
251.1235205555555
 20
147.6910869444444
 30
0.0
 10
250.2486316666666
 20
147.0592619444444
 30
0.0
 10
249.1578427777777
 20
146.2584563888889
 30
0.0
 10
244.1914372222222
 20
138.9245591666667
 30
0.0
 10
240.6068622222222
 20
136.8745675
 30
0.0
 10
236.8007427777777
 20
134.6947536111111
 30
0.0
 10
232.6164455555555
 20
131.6890869444444
 30
0.0
 10
232.29189
 20
131.4562536111111
 30
0.0
 10
232.2851872222222
 20
131.4527258333333
 30
0.0
 10
232.2816594444444
 20
131.4453175
 30
0.0
 10
232.2746038888889
 20
131.4453175
 30
0.0
 10
229.7660011111111
 20
129.3815675
 30
0.0
 10
229.7197872222222
 20
128.3902619444444
 30
0.0
 10
230.3449094444444
 20
127.9457619444444
 30
0.0
 10
231.0324733333333
 20
127.4557536111111
 30
0.0
 10
232.3518622222222
 20
127.0391230555555
 30
0.0
 10
233.9675844444444
 20
126.5526425
 30
0.0
 10
233.9711122222222
 20
126.5558175
 30
0.0
 10
233.9711122222222
 20
126.5558175
 30
0.0
 10
233.97464
 20
126.5491147222222
 30
0.0
 10
236.3453066666666
 20
125.8400313888889
 30
0.0
 10
236.9344455555555
 20
124.2345397222222
 30
0.0
 10
236.9841872222222
 20
124.0796702777778
 30
0.0
 10
236.9864214814814
 20
124.0796702777778
 30
0.0
 10
236.9886557407407
 20
124.0796702777778
 30
0.0
 10
236.9944177777777
 20
124.0796702777778
 30
0.0
 10
237.1108344444444
 20
124.0969563888889
 30
0.0
 10
238.1197788888888
 20
124.6688091666666
 30
0.0
 10
238.9597427777777
 20
125.6989202777778
 30
0.0
 10
239.8346316666666
 20
126.7639563888889
 30
0.0
 10
240.2893622222222
 20
127.4028369444444
 30
0.0
 10
240.5077316666666
 20
127.6603647222222
 30
0.0
 10
241.1428492592592
 20
128.4341239814815
 30
0.0
 10
241.7779668518518
 20
129.2078832407407
 30
0.0
 10
242.4130844444444
 20
129.9816425
 30
0.0
 10
242.7386983333333
 20
129.7134137962963
 30
0.0
 10
243.0643122222222
 20
129.4451850925926
 30
0.0
 10
243.3899261111111
 20
129.1769563888889
 30
0.0
  0
SPLINE
  5
75
330
1F
100
AcDbEntity
  8
DEFAULT
 62
     1
100
AcDbSpline
210
0.0
220
0.0
230
1.0
 70
     8
 71
     3
 72
    83
 73
    79
 74
     0
 42
0.000000001
 43
0.0000000001
 40
0.0
 40
0.0
 40
0.0
 40
0.0
 40
1.0
 40
1.0
 40
1.0
 40
2.0
 40
2.0
 40
2.0
 40
3.0
 40
3.0
 40
3.0
 40
4.0
 40
4.0
 40
4.0
 40
5.0
 40
5.0
 40
5.0
 40
6.0
 40
6.0
 40
6.0
 40
17.04293892041424
 40
17.04293892041424
 40
17.04293892041424
 40
18.04293892041424
 40
18.04293892041424
 40
18.04293892041424
 40
19.04293892041424
 40
19.04293892041424
 40
19.04293892041424
 40
27.54825737418184
 40
27.54825737418184
 40
27.54825737418184
 40
36.05151798408907
 40
36.05151798408907
 40
36.05151798408907
 40
44.54647319291747
 40
44.54647319291747
 40
44.54647319291747
 40
45.54647319291747
 40
45.54647319291747
 40
45.54647319291747
 40
46.54647319291747
 40
46.54647319291747
 40
46.54647319291747
 40
57.60226633497662
 40
57.60226633497662
 40
57.60226633497662
 40
58.60226633497662
 40
58.60226633497662
 40
58.60226633497662
 40
59.60226633497662
 40
59.60226633497662
 40
59.60226633497662
 40
60.60226633497662
 40
60.60226633497662
 40
60.60226633497662
 40
61.60226633497662
 40
61.60226633497662
 40
61.60226633497662
 40
62.60226633497662
 40
62.60226633497662
 40
62.60226633497662
 40
68.26105251224115
 40
68.26105251224115
 40
68.26105251224115
 40
76.76035613077366
 40
76.76035613077366
 40
76.76035613077366
 40
82.43305927830394
 40
82.43305927830394
 40
82.43305927830394
 40
83.43305927830394
 40
83.43305927830394
 40
83.43305927830394
 40
84.43305927830394
 40
84.43305927830394
 40
84.43305927830394
 40
85.43305927830394
 40
85.43305927830394
 40
85.43305927830394
 40
85.43305927830394
 10
283.7465044444444
 20
156.3753116666666
 30
0.0
 10
284.688421111111
 20
156.6998672222222
 30
0.0
 10
285.4751155555555
 20
156.9189422222222
 30
0.0
 10
286.0497905555555
 20
156.9362283333333
 30
0.0
 10
286.6851433333333
 20
157.1408394444444
 30
0.0
 10
287.3695322222222
 20
157.6562477777778
 30
0.0
 10
287.1758572222222
 20
158.4217755555555
 30
0.0
 10
286.9881794444444
 20
159.1590811111111
 30
0.0
 10
286.7553461111111
 20
159.8184227777778
 30
0.0
 10
286.4907627777777
 20
160.41497
 30
0.0
 10
286.4907627777777
 20
160.4220255555555
 30
0.0
 10
286.4875877777777
 20
160.4287283333333
 30
0.0
 10
286.4875877777777
 20
160.4322561111111
 30
0.0
 10
286.0148655555555
 20
161.9280338888889
 30
0.0
 10
285.941135
 20
162.5281088888889
 30
0.0
 10
287.1578655555555
 20
164.2775338888889
 30
0.0
 10
288.3788294444444
 20
166.03472
 30
0.0
 10
290.9329405555555
 20
164.7502561111111
 30
0.0
 10
293.2679766666666
 20
164.0944422222222
 30
0.0
 10
294.5344488888889
 20
163.8075162962963
 30
0.0
 10
295.8009211111111
 20
163.5205903703703
 30
0.0
 10
297.0673933333333
 20
163.2336644444444
 30
0.0
 10
297.12031
 20
163.2192005555555
 30
0.0
 10
297.3037544444444
 20
162.0271644444444
 30
0.0
 10
296.9859016666666
 20
160.6830811111111
 30
0.0
 10
296.6691072222222
 20
159.33547
 30
0.0
 10
296.4465044444444
 20
158.5911088888889
 30
0.0
 10
296.3685405555555
 20
158.259145
 30
0.0
 10
296.1393525925926
 20
157.2855959259259
 30
0.0
 10
295.9101646296296
 20
156.3120468518518
 30
0.0
 10
295.6809766666667
 20
155.3384977777777
 30
0.0
 10
296.6545257407407
 20
155.1103681481481
 30
0.0
 10
297.6280748148148
 20
154.8822385185185
 30
0.0
 10
298.6016238888889
 20
154.6541088888889
 30
0.0
 10
298.8299887037037
 20
155.6265996296296
 30
0.0
 10
299.0583535185185
 20
156.5990903703704
 30
0.0
 10
299.2867183333333
 20
157.5715811111111
 30
0.0
 10
299.3671516666666
 20
157.9063672222222
 30
0.0
 10
299.4948572222222
 20
158.671895
 30
0.0
 10
299.8123572222221
 20
160.0195061111111
 30
0.0
 10
300.1259766666666
 20
161.3568866666666
 30
0.0
 10
300.8107183333333
 20
162.3407838888889
 30
0.0
 10
300.8706905555555
 20
162.3407838888889
 30
0.0
 10
302.1405729629629
 20
162.062207037037
 30
0.0
 10
303.4104553703704
 20
161.7836301851852
 30
0.0
 10
304.6803377777778
 20
161.5050533333333
 30
0.0
 10
308.0846433333333
 20
160.3440616666666
 30
0.0
 10
299.5795238888888
 20
149.7572005555556
 30
0.0
 10
298.4852072222222
 20
146.3109144444444
 30
0.0
 10
297.5930322222222
 20
143.495395
 30
0.0
 10
293.1131072222222
 20
144.3353588888889
 30
0.0
 10
291.97681
 20
142.4652838888889
 30
0.0
 10
290.4073016666666
 20
139.8794227777778
 30
0.0
 10
287.3271988888889
 20
138.9128116666666
 30
0.0
 10
285.5386155555555
 20
140.2710061111111
 30
0.0
 10
285.4751155555555
 20
140.2710061111111
 30
0.0
 10
284.7977822222222
 20
141.2587838888889
 30
0.0
 10
284.4947461111111
 20
142.5922838888889
 30
0.0
 10
284.1874766666666
 20
143.9434227777778
 30
0.0
 10
284.0640044444444
 20
144.7128311111111
 30
0.0
 10
283.9828655555555
 20
145.0444422222222
 30
0.0
 10
283.8358748148148
 20
145.6934357407407
 30
0.0
 10
283.688884074074
 20
146.3424292592592
 30
0.0
 10
283.5418933333333
 20
146.9914227777778
 30
0.0
 10
282.5671683333333
 20
146.7704662962963
 30
0.0
 10
281.5924433333333
 20
146.5495098148148
 30
0.0
 10
280.6177183333333
 20
146.3285533333333
 30
0.0
 10
280.765885
 20
145.6781487037037
 30
0.0
 10
280.9140516666667
 20
145.0277440740741
 30
0.0
 10
281.0622183333333
 20
144.3773394444444
 30
0.0
 10
281.1391238888889
 20
144.0460811111111
 30
0.0
 10
281.3581988888889
 20
143.2978394444444
 30
0.0
 10
281.6682905555555
 20
141.9505811111111
 30
0.0
 10
281.972385
 20
140.60297
 30
0.0
 10
281.7889405555555
 20
139.4137561111111
 30
0.0
 10
281.7324961111111
 20
139.4035255555555
 30
0.0
 10
280.6494683333333
 20
137.9779505555555
 30
0.0
 10
277.2698572222222
 20
136.4613588888889
 30
0.0
 10
274.6942266666666
 20
136.1861922222222
 30
0.0
  0
SPLINE
  5
76
330
1F
100
AcDbEntity
  8
DEFAULT
 62
     1
100
AcDbSpline
210
0.0
220
0.0
230
1.0
 70
     8
 71
     3
 72
    14
 73
    10
 74
     0
 42
0.000000001
 43
0.0000000001
 40
0.0
 40
0.0
 40
0.0
 40
0.0
 40
1.007484541349018
 40
1.007484541349018
 40
1.007484541349018
 40
2.014969082698036
 40
2.014969082698036
 40
2.014969082698036
 40
3.022453624047053
 40
3.022453624047053
 40
3.022453624047053
 40
3.022453624047053
 10
247.0858730555555
 20
112.3628619444444
 30
0.0
 10
250.3353091666666
 20
112.0453619444444
 30
0.0
 10
253.2912341666666
 20
112.3455758333333
 30
0.0
 10
255.0053813888888
 20
113.9256675
 30
0.0
 10
265.7019563888888
 20
123.7826313888889
 30
0.0
 10
257.2317619444444
 20
117.4396869444444
 30
0.0
 10
252.2858175
 20
116.9069925
 30
0.0
 10
249.6964286111111
 20
116.6279452777778
 30
0.0
 10
245.3004647222222
 20
118.5227147222222
 30
0.0
 10
244.9409841666666
 20
118.6631202777778
 30
0.0
  0
SPLINE
  5
77
330
1F
100
AcDbEntity
  8
DEFAULT
 62
     1
100
AcDbSpline
210
0.0
220
0.0
230
1.0
 70
     8
 71
     3
 72
    20
 73
    16
 74
     0
 42
0.000000001
 43
0.0000000001
 40
0.0
 40
0.0
 40
0.0
 40
0.0
 40
4.250599957653148
 40
4.250599957653148
 40
4.250599957653148
 40
9.92183306871469
 40
9.92183306871469
 40
9.92183306871469
 40
10.92183306871469
 40
10.92183306871469
 40
10.92183306871469
 40
11.92183306871469
 40
11.92183306871469
 40
11.92183306871469
 40
12.92183306871469
 40
12.92183306871469
 40
12.92183306871469
 40
12.92183306871469
 10
241.8982405555555
 20
159.9713166666667
 30
0.0
 10
242.3215738888889
 20
160.2370759259259
 30
0.0
 10
242.7449072222222
 20
160.5028351851852
 30
0.0
 10
243.1682405555556
 20
160.7685944444444
 30
0.0
 10
242.8128757407407
 20
161.3329212962963
 30
0.0
 10
242.4575109259259
 20
161.8972481481481
 30
0.0
 10
242.1021461111111
 20
162.461575
 30
0.0
 10
241.922935
 20
162.7543805555555
 30
0.0
 10
241.4674988888889
 20
163.3862055555555
 30
0.0
 10
240.7301933333333
 20
164.5574277777777
 30
0.0
 10
240.0246377777777
 20
165.6722055555555
 30
0.0
 10
239.7953322222222
 20
166.8007416666667
 30
0.0
 10
239.8200266666666
 20
166.9277416666666
 30
0.0
 10
239.8200266666666
 20
166.93515
 30
0.0
 10
239.8235544444444
 20
166.93515
 30
0.0
 10
239.8235544444444
 20
166.9386777777778
 30
0.0
  0
SPLINE
  5
78
330
1F
100
AcDbEntity
  8
DEFAULT
 62
     1
100
AcDbSpline
210
0.0
220
0.0
230
1.0
 70
     8
 71
     3
 72
    83
 73
    79
 74
     0
 42
0.000000001
 43
0.0000000001
 40
0.0
 40
0.0
 40
0.0
 40
0.0
 40
1.0
 40
1.0
 40
1.0
 40
2.0
 40
2.0
 40
2.0
 40
3.0
 40
3.0
 40
3.0
 40
4.0
 40
4.0
 40
4.0
 40
5.0
 40
5.0
 40
5.0
 40
10.65571604662044
 40
10.65571604662044
 40
10.65571604662044
 40
19.16333157625036
 40
19.16333157625036
 40
19.16333157625036
 40
24.80574816845627
 40
24.80574816845627
 40
24.80574816845627
 40
25.80574816845627
 40
25.80574816845627
 40
25.80574816845627
 40
26.80574816845627
 40
26.80574816845627
 40
26.80574816845627
 40
27.80574816845627
 40
27.80574816845627
 40
27.80574816845627
 40
28.80574816845627
 40
28.80574816845627
 40
28.80574816845627
 40
29.80574816845627
 40
29.80574816845627
 40
29.80574816845627
 40
30.80574816845627
 40
30.80574816845627
 40
30.80574816845627
 40
36.46733496016056
 40
36.46733496016056
 40
36.46733496016056
 40
44.95641270747798
 40
44.95641270747798
 40
44.95641270747798
 40
50.63112855939516
 40
50.63112855939516
 40
50.63112855939516
 40
51.63112855939516
 40
51.63112855939516
 40
51.63112855939516
 40
52.63112855939516
 40
52.63112855939516
 40
52.63112855939516
 40
53.63112855939516
 40
53.63112855939516
 40
53.63112855939516
 40
55.63112855939516
 40
55.63112855939516
 40
55.63112855939516
 40
57.65112855939514
 40
57.65112855939514
 40
57.65112855939514
 40
58.65112855939514
 40
58.65112855939514
 40
58.65112855939514
 40
59.65112855939514
 40
59.65112855939514
 40
59.65112855939514
 40
65.3139021730936
 40
65.3139021730936
 40
65.3139021730936
 40
68.56936911348791
 40
68.56936911348791
 40
68.56936911348791
 40
68.56936911348791
 10
246.7385986111111
 20
112.3986688888889
 30
0.0
 10
241.4642180555555
 20
112.9775772222222
 30
0.0
 10
235.5132097222222
 20
115.0942438888889
 30
0.0
 10
232.8740791666666
 20
115.9409105555555
 30
0.0
 10
227.0112652777778
 20
117.8247438888889
 30
0.0
 10
220.8651708333333
 20
124.69368
 30
0.0
 10
219.6657263888889
 20
130.5109855555555
 30
0.0
 10
219.2854319444445
 20
132.38353
 30
0.0
 10
218.2373291666667
 20
135.0861605555556
 30
0.0
 10
219.6382097222222
 20
136.5149105555556
 30
0.0
 10
219.6766625
 20
136.56818
 30
0.0
 10
220.8549402777778
 20
136.7403355555556
 30
0.0
 10
222.1845597222222
 20
136.4267161111111
 30
0.0
 10
223.5289958333333
 20
136.1092161111111
 30
0.0
 10
224.2730041666667
 20
135.8799105555556
 30
0.0
 10
224.6120236111111
 20
135.7984188888889
 30
0.0
 10
225.2587828703704
 20
135.6434318518518
 30
0.0
 10
225.9055421296296
 20
135.4884448148148
 30
0.0
 10
226.5523013888889
 20
135.3334577777778
 30
0.0
 10
226.7826652777778
 20
136.3070068518518
 30
0.0
 10
227.0130291666667
 20
137.2805559259259
 30
0.0
 10
227.2433930555556
 20
138.254105
 30
0.0
 10
226.5980449074074
 20
138.4082688888889
 30
0.0
 10
225.9526967592593
 20
138.5624327777778
 30
0.0
 10
225.3073486111111
 20
138.7165966666666
 30
0.0
 10
224.9753847222222
 20
138.79703
 30
0.0
 10
224.2063291666667
 20
138.9243827777778
 30
0.0
 10
222.8551902777778
 20
139.2457633333333
 30
0.0
 10
221.5287458333333
 20
139.5625577777778
 30
0.0
 10
220.5448486111111
 20
140.2472994444445
 30
0.0
 10
220.5448486111111
 20
140.3143272222222
 30
0.0
 10
220.2658013888889
 20
140.7373077777778
 30
0.0
 10
221.1375152777778
 20
142.0644577777778
 30
0.0
 10
224.1745791666667
 20
146.6890216666667
 30
0.0
 10
226.9721069444444
 20
150.9470494444444
 30
0.0
 10
227.7058847222222
 20
151.0105494444445
 30
0.0
 10
228.4181430555555
 20
150.922355
 30
0.0
 10
228.4961069444444
 20
150.9576327777778
 30
0.0
 10
229.6461625
 20
150.6997522222222
 30
0.0
 10
230.7679958333333
 20
149.9377522222222
 30
0.0
 10
231.9109958333333
 20
149.1655216666667
 30
0.0
 10
232.5283569444445
 20
148.6892716666667
 30
0.0
 10
232.8109319444444
 20
148.4984188888889
 30
0.0
 10
233.363499537037
 20
148.1270614814815
 30
0.0
 10
233.9160671296296
 20
147.7557040740741
 30
0.0
 10
234.4686347222222
 20
147.3843466666667
 30
0.0
 10
235.0283754629629
 20
148.210905
 30
0.0
 10
235.5881162037037
 20
149.0374633333334
 30
0.0
 10
236.1478569444444
 20
149.8640216666667
 30
0.0
 10
235.5951717592593
 20
150.2379661111111
 30
0.0
 10
235.042486574074
 20
150.6119105555556
 30
0.0
 10
234.4898013888889
 20
150.985855
 30
0.0
 10
234.2040513888889
 20
151.1767077777778
 30
0.0
 10
233.5376541666667
 20
151.5714661111111
 30
0.0
 10
232.3911263888889
 20
152.3472244444444
 30
0.0
 10
231.2445986111111
 20
153.1169855555556
 30
0.0
 10
230.5665597222222
 20
154.1111133333333
 30
0.0
 10
230.5990152777778
 20
154.1573272222222
 30
0.0
 10
230.2215430555555
 20
155.272105
 30
0.0
 10
230.2744597222222
 20
155.9776605555556
 30
0.0
 10
233.2758930555555
 20
160.5493077777778
 30
0.0
 10
235.2690875
 20
163.5839022222222
 30
0.0
 10
235.9464208333333
 20
164.7261966666667
 30
0.0
 10
236.3694013888889
 20
164.8570772222222
 30
0.0
 10
236.4226708333333
 20
164.8743633333333
 30
0.0
 10
236.4755875
 20
164.8743633333333
 30
0.0
 10
236.5288569444444
 20
164.8535494444444
 30
0.0
 10
236.6452736111111
 20
164.828855
 30
0.0
 10
237.5691986111111
 20
164.1370577777778
 30
0.0
 10
238.2747541666667
 20
163.0085216666667
 30
0.0
 10
239.0092375
 20
161.8404744444444
 30
0.0
 10
239.3793013888889
 20
161.1564383333333
 30
0.0
 10
239.5623930555556
 20
160.8671605555555
 30
0.0
 10
239.9177578703704
 20
160.3040096296296
 30
0.0
 10
240.2731226851852
 20
159.7408587037037
 30
0.0
 10
240.6284875
 20
159.1777077777778
 30
0.0
 10
240.952925462963
 20
159.3809077777778
 30
0.0
 10
241.2773634259259
 20
159.5841077777777
 30
0.0
 10
241.6018013888889
 20
159.7873077777778
 30
0.0
  0
SPLINE
  5
79
330
1F
100
AcDbEntity
  8
DEFAULT
 62
     1
100
AcDbSpline
210
0.0
220
0.0
230
1.0
 70
     8
 71
     3
 72
    17
 73
    13
 74
     0
 42
0.000000001
 43
0.0000000001
 40
0.0
 40
0.0
 40
0.0
 40
0.0
 40
3.473956207372435
 40
3.473956207372435
 40
3.473956207372435
 40
11.98610080613328
 40
11.98610080613328
 40
11.98610080613328
 40
12.98681624003343
 40
12.98681624003343
 40
12.98681624003343
 40
13.98753167393358
 40
13.98753167393358
 40
13.98753167393358
 40
13.98753167393358
 10
277.04923
 20
164.066855
 30
0.0
 10
277.4571587037037
 20
164.0514503703704
 30
0.0
 10
277.8650874074074
 20
164.0360457407408
 30
0.0
 10
278.2730161111111
 20
164.0206411111111
 30
0.0
 10
278.2352688888889
 20
163.0211040740741
 30
0.0
 10
278.1975216666667
 20
162.021567037037
 30
0.0
 10
278.1597744444445
 20
161.02203
 30
0.0
 10
278.1460161111111
 20
160.6801883333333
 30
0.0
 10
278.068405
 20
159.9079577777778
 30
0.0
 10
278.0151355555556
 20
158.5243633333333
 30
0.0
 10
277.9622188888889
 20
157.1661688888889
 30
0.0
 10
278.3576827777778
 20
156.0411605555555
 30
0.0
 10
278.4211827777777
 20
156.0094105555555
 30
0.0
  0
SPLINE
  5
7A
330
1F
100
AcDbEntity
  8
DEFAULT
 62
     1
100
AcDbSpline
210
0.0
220
0.0
230
1.0
 70
     8
 71
     3
 72
    17
 73
    13
 74
     0
 42
0.000000001
 43
0.0000000001
 40
0.0
 40
0.0
 40
0.0
 40
0.0
 40
1.0
 40
1.0
 40
1.0
 40
2.0
 40
2.0
 40
2.0
 40
10.49641100700762
 40
10.49641100700762
 40
10.49641100700762
 40
14.53120022083272
 40
14.53120022083272
 40
14.53120022083272
 40
14.53120022083272
 10
274.5198486111111
 20
156.1575772222222
 30
0.0
 10
274.5551263888889
 20
156.1995577777778
 30
0.0
 10
275.0627736111111
 20
157.2578911111111
 30
0.0
 10
275.1156902777777
 20
158.6372522222222
 30
0.0
 10
275.1689597222222
 20
160.0166133333333
 30
0.0
 10
275.1509680555556
 20
160.79343
 30
0.0
 10
275.1611986111111
 20
161.1384466666667
 30
0.0
 10
275.2000041666667
 20
162.1368077777778
 30
0.0
 10
275.2388097222222
 20
163.1351688888889
 30
0.0
 10
275.2776152777778
 20
164.13353
 30
0.0
 10
275.7517486111112
 20
164.1158911111111
 30
0.0
 10
276.2258819444444
 20
164.0982522222222
 30
0.0
 10
276.7000152777778
 20
164.0806133333333
 30
0.0
  0
SPLINE
  5
7B
330
1F
100
AcDbEntity
  8
DEFAULT
 62
     1
100
AcDbSpline
210
0.0
220
0.0
230
1.0
 70
     8
 71
     3
 72
    20
 73
    16
 74
     0
 42
0.000000001
 43
0.0000000001
 40
0.0
 40
0.0
 40
0.0
 40
0.0
 40
1.0
 40
1.0
 40
1.0
 40
2.0
 40
2.0
 40
2.0
 40
3.0
 40
3.0
 40
3.0
 40
4.0
 40
4.0
 40
4.0
 40
5.0
 40
5.0
 40
5.0
 40
5.0
 10
238.4972511111111
 20
165.7707716666667
 30
0.0
 10
238.9664455555556
 20
166.0917994444444
 30
0.0
 10
239.4109455555555
 20
166.4833827777778
 30
0.0
 10
239.8201677777778
 20
166.92753
 30
0.0
 10
239.8201677777778
 20
166.9352911111111
 30
0.0
 10
239.8236955555555
 20
166.9352911111111
 30
0.0
 10
239.8236955555555
 20
166.9388188888889
 30
0.0
 10
241.8204177777777
 20
169.972355
 30
0.0
 10
242.8078427777778
 20
169.6410966666667
 30
0.0
 10
243.9868261111111
 20
171.75353
 30
0.0
 10
245.05539
 20
173.6698188888889
 30
0.0
 10
251.7479372222222
 20
172.0992522222222
 30
0.0
 10
255.3953066666666
 20
171.1086522222222
 30
0.0
 10
255.6461316666666
 20
171.0409188888889
 30
0.0
 10
255.9315288888889
 20
170.9844744444444
 30
0.0
 10
256.2490288888889
 20
170.9389661111111
 30
0.0
  0
SPLINE
  5
7C
330
1F
100
AcDbEntity
  8
DEFAULT
 62
     1
100
AcDbSpline
210
0.0
220
0.0
230
1.0
 70
     8
 71
     3
 72
   113
 73
   109
 74
     0
 42
0.000000001
 43
0.0000000001
 40
0.0
 40
0.0
 40
0.0
 40
0.0
 40
1.0
 40
1.0
 40
1.0
 40
2.0
 40
2.0
 40
2.0
 40
3.0
 40
3.0
 40
3.0
 40
4.0
 40
4.0
 40
4.0
 40
5.0
 40
5.0
 40
5.0
 40
6.0
 40
6.0
 40
6.0
 40
14.50536889264662
 40
14.50536889264662
 40
14.50536889264662
 40
15.50536889264662
 40
15.50536889264662
 40
15.50536889264662
 40
16.50536889264662
 40
16.50536889264662
 40
16.50536889264662
 40
17.50536889264662
 40
17.50536889264662
 40
17.50536889264662
 40
18.50536889264662
 40
18.50536889264662
 40
18.50536889264662
 40
19.50536889264662
 40
19.50536889264662
 40
19.50536889264662
 40
20.50536889264662
 40
20.50536889264662
 40
20.50536889264662
 40
21.50536889264662
 40
21.50536889264662
 40
21.50536889264662
 40
22.50536889264662
 40
22.50536889264662
 40
22.50536889264662
 40
23.50536889264662
 40
23.50536889264662
 40
23.50536889264662
 40
24.50536889264662
 40
24.50536889264662
 40
24.50536889264662
 40
25.50536889264662
 40
25.50536889264662
 40
25.50536889264662
 40
26.50536889264662
 40
26.50536889264662
 40
26.50536889264662
 40
32.16978775074669
 40
32.16978775074669
 40
32.16978775074669
 40
40.67472755065121
 40
40.67472755065121
 40
40.67472755065121
 40
46.35887058192687
 40
46.35887058192687
 40
46.35887058192687
 40
47.35887058192687
 40
47.35887058192687
 40
47.35887058192687
 40
48.35887058192687
 40
48.35887058192687
 40
48.35887058192687
 40
51.44296638394732
 40
51.44296638394732
 40
51.44296638394732
 40
52.44296638394732
 40
52.44296638394732
 40
52.44296638394732
 40
53.44296638394732
 40
53.44296638394732
 40
53.44296638394732
 40
54.44296638394732
 40
54.44296638394732
 40
54.44296638394732
 40
55.44296638394732
 40
55.44296638394732
 40
55.44296638394732
 40
56.44296638394732
 40
56.44296638394732
 40
56.44296638394732
 40
57.44296638394732
 40
57.44296638394732
 40
57.44296638394732
 40
57.49436677305082
 40
57.49436677305082
 40
57.49436677305082
 40
59.49436677305082
 40
59.49436677305082
 40
59.49436677305082
 40
60.49436677305082
 40
60.49436677305082
 40
60.49436677305082
 40
61.51336677305083
 40
61.51336677305083
 40
61.51336677305083
 40
62.51336677305083
 40
62.51336677305083
 40
62.51336677305083
 40
62.51336677305083
 10
263.6188741666667
 20
179.88534
 30
0.0
 10
257.9744297222222
 20
183.5193038888889
 30
0.0
 10
251.6272519444445
 20
187.8193122222222
 30
0.0
 10
245.2599658333334
 20
185.88609
 30
0.0
 10
252.6757075
 20
192.7864233333333
 30
0.0
 10
257.5719102777778
 20
195.2978483333333
 30
0.0
 10
260.1510686111111
 20
199.6193761111111
 30
0.0
 10
260.6273186111111
 20
200.4166538888888
 30
0.0
 10
260.2001047222222
 20
200.3993677777777
 30
0.0
 10
260.0766325
 20
200.2684872222222
 30
0.0
 10
254.3404658333333
 20
194.1873038888889
 30
0.0
 10
239.4920491666667
 20
191.858265
 30
0.0
 10
227.8076963888889
 20
191.3086372222222
 30
0.0
 10
227.7519575
 20
191.2941733333333
 30
0.0
 10
227.6313075
 20
190.0979038888889
 30
0.0
 10
228.0091325
 20
188.7682844444444
 30
0.0
 10
228.3866047222222
 20
187.4383122222222
 30
0.0
 10
228.7393825
 20
186.3764511111111
 30
0.0
 10
228.7393825
 20
186.3764511111111
 30
0.0
 10
227.7774750925926
 20
186.1024603703704
 30
0.0
 10
226.8155676851852
 20
185.8284696296296
 30
0.0
 10
225.8536602777777
 20
185.5544788888889
 30
0.0
 10
225.8536602777777
 20
185.5544788888889
 30
0.0
 10
225.5961325
 20
186.6445622222222
 30
0.0
 10
225.2190130555555
 20
187.9745344444444
 30
0.0
 10
224.8415408333333
 20
189.2939233333333
 30
0.0
 10
224.1179936111111
 20
190.2425427777778
 30
0.0
 10
224.0477908333334
 20
190.2425427777778
 30
0.0
 10
222.7139380555556
 20
190.3169788888889
 30
0.0
 10
218.2516519444444
 20
187.9463122222222
 30
0.0
 10
215.5984102777778
 20
186.3235344444444
 30
0.0
 10
214.0183186111111
 20
184.962165
 30
0.0
 10
214.6991797222222
 20
181.2929233333333
 30
0.0
 10
217.1788547222222
 20
178.0194983333333
 30
0.0
 10
217.7507075
 20
176.4104788888889
 30
0.0
 10
219.5424658333333
 20
174.8864788888889
 30
0.0
 10
219.5424658333333
 20
174.8864788888889
 30
0.0
 10
219.0171797222222
 20
178.2480983333333
 30
0.0
 10
219.7188547222222
 20
178.7814983333333
 30
0.0
 10
220.7034575
 20
179.5255066666667
 30
0.0
 10
221.6591325
 20
178.2593872222222
 30
0.0
 10
223.4304297222222
 20
176.5022011111111
 30
0.0
 10
223.3951519444445
 20
177.1375538888889
 30
0.0
 10
223.3559936111111
 20
177.7722011111111
 30
0.0
 10
224.9297352777778
 20
179.6772011111111
 30
0.0
 10
224.9297352777778
 20
179.6772011111111
 30
0.0
 10
226.0582713888889
 20
178.1814233333333
 30
0.0
 10
227.3737797222222
 20
178.8414705555555
 30
0.0
 10
227.7307908333333
 20
178.961415
 30
0.0
 10
228.0835686111111
 20
179.0735983333333
 30
0.0
 10
230.6761325
 20
179.1797844444444
 30
0.0
 10
231.2162352777778
 20
179.1833122222222
 30
0.0
 10
231.2232908333333
 20
179.1268677777778
 30
0.0
 10
232.3871047222222
 20
178.8234788888889
 30
0.0
 10
233.7594102777778
 20
178.993165
 30
0.0
 10
235.1320686111111
 20
179.1617927777778
 30
0.0
 10
235.8933630555556
 20
179.3064316666666
 30
0.0
 10
236.2359102777778
 20
179.3491177777778
 30
0.0
 10
236.8968982407407
 20
179.4314325925926
 30
0.0
 10
237.5578862037037
 20
179.5137474074074
 30
0.0
 10
238.2188741666667
 20
179.5960622222222
 30
0.0
 10
238.3422287962963
 20
178.6035807407407
 30
0.0
 10
238.4655834259259
 20
177.6110992592592
 30
0.0
 10
238.5889380555555
 20
176.6186177777778
 30
0.0
 10
237.9255982407408
 20
176.5364205555555
 30
0.0
 10
237.2622584259259
 20
176.4542233333333
 30
0.0
 10
236.5989186111111
 20
176.3720261111111
 30
0.0
 10
236.2641325
 20
176.32934
 30
0.0
 10
235.4876686111111
 20
176.2838316666667
 30
0.0
 10
234.1157158333334
 20
176.1144983333333
 30
0.0
 10
232.7465852777778
 20
175.9412844444444
 30
0.0
 10
231.6953075
 20
175.3627288888889
 30
0.0
 10
231.6953075
 20
175.3062844444444
 30
0.0
 10
231.7414037962963
 20
174.9477446296296
 30
0.0
 10
231.7875000925926
 20
174.5892048148148
 30
0.0
 10
231.8335963888889
 20
174.2271372222222
 30
0.0
 10
232.5917158333333
 20
170.3218872222222
 30
0.0
 10
225.7160769444444
 20
162.4757566666667
 30
0.0
 10
217.4078075
 20
164.8887566666667
 30
0.0
 10
216.2937352777778
 20
164.7476455555556
 30
0.0
 10
215.5881797222222
 20
165.5167011111111
 30
0.0
 10
213.9826880555555
 20
167.7607205555555
 30
0.0
 10
213.8274658333333
 20
167.97909
 30
0.0
 10
213.2880686111111
 20
168.1872288888889
 30
0.0
 10
213.2845408333333
 20
167.7674233333333
 30
0.0
 10
213.2736047222222
 20
166.9560344444444
 30
0.0
 10
213.5064380555556
 20
165.5840816666667
 30
0.0
 10
213.9756325
 20
164.5574983333333
 30
0.0
 10
214.4836325
 20
160.4825622222222
 30
0.0
 10
216.5477352777777
 20
157.3742372222222
 30
0.0
 10
218.6326519444445
 20
157.5054705555555
 30
0.0
 10
228.5559380555556
 20
161.3542761111111
 30
0.0
 10
231.3072519444445
 20
160.83534
 30
0.0
 10
233.2475297222222
 20
162.6309788888889
 30
0.0
 10
233.2523510185185
 20
162.6346242592593
 30
0.0
 10
233.2571723148148
 20
162.6382696296296
 30
0.0
 10
233.2619936111111
 20
162.641915
 30
0.0
 10
234.5217630555555
 20
163.97859
 30
0.0
 10
235.6150213888889
 20
164.83584
 30
0.0
 10
236.3696130555556
 20
164.8570066666666
 30
0.0
 10
236.4197075
 20
164.8640622222222
 30
0.0
 10
236.4687436111111
 20
164.8605344444444
 30
0.0
 10
236.5184852777778
 20
164.8538316666667
 30
0.0
 10
236.5195436111111
 20
164.8538316666667
 30
0.0
 10
236.5206019444445
 20
164.8538316666667
 30
0.0
 10
236.5287158333334
 20
164.8538316666667
 30
0.0
 10
237.1076241666667
 20
165.0051733333333
 30
0.0
 10
237.6681880555555
 20
165.24859
 30
0.0
 10
238.2044102777778
 20
165.5798483333333
 30
0.0
  0
SPLINE
  5
7D
330
1F
100
AcDbEntity
  8
DEFAULT
 62
     1
100
AcDbSpline
210
0.0
220
0.0
230
1.0
 70
     8
 71
     3
 72
    11
 73
     7
 74
     0
 42
0.000000001
 43
0.0000000001
 40
0.0
 40
0.0
 40
0.0
 40
0.0
 40
1.0
 40
1.0
 40
1.0
 40
2.0
 40
2.0
 40
2.0
 40
2.0
 10
268.0217172222222
 20
161.0930441666667
 30
0.0
 10
268.3138172222222
 20
158.0517469444444
 30
0.0
 10
268.6210866666666
 20
155.1910719444444
 30
0.0
 10
270.0321977777777
 20
154.8485247222222
 30
0.0
 10
270.0321977777777
 20
154.8485247222222
 30
0.0
 10
270.0357255555555
 20
154.8485247222222
 30
0.0
 10
270.0427811111111
 20
154.8449969444444
 30
0.0
  0
SPLINE
  5
7E
330
1F
100
AcDbEntity
  8
DEFAULT
 62
     1
100
AcDbSpline
210
0.0
220
0.0
230
1.0
 70
     8
 71
     3
 72
    14
 73
    10
 74
     0
 42
0.000000001
 43
0.0000000001
 40
0.0
 40
0.0
 40
0.0
 40
0.0
 40
1.009999999999991
 40
1.009999999999991
 40
1.009999999999991
 40
2.009999999999991
 40
2.009999999999991
 40
2.009999999999991
 40
3.009999999999991
 40
3.009999999999991
 40
3.009999999999991
 40
3.009999999999991
 10
256.6019125
 20
170.8929638888889
 30
0.0
 10
259.8291236111111
 20
170.5049083333333
 30
0.0
 10
265.4315875
 20
170.8400472222222
 30
0.0
 10
265.2802458333333
 20
169.1537694444444
 30
0.0
 10
264.8741986111111
 20
166.4377333333333
 30
0.0
 10
267.4600597222222
 20
166.0002888888889
 30
0.0
 10
267.7461625
 20
163.7276944444444
 30
0.0
 10
267.8410597222222
 20
162.9836861111111
 30
0.0
 10
267.9154958333333
 20
162.2114555555555
 30
0.0
 10
267.9892263888889
 20
161.4424
 30
0.0
  0
SPLINE
  5
7F
330
1F
100
AcDbEntity
  8
DEFAULT
 62
     1
100
AcDbSpline
210
0.0
220
0.0
230
1.0
 70
     8
 71
     3
 72
    17
 73
    13
 74
     0
 42
0.000000001
 43
0.0000000001
 40
0.0
 40
0.0
 40
0.0
 40
0.0
 40
1.0
 40
1.0
 40
1.0
 40
2.0
 40
2.0
 40
2.0
 40
3.0
 40
3.0
 40
3.0
 40
4.0
 40
4.0
 40
4.0
 40
4.0
 10
286.4908686111111
 20
160.4150405555555
 30
0.0
 10
286.4908686111111
 20
160.4220961111111
 30
0.0
 10
286.4873408333333
 20
160.4287988888889
 30
0.0
 10
286.4873408333333
 20
160.4323266666667
 30
0.0
 10
284.7594352777778
 20
164.3555683333333
 30
0.0
 10
281.7957491666667
 20
165.7031794444444
 30
0.0
 10
282.9422769444444
 20
170.2818822222222
 30
0.0
 10
287.5174519444444
 20
188.5737627777778
 30
0.0
 10
279.8660547222222
 20
176.8474294444444
 30
0.0
 10
274.5211186111111
 20
175.6617433333333
 30
0.0
 10
271.4978130555555
 20
174.9918183333333
 30
0.0
 10
267.8818408333333
 20
177.1472905555555
 30
0.0
 10
263.9130908333333
 20
179.6978738888889
 30
0.0
  0
POLYLINE
  5
80
330
1F
100
AcDbEntity
  8
DEFAULT
 62
     7
100
AcDb2dPolyline
 66
     1
 10
0.0
 20
0.0
 30
0.0
  0
VERTEX
  5
81
330
80
100
AcDbEntity
  8
DEFAULT
 62
     7
100
AcDbVertex
100
AcDb2dVertex
 10
318.103073611111
 20
182.6848080555555
 30
0.0
  0
VERTEX
  5
82
330
80
100
AcDbEntity
  8
DEFAULT
 62
     7
100
AcDbVertex
100
AcDb2dVertex
 10
316.1324569444444
 20
183.6231969444444
 30
0.0
  0
SEQEND
  5
83
330
80
100
AcDbEntity
  8
DEFAULT
 62
     7
  0
POLYLINE
  5
84
330
1F
100
AcDbEntity
  8
DEFAULT
 62
     7
100
AcDb2dPolyline
 66
     1
 10
0.0
 20
0.0
 30
0.0
  0
VERTEX
  5
85
330
84
100
AcDbEntity
  8
DEFAULT
 62
     7
100
AcDbVertex
100
AcDb2dVertex
 10
317.8570816666667
 20
182.1673536111111
 30
0.0
  0
VERTEX
  5
86
330
84
100
AcDbEntity
  8
DEFAULT
 62
     7
100
AcDbVertex
100
AcDb2dVertex
 10
315.6017733333333
 20
182.5084897222222
 30
0.0
  0
VERTEX
  5
87
330
84
100
AcDbEntity
  8
DEFAULT
 62
     7
100
AcDbVertex
100
AcDb2dVertex
 10
317.3060427777777
 20
181.0091841666666
 30
0.0
  0
SEQEND
  5
88
330
84
100
AcDbEntity
  8
DEFAULT
 62
     7
  0
POLYLINE
  5
89
330
1F
100
AcDbEntity
  8
DEFAULT
 62
     7
100
AcDb2dPolyline
 66
     1
 10
0.0
 20
0.0
 30
0.0
  0
VERTEX
  5
8A
330
89
100
AcDbEntity
  8
DEFAULT
 62
     7
100
AcDbVertex
100
AcDb2dVertex
 10
317.1033013888887
 20
165.1575380555555
 30
0.0
  0
VERTEX
  5
8B
330
89
100
AcDbEntity
  8
DEFAULT
 62
     7
100
AcDbVertex
100
AcDb2dVertex
 10
315.1326847222222
 20
166.0952213888888
 30
0.0
  0
SEQEND
  5
8C
330
89
100
AcDbEntity
  8
DEFAULT
 62
     7
  0
POLYLINE
  5
8D
330
1F
100
AcDbEntity
  8
DEFAULT
 62
     7
100
AcDb2dPolyline
 66
     1
 10
0.0
 20
0.0
 30
0.0
  0
VERTEX
  5
8E
330
8D
100
AcDbEntity
  8
DEFAULT
 62
     7
100
AcDbVertex
100
AcDb2dVertex
 10
316.8194211111111
 20
164.5588036111111
 30
0.0
  0
VERTEX
  5
8F
330
8D
100
AcDbEntity
  8
DEFAULT
 62
     7
100
AcDbVertex
100
AcDb2dVertex
 10
314.8480988888888
 20
165.4986036111111
 30
0.0
  0
SEQEND
  5
90
330
8D
100
AcDbEntity
  8
DEFAULT
 62
     7
  0
POLYLINE
  5
91
330
1F
100
AcDbEntity
  8
DEFAULT
 62
     7
100
AcDb2dPolyline
 66
     1
 10
0.0
 20
0.0
 30
0.0
  0
VERTEX
  5
92
330
91
100
AcDbEntity
  8
DEFAULT
 62
     7
100
AcDbVertex
100
AcDb2dVertex
 10
316.5348705555555
 20
163.9627855555556
 30
0.0
  0
VERTEX
  5
93
330
91
100
AcDbEntity
  8
DEFAULT
 62
     7
100
AcDbVertex
100
AcDb2dVertex
 10
314.5642538888889
 20
164.9011744444445
 30
0.0
  0
SEQEND
  5
94
330
91
100
AcDbEntity
  8
DEFAULT
 62
     7
  0
POLYLINE
  5
95
330
1F
100
AcDbEntity
  8
DEFAULT
 62
     7
100
AcDb2dPolyline
 66
     1
 10
0.0
 20
0.0
 30
0.0
  0
VERTEX
  5
96
330
95
100
AcDbEntity
  8
DEFAULT
 62
     7
100
AcDbVertex
100
AcDb2dVertex
 10
318.0920316666666
 20
147.1011366666667
 30
0.0
  0
VERTEX
  5
97
330
95
100
AcDbEntity
  8
DEFAULT
 62
     7
100
AcDbVertex
100
AcDb2dVertex
 10
316.121415
 20
148.0402311111111
 30
0.0
  0
SEQEND
  5
98
330
95
100
AcDbEntity
  8
DEFAULT
 62
     7
  0
POLYLINE
  5
99
330
1F
100
AcDbEntity
  8
DEFAULT
 62
     7
100
AcDb2dPolyline
 66
     1
 10
0.0
 20
0.0
 30
0.0
  0
VERTEX
  5
9A
330
99
100
AcDbEntity
  8
DEFAULT
 62
     7
100
AcDbVertex
100
AcDb2dVertex
 10
317.5228952777777
 20
145.9070544444445
 30
0.0
  0
VERTEX
  5
9B
330
99
100
AcDbEntity
  8
DEFAULT
 62
     7
100
AcDbVertex
100
AcDb2dVertex
 10
315.552278611111
 20
146.8454433333333
 30
0.0
  0
SEQEND
  5
9C
330
99
100
AcDbEntity
  8
DEFAULT
 62
     7
  0
POLYLINE
  5
9D
330
1F
100
AcDbEntity
  8
DEFAULT
 62
     7
100
AcDb2dPolyline
 66
     1
 10
0.0
 20
0.0
 30
0.0
  0
VERTEX
  5
9E
330
9D
100
AcDbEntity
  8
DEFAULT
 62
     7
100
AcDbVertex
100
AcDb2dVertex
 10
320.4865461111111
 20
127.7899752777778
 30
0.0
  0
VERTEX
  5
9F
330
9D
100
AcDbEntity
  8
DEFAULT
 62
     7
100
AcDbVertex
100
AcDb2dVertex
 10
318.5159294444443
 20
128.7290697222222
 30
0.0
  0
SEQEND
  5
A0
330
9D
100
AcDbEntity
  8
DEFAULT
 62
     7
  0
SPLINE
  5
A1
330
1F
100
AcDbEntity
  8
DEFAULT
 62
     1
100
AcDbSpline
210
0.0
220
0.0
230
1.0
 70
     8
 71
     3
 72
    35
 73
    31
 74
     0
 42
0.000000001
 43
0.0000000001
 40
0.0
 40
0.0
 40
0.0
 40
0.0
 40
1.0
 40
1.0
 40
1.0
 40
2.0
 40
2.0
 40
2.0
 40
3.0
 40
3.0
 40
3.0
 40
4.0
 40
4.0
 40
4.0
 40
9.6685882722244
 40
9.6685882722244
 40
9.6685882722244
 40
18.1712128670186
 40
18.1712128670186
 40
18.1712128670186
 40
23.84156400253036
 40
23.84156400253036
 40
23.84156400253036
 40
24.84156400253036
 40
24.84156400253036
 40
24.84156400253036
 40
25.84156400253036
 40
25.84156400253036
 40
25.84156400253036
 40
26.84156400253036
 40
26.84156400253036
 40
26.84156400253036
 40
26.84156400253036
 10
318.5626372222222
 20
153.7735755555555
 30
0.0
 10
315.8480122222222
 20
150.3974922222222
 30
0.0
 10
312.8038927777778
 20
149.4594561111111
 30
0.0
 10
310.2021566666667
 20
145.1530977777778
 30
0.0
 10
309.0129427777777
 20
142.6582533333333
 30
0.0
 10
309.2119094444444
 20
140.0794477777778
 30
0.0
 10
310.9331122222222
 20
139.2592394444444
 30
0.0
 10
310.9807372222222
 20
139.2373672222222
 30
0.0
 10
311.8669149999999
 20
140.0529894444444
 30
0.0
 10
312.4620511111111
 20
141.3011172222222
 30
0.0
 10
313.05754
 20
142.5503033333333
 30
0.0
 10
313.3468177777777
 20
143.2713811111111
 30
0.0
 10
313.4942788888889
 20
143.5800616666667
 30
0.0
 10
313.780852037037
 20
144.1819005555556
 30
0.0
 10
314.0674251851852
 20
144.7837394444444
 30
0.0
 10
314.3539983333333
 20
145.3855783333333
 30
0.0
 10
315.256639074074
 20
144.9555422222222
 30
0.0
 10
316.1592798148148
 20
144.5255061111111
 30
0.0
 10
317.0619205555555
 20
144.09547
 30
0.0
 10
316.7751122222222
 20
143.4935135185185
 30
0.0
 10
316.4883038888888
 20
142.891557037037
 30
0.0
 10
316.2014955555555
 20
142.2896005555556
 30
0.0
 10
316.0533288888889
 20
141.9816255555556
 30
0.0
 10
315.6755038888889
 20
141.30147
 30
0.0
 10
315.0803677777778
 20
140.053695
 30
0.0
 10
314.48629
 20
138.8045088888889
 30
0.0
 10
314.4065622222222
 20
137.6036533333333
 30
0.0
 10
314.4573622222222
 20
137.5796644444444
 30
0.0
 10
315.4511372222222
 20
136.6804338888889
 30
0.0
 10
318.1347177777778
 20
134.7690838888889
 30
0.0
 10
319.5659372222222
 20
135.583295
 30
0.0
  0
SPLINE
  5
A2
330
1F
100
AcDbEntity
  8
DEFAULT
 62
     1
100
AcDbSpline
210
0.0
220
0.0
230
1.0
 70
     8
 71
     3
 72
    11
 73
     7
 74
     0
 42
0.000000001
 43
0.0000000001
 40
0.0
 40
0.0
 40
0.0
 40
0.0
 40
1.0
 40
1.0
 40
1.0
 40
2.0
 40
2.0
 40
2.0
 40
2.0
 10
327.0625355555555
 20
197.0191922222222
 30
0.0
 10
325.7078688888889
 20
195.8024616666667
 30
0.0
 10
324.0935577777777
 20
194.1631033333333
 30
0.0
 10
321.5256883333333
 20
191.6731977777778
 30
0.0
 10
318.6251494444444
 20
188.8612061111111
 30
0.0
 10
323.4892494444444
 20
190.0278422222222
 30
0.0
 10
320.6857244444444
 20
188.4318755555555
 30
0.0
  0
SPLINE
  5
A3
330
1F
100
AcDbEntity
  8
DEFAULT
 62
     1
100
AcDbSpline
210
0.0
220
0.0
230
1.0
 70
     8
 71
     3
 72
    17
 73
    13
 74
     0
 42
0.000000001
 43
0.0000000001
 40
0.0
 40
0.0
 40
0.0
 40
0.0
 40
1.0
 40
1.0
 40
1.0
 40
2.0
 40
2.0
 40
2.0
 40
3.0
 40
3.0
 40
3.0
 40
4.0
 40
4.0
 40
4.0
 40
4.0
 10
327.3388311111111
 20
197.2899491666667
 30
0.0
 10
328.5541505555555
 20
198.7857269444444
 30
0.0
 10
328.0465033333333
 20
204.4481630555556
 30
0.0
 10
329.8467283333333
 20
200.2518713888889
 30
0.0
 10
330.3430866666666
 20
199.0986408333333
 30
0.0
 10
330.7357283333333
 20
201.0382130555556
 30
0.0
 10
331.8021755555556
 20
199.4637658333334
 30
0.0
 10
333.3988477777777
 20
197.1079158333334
 30
0.0
 10
336.3085588888889
 20
198.2332769444444
 30
0.0
 10
338.9999005555555
 20
194.8825936111111
 30
0.0
 10
340.8008311111111
 20
192.6488047222223
 30
0.0
 10
346.1380061111111
 20
190.9247797222222
 30
0.0
 10
347.2534894444444
 20
189.0444741666666
 30
0.0
  0
SPLINE
  5
A4
330
1F
100
AcDbEntity
  8
DEFAULT
 62
     1
100
AcDbSpline
210
0.0
220
0.0
230
1.0
 70
     8
 71
     3
 72
    11
 73
     7
 74
     0
 42
0.000000001
 43
0.0000000001
 40
0.0
 40
0.0
 40
0.0
 40
0.0
 40
1.0
 40
1.0
 40
1.0
 40
2.0
 40
2.0
 40
2.0
 40
2.0
 10
327.8383997222222
 20
181.9730788888889
 30
0.0
 10
326.0819191666666
 20
180.4007483333333
 30
0.0
 10
323.9955913888888
 20
178.281965
 30
0.0
 10
320.6607830555555
 20
175.0469927777778
 30
0.0
 10
316.9220441666666
 20
171.4222011111111
 30
0.0
 10
323.1150580555556
 20
172.9613705555555
 30
0.0
 10
319.4997913888889
 20
170.9060872222222
 30
0.0
  0
SPLINE
  5
A5
330
1F
100
AcDbEntity
  8
DEFAULT
 62
     1
100
AcDbSpline
210
0.0
220
0.0
230
1.0
 70
     8
 71
     3
 72
    17
 73
    13
 74
     0
 42
0.000000001
 43
0.0000000001
 40
0.0
 40
0.0
 40
0.0
 40
0.0
 40
1.0
 40
1.0
 40
1.0
 40
2.0
 40
2.0
 40
2.0
 40
3.0
 40
3.0
 40
3.0
 40
4.0
 40
4.0
 40
4.0
 40
4.0
 10
328.1146952777777
 20
182.2404138888889
 30
0.0
 10
329.7268897222222
 20
184.10555
 30
0.0
 10
329.0442647222222
 20
191.5523361111111
 30
0.0
 10
331.3888258333333
 20
186.1015666666667
 30
0.0
 10
332.0262952777777
 20
184.6128444444444
 30
0.0
 10
332.5300619444444
 20
187.1158027777778
 30
0.0
 10
333.9023674999999
 20
185.086625
 30
0.0
 10
335.9632952777778
 20
182.0537944444444
 30
0.0
 10
339.7129702777777
 20
183.5012416666666
 30
0.0
 10
343.1814813888889
 20
179.1846527777778
 30
0.0
 10
345.5062869444444
 20
176.2975194444444
 30
0.0
 10
351.7109424999999
 20
174.4013388888889
 30
0.0
 10
353.1495702777777
 20
171.9809305555555
 30
0.0
  0
SPLINE
  5
A6
330
1F
100
AcDbEntity
  8
DEFAULT
 62
     1
100
AcDbSpline
210
0.0
220
0.0
230
1.0
 70
     8
 71
     3
 72
    11
 73
     7
 74
     0
 42
0.000000001
 43
0.0000000001
 40
0.0
 40
0.0
 40
0.0
 40
0.0
 40
1.0
 40
1.0
 40
1.0
 40
2.0
 40
2.0
 40
2.0
 40
2.0
 10
328.6459080555555
 20
167.0606330555555
 30
0.0
 10
326.5299469444444
 20
165.1739775
 30
0.0
 10
324.0227552777777
 20
162.6255108333333
 30
0.0
 10
320.0007358333333
 20
158.7220247222222
 30
0.0
 10
315.5137552777778
 20
154.3743913888889
 30
0.0
 10
322.9023330555555
 20
156.2409386111111
 30
0.0
 10
318.5621080555555
 20
153.7743163888889
 30
0.0
  0
SPLINE
  5
A7
330
1F
100
AcDbEntity
  8
DEFAULT
 62
     1
100
AcDbSpline
210
0.0
220
0.0
230
1.0
 70
     8
 71
     3
 72
    17
 73
    13
 74
     0
 42
0.000000001
 43
0.0000000001
 40
0.0
 40
0.0
 40
0.0
 40
0.0
 40
1.0
 40
1.0
 40
1.0
 40
2.0
 40
2.0
 40
2.0
 40
3.0
 40
3.0
 40
3.0
 40
4.0
 40
4.0
 40
4.0
 40
4.0
 10
328.9222036111111
 20
167.3217591666667
 30
0.0
 10
330.8942313888888
 20
169.5019258333333
 30
0.0
 10
330.0507397222221
 20
178.5714897222222
 30
0.0
 10
332.8771952777777
 20
171.9925369444445
 30
0.0
 10
333.6448397222222
 20
170.2067758333333
 30
0.0
 10
334.2463258333333
 20
173.2127952777778
 30
0.0
 10
335.9005008333333
 20
170.7772175
 30
0.0
 10
338.3692397222222
 20
167.1330230555556
 30
0.0
 10
342.8713897222221
 20
168.8732758333333
 30
0.0
 10
347.0373425
 20
163.6892063888889
 30
0.0
 10
349.8235813888888
 20
160.2249286111111
 30
0.0
 10
357.1948730555555
 20
157.7438425
 30
0.0
 10
358.9234841666666
 20
154.8408341666667
 30
0.0
  0
SPLINE
  5
A8
330
1F
100
AcDbEntity
  8
DEFAULT
 62
     1
100
AcDbSpline
210
0.0
220
0.0
230
1.0
 70
     8
 71
     3
 72
    11
 73
     7
 74
     0
 42
0.000000001
 43
0.0000000001
 40
0.0
 40
0.0
 40
0.0
 40
0.0
 40
1.0
 40
1.0
 40
1.0
 40
2.0
 40
2.0
 40
2.0
 40
2.0
 10
331.4474575
 20
150.8934977777778
 30
0.0
 10
328.9960047222222
 20
148.7059227777778
 30
0.0
 10
326.0929963888889
 20
145.75282
 30
0.0
 10
321.4186908333333
 20
141.2245644444444
 30
0.0
 10
316.2268602777777
 20
136.18972
 30
0.0
 10
324.5876936111111
 20
138.4422061111111
 30
0.0
 10
319.5651963888889
 20
135.5854116666667
 30
0.0
  0
SPLINE
  5
A9
330
1F
100
AcDbEntity
  8
DEFAULT
 62
     1
100
AcDbSpline
210
0.0
220
0.0
230
1.0
 70
     8
 71
     3
 72
    17
 73
    13
 74
     0
 42
0.000000001
 43
0.0000000001
 40
0.0
 40
0.0
 40
0.0
 40
0.0
 40
1.0
 40
1.0
 40
1.0
 40
2.0
 40
2.0
 40
2.0
 40
3.0
 40
3.0
 40
3.0
 40
4.0
 40
4.0
 40
4.0
 40
4.0
 10
331.7279158333333
 20
151.1573755555555
 30
0.0
 10
334.0312019444444
 20
153.6448116666666
 30
0.0
 10
333.0437769444444
 20
164.2165033333333
 30
0.0
 10
336.3249630555555
 20
156.5813338888889
 30
0.0
 10
337.2118463888888
 20
154.51582
 30
0.0
 10
337.9089352777777
 20
157.9931505555555
 30
0.0
 10
339.8216963888888
 20
155.1751616666667
 30
0.0
 10
342.6820186111111
 20
150.9569977777778
 30
0.0
 10
347.8897241666666
 20
152.9717116666666
 30
0.0
 10
352.7132547222222
 20
146.9744894444444
 30
0.0
 10
355.9387019444444
 20
142.9648172222222
 30
0.0
 10
364.4233602777777
 20
140.1531783333333
 30
0.0
 10
366.4236102777778
 20
136.789795
 30
0.0
  0
SPLINE
  5
AA
330
1F
100
AcDbEntity
  8
DEFAULT
 62
     1
100
AcDbSpline
210
0.0
220
0.0
230
1.0
 70
     8
 71
     3
 72
   119
 73
   115
 74
     0
 42
0.000000001
 43
0.0000000001
 40
0.0
 40
0.0
 40
0.0
 40
0.0
 40
1.0
 40
1.0
 40
1.0
 40
2.0
 40
2.0
 40
2.0
 40
3.0
 40
3.0
 40
3.0
 40
8.669100810534282
 40
8.669100810534282
 40
8.669100810534282
 40
17.1702943737935
 40
17.1702943737935
 40
17.1702943737935
 40
22.85022791213709
 40
22.85022791213709
 40
22.85022791213709
 40
23.85022791213709
 40
23.85022791213709
 40
23.85022791213709
 40
24.85022791213709
 40
24.85022791213709
 40
24.85022791213709
 40
25.85022791213709
 40
25.85022791213709
 40
25.85022791213709
 40
26.85022791213709
 40
26.85022791213709
 40
26.85022791213709
 40
27.85022791213709
 40
27.85022791213709
 40
27.85022791213709
 40
28.85022791213709
 40
28.85022791213709
 40
28.85022791213709
 40
34.51266210601521
 40
34.51266210601521
 40
34.51266210601521
 40
43.01458482972895
 40
43.01458482972895
 40
43.01458482972895
 40
48.6854243619323
 40
48.6854243619323
 40
48.6854243619323
 40
49.6854243619323
 40
49.6854243619323
 40
49.6854243619323
 40
50.6854243619323
 40
50.6854243619323
 40
50.6854243619323
 40
51.6854243619323
 40
51.6854243619323
 40
51.6854243619323
 40
52.6854243619323
 40
52.6854243619323
 40
52.6854243619323
 40
53.6854243619323
 40
53.6854243619323
 40
53.6854243619323
 40
54.6854243619323
 40
54.6854243619323
 40
54.6854243619323
 40
60.35296862730854
 40
60.35296862730854
 40
60.35296862730854
 40
68.84683800468889
 40
68.84683800468889
 40
68.84683800468889
 40
74.51786419048628
 40
74.51786419048628
 40
74.51786419048628
 40
75.51786419048628
 40
75.51786419048628
 40
75.51786419048628
 40
76.51786419048628
 40
76.51786419048628
 40
76.51786419048628
 40
77.51786419048628
 40
77.51786419048628
 40
77.51786419048628
 40
78.51786419048628
 40
78.51786419048628
 40
78.51786419048628
 40
79.51786419048628
 40
79.51786419048628
 40
79.51786419048628
 40
80.51786419048628
 40
80.51786419048628
 40
80.51786419048628
 40
86.18537202021183
 40
86.18537202021183
 40
86.18537202021183
 40
94.68711819379284
 40
94.68711819379284
 40
94.68711819379284
 40
100.3701818921865
 40
100.3701818921865
 40
100.3701818921865
 40
101.3701818921865
 40
101.3701818921865
 40
101.3701818921865
 40
102.3701818921865
 40
102.3701818921865
 40
102.3701818921865
 40
103.3701818921865
 40
103.3701818921865
 40
103.3701818921865
 40
104.3701818921865
 40
104.3701818921865
 40
104.3701818921865
 40
105.3701818921865
 40
105.3701818921865
 40
105.3701818921865
 40
105.3701818921865
 10
318.9312547222222
 20
207.0554377777778
 30
0.0
 10
321.9767852777778
 20
216.1373488888889
 30
0.0
 10
323.1723491666667
 20
216.31656
 30
0.0
 10
324.6875297222222
 20
215.9415572222222
 30
0.0
 10
324.7446797222222
 20
215.9429683333333
 30
0.0
 10
325.2773741666666
 20
214.8680544444444
 30
0.0
 10
325.3828547222222
 20
213.4872822222222
 30
0.0
 10
325.4922158333333
 20
212.1072155555556
 30
0.0
 10
325.5066797222222
 20
211.3300461111111
 30
0.0
 10
325.5320797222222
 20
210.9896155555556
 30
0.0
 10
325.5838204629629
 20
210.3249822222222
 30
0.0
 10
325.6355612037036
 20
209.6603488888889
 30
0.0
 10
325.6873019444444
 20
208.9957155555555
 30
0.0
 10
326.6840167592592
 20
209.0726211111111
 30
0.0
 10
327.680731574074
 20
209.1495266666667
 30
0.0
 10
328.6774463888888
 20
209.2264322222222
 30
0.0
 10
328.6244121296296
 20
209.8922414814815
 30
0.0
 10
328.5713778703704
 20
210.5580507407407
 30
0.0
 10
328.5183436111111
 20
211.22386
 30
0.0
 10
328.4936491666666
 20
211.5649961111111
 30
0.0
 10
328.3839352777777
 20
212.3361683333333
 30
0.0
 10
328.2745741666666
 20
213.716235
 30
0.0
 10
328.1655658333333
 20
215.094185
 30
0.0
 10
328.5275158333333
 20
216.2414183333333
 30
0.0
 10
328.5804325
 20
216.2470627777778
 30
0.0
 10
329.4327436111111
 20
216.1532238888889
 30
0.0
 10
329.4292158333333
 20
214.6069988888889
 30
0.0
 10
331.9000713888888
 20
213.6513238888889
 30
0.0
 10
332.6627769444444
 20
213.3585183333333
 30
0.0
 10
333.3051852777778
 20
213.3242988888889
 30
0.0
 10
334.2379297222222
 20
213.1221572222222
 30
0.0
 10
334.2919047222222
 20
213.0953461111111
 30
0.0
 10
334.4178463888888
 20
211.9061322222222
 30
0.0
 10
334.0527213888889
 20
210.5736905555555
 30
0.0
 10
333.6805408333333
 20
209.2465405555556
 30
0.0
 10
333.4297158333333
 20
208.5064127777778
 30
0.0
 10
333.3386991666666
 20
208.1793877777778
 30
0.0
 10
333.1605463888889
 20
207.5378025925926
 30
0.0
 10
332.9823936111111
 20
206.8962174074074
 30
0.0
 10
332.8042408333333
 20
206.2546322222222
 30
0.0
 10
333.7676769444444
 20
205.9875794444444
 30
0.0
 10
334.7311130555556
 20
205.7205266666666
 30
0.0
 10
335.6945491666667
 20
205.4534738888889
 30
0.0
 10
335.8725843518518
 20
206.0961174074074
 30
0.0
 10
336.050619537037
 20
206.7387609259259
 30
0.0
 10
336.2286547222222
 20
207.3814044444444
 30
0.0
 10
336.3203769444444
 20
207.7080766666667
 30
0.0
 10
336.4794797222222
 20
208.4707822222222
 30
0.0
 10
336.8474269444444
 20
209.8011072222222
 30
0.0
 10
337.2125519444444
 20
211.1226127777778
 30
0.0
 10
337.9353936111111
 20
212.0782877777777
 30
0.0
 10
337.9985408333333
 20
212.0796988888889
 30
0.0
 10
339.1768186111111
 20
211.6517794444444
 30
0.0
 10
338.3643713888889
 20
210.7514905555555
 30
0.0
 10
340.2171602777777
 20
209.8120433333333
 30
0.0
 10
341.1026325
 20
209.3629572222222
 30
0.0
 10
342.1824852777777
 20
209.8004016666666
 30
0.0
 10
343.3784019444444
 20
209.0514544444444
 30
0.0
 10
343.4246158333333
 20
209.0182933333333
 30
0.0
 10
343.1413352777777
 20
207.8505988888889
 30
0.0
 10
342.3380602777777
 20
206.7241794444444
 30
0.0
 10
341.5312575
 20
205.5974072222222
 30
0.0
 10
341.0440713888889
 20
204.9930988888889
 30
0.0
 10
340.8429880555555
 20
204.7133461111111
 30
0.0
 10
340.4564612037037
 20
204.1704211111111
 30
0.0
 10
340.0699343518518
 20
203.6274961111111
 30
0.0
 10
339.6834075
 20
203.0845711111111
 30
0.0
 10
340.4966778703704
 20
202.504722037037
 30
0.0
 10
341.3099482407408
 20
201.924872962963
 30
0.0
 10
342.1232186111111
 20
201.3450238888889
 30
0.0
 10
342.5104510185185
 20
201.8879488888889
 30
0.0
 10
342.8976834259259
 20
202.4308738888889
 30
0.0
 10
343.2849158333333
 20
202.9737988888889
 30
0.0
 10
343.4803547222222
 20
203.2493183333333
 30
0.0
 10
343.8952213888888
 20
203.9157155555556
 30
0.0
 10
344.6953213888889
 20
205.0379016666666
 30
0.0
 10
345.4985963888889
 20
206.1576183333333
 30
0.0
 10
346.5033075
 20
206.8088461111111
 30
0.0
 10
346.5569297222222
 20
206.782035
 30
0.0
 10
347.6103241666666
 20
205.9413655555555
 30
0.0
 10
346.6232519444444
 20
205.1359738888889
 30
0.0
 10
348.1140908333333
 20
203.9802738888889
 30
0.0
 10
349.0510686111111
 20
203.2574322222222
 30
0.0
 10
350.6064658333333
 20
203.7770738888889
 30
0.0
 10
351.6129408333333
 20
202.5046044444445
 30
0.0
 10
351.6461019444444
 20
202.4598016666666
 30
0.0
 10
350.9775880555555
 20
201.4565016666667
 30
0.0
 10
349.8374102777777
 20
200.6708655555556
 30
0.0
 10
348.7018186111111
 20
199.8862877777778
 30
0.0
 10
348.0343630555555
 20
199.4865905555555
 30
0.0
 10
347.7482602777778
 20
199.2929155555555
 30
0.0
 10
347.1995732407407
 20
198.9146201851852
 30
0.0
 10
346.6508862037037
 20
198.5363248148148
 30
0.0
 10
346.1021991666667
 20
198.1580294444444
 30
0.0
 10
346.6692306481481
 20
197.3346461111111
 30
0.0
 10
347.2362621296296
 20
196.5112627777778
 30
0.0
 10
347.8032936111111
 20
195.6878794444445
 30
0.0
 10
348.3533917592592
 20
196.0673507407407
 30
0.0
 10
348.9034899074074
 20
196.446822037037
 30
0.0
 10
349.4535880555555
 20
196.8262933333333
 30
0.0
 10
349.7340463888889
 20
197.0206738888889
 30
0.0
 10
350.3450575
 20
197.4958655555556
 30
0.0
 10
351.4841769444444
 20
198.2843238888889
 30
0.0
 10
352.6229436111111
 20
199.0657266666666
 30
0.0
 10
353.7959297222222
 20
199.3327794444444
 30
0.0
 10
353.8287380555555
 20
199.2872711111111
 30
0.0
 10
355.5340658333333
 20
194.4711488888889
 30
0.0
 10
351.5131047222222
 20
194.8592044444444
 30
0.0
 10
350.3644602777777
 20
193.5553377777778
 30
0.0
 10
349.5259075
 20
192.6010738888889
 30
0.0
 10
348.4241825
 20
191.2143044444444
 30
0.0
 10
348.2862463888889
 20
189.0898766666666
 30
0.0
 10
348.2615519444444
 20
188.7646155555556
 30
0.0
 10
347.5676380555555
 20
188.5614155555556
 30
0.0
 10
347.2536658333333
 20
189.0443683333334
 30
0.0
  0
SPLINE
  5
AB
330
1F
100
AcDbEntity
  8
DEFAULT
 62
     1
100
AcDbSpline
210
0.0
220
0.0
230
1.0
 70
     8
 71
     3
 72
    41
 73
    37
 74
     0
 42
0.000000001
 43
0.0000000001
 40
0.0
 40
0.0
 40
0.0
 40
0.0
 40
1.0
 40
1.0
 40
1.0
 40
2.0
 40
2.0
 40
2.0
 40
3.0
 40
3.0
 40
3.0
 40
4.0
 40
4.0
 40
4.0
 40
5.0
 40
5.0
 40
5.0
 40
10.67483092259153
 40
10.67483092259153
 40
10.67483092259153
 40
19.17929151689147
 40
19.17929151689147
 40
19.17929151689147
 40
24.85171762923521
 40
24.85171762923521
 40
24.85171762923521
 40
25.85171762923521
 40
25.85171762923521
 40
25.85171762923521
 40
26.85171762923521
 40
26.85171762923521
 40
26.85171762923521
 40
27.85171762923521
 40
27.85171762923521
 40
27.85171762923521
 40
28.85171762923521
 40
28.85171762923521
 40
28.85171762923521
 40
28.85171762923521
 10
318.8155083333333
 20
206.7205811111111
 30
0.0
 10
318.6303
 20
206.2259866666666
 30
0.0
 10
318.3124472222222
 20
205.6160338888889
 30
0.0
 10
318.1325305555555
 20
205.293595
 30
0.0
 10
316.4949361111111
 20
202.8146255555556
 30
0.0
 10
316.9708333333333
 20
203.9258755555555
 30
0.0
 10
311.5496972222222
 20
200.1218727777778
 30
0.0
 10
309.4559611111111
 20
198.3195311111111
 30
0.0
 10
308.6015333333334
 20
195.8761922222222
 30
0.0
 10
309.845075
 20
194.4333311111111
 30
0.0
 10
309.8817638888889
 20
194.3952311111111
 30
0.0
 10
311.0191194444444
 20
194.7846977777778
 30
0.0
 10
312.0679277777778
 20
195.6874561111111
 30
0.0
 10
313.1167361111111
 20
196.5898616666666
 30
0.0
 10
313.6720083333333
 20
197.1356088888889
 30
0.0
 10
313.9316527777777
 20
197.3568005555555
 30
0.0
 10
314.4367129629629
 20
197.7929514814815
 30
0.0
 10
314.9417731481481
 20
198.2291024074074
 30
0.0
 10
315.4468333333333
 20
198.6652533333333
 30
0.0
 10
316.0995898148148
 20
197.9076042592593
 30
0.0
 10
316.7523462962963
 20
197.1499551851852
 30
0.0
 10
317.4051027777778
 20
196.3923061111111
 30
0.0
 10
316.8998074074074
 20
195.9568607407407
 30
0.0
 10
316.394512037037
 20
195.5214153703704
 30
0.0
 10
315.8892166666666
 20
195.08597
 30
0.0
 10
315.6295722222222
 20
194.8619561111111
 30
0.0
 10
315.0086833333333
 20
194.3959366666666
 30
0.0
 10
313.9605805555556
 20
193.4892977777778
 30
0.0
 10
312.9153
 20
192.587245
 30
0.0
 10
312.3579111111111
 20
191.5229144444444
 30
0.0
 10
312.3938944444444
 20
191.4781116666666
 30
0.0
 10
312.9368194444444
 20
190.2659672222222
 30
0.0
 10
319.2787055555555
 20
187.7506616666666
 30
0.0
 10
320.6506583333333
 20
188.4138838888889
 30
0.0
 10
320.6608888888888
 20
188.4174116666666
 30
0.0
 10
320.6753527777778
 20
188.421645
 30
0.0
 10
320.6855833333333
 20
188.4283477777778
 30
0.0
  0
SPLINE
  5
AC
330
1F
100
AcDbEntity
  8
DEFAULT
 62
     1
100
AcDbSpline
210
0.0
220
0.0
230
1.0
 70
     8
 71
     3
 72
    14
 73
    10
 74
     0
 42
0.000000001
 43
0.0000000001
 40
0.0
 40
0.0
 40
0.0
 40
0.0
 40
1.0
 40
1.0
 40
1.0
 40
2.0
 40
2.0
 40
2.0
 40
3.0
 40
3.0
 40
3.0
 40
3.0
 10
366.424845
 20
136.7913119444444
 30
0.0
 10
366.8520588888888
 20
136.3164730555555
 30
0.0
 10
367.4129755555555
 20
136.6935925
 30
0.0
 10
367.44402
 20
137.0580119444444
 30
0.0
 10
367.6147644444445
 20
139.1168230555556
 30
0.0
 10
368.6882672222222
 20
140.4679619444445
 30
0.0
 10
369.5158838888889
 20
141.4084675
 30
0.0
 10
365.4621144444444
 20
143.3395730555555
 30
0.0
 10
360.4897116666667
 20
153.0776508333333
 30
0.0
 10
358.9233783333333
 20
154.8394230555555
 30
0.0
  0
SPLINE
  5
AD
330
1F
100
AcDbEntity
  8
DEFAULT
 62
     1
100
AcDbSpline
210
0.0
220
0.0
230
1.0
 70
     8
 71
     3
 72
    14
 73
    10
 74
     0
 42
0.000000001
 43
0.0000000001
 40
0.0
 40
0.0
 40
0.0
 40
0.0
 40
1.0
 40
1.0
 40
1.0
 40
2.0
 40
2.0
 40
2.0
 40
3.0
 40
3.0
 40
3.0
 40
3.0
 10
353.1502052777777
 20
171.9795194444444
 30
0.0
 10
353.4610024999999
 20
171.4461194444444
 30
0.0
 10
353.9351358333333
 20
171.7604444444444
 30
0.0
 10
353.9661802777778
 20
172.1234527777778
 30
0.0
 10
354.1369247222222
 20
174.1822638888889
 30
0.0
 10
355.2111330555555
 20
175.536225
 30
0.0
 10
356.0387497222222
 20
176.4746138888889
 30
0.0
 10
351.9835691666667
 20
178.4060722222222
 30
0.0
 10
348.3058608333333
 20
187.321825
 30
0.0
 10
347.2528191666667
 20
189.0451444444444
 30
0.0
  0
SPLINE
  5
AE
330
1F
100
AcDbEntity
  8
DEFAULT
 62
     1
100
AcDbSpline
210
0.0
220
0.0
230
1.0
 70
     8
 71
     3
 72
    35
 73
    31
 74
     0
 42
0.000000001
 43
0.0000000001
 40
0.0
 40
0.0
 40
0.0
 40
0.0
 40
1.0
 40
1.0
 40
1.0
 40
2.0
 40
2.0
 40
2.0
 40
3.0
 40
3.0
 40
3.0
 40
4.0
 40
4.0
 40
4.0
 40
9.667212718788697
 40
9.667212718788697
 40
9.667212718788697
 40
18.16442102505031
 40
18.16442102505031
 40
18.16442102505031
 40
23.835288419021
 40
23.835288419021
 40
23.835288419021
 40
24.835288419021
 40
24.835288419021
 40
24.835288419021
 40
25.835288419021
 40
25.835288419021
 40
25.835288419021
 40
26.835288419021
 40
26.835288419021
 40
26.835288419021
 40
26.835288419021
 10
320.6863594444444
 20
188.4319461111111
 30
0.0
 10
318.3160455555555
 20
187.0737516666666
 30
0.0
 10
314.7254733333333
 20
187.3845488888888
 30
0.0
 10
311.2308566666666
 20
181.6039322222222
 30
0.0
 10
310.0409372222222
 20
179.1094405555555
 30
0.0
 10
309.1473511111111
 20
175.3999822222222
 30
0.0
 10
310.8682011111111
 20
174.5797738888889
 30
0.0
 10
310.9165316666666
 20
174.5571961111111
 30
0.0
 10
311.8020038888889
 20
175.3735238888889
 30
0.0
 10
312.3978455555555
 20
176.6212988888889
 30
0.0
 10
312.9926288888889
 20
177.8701322222222
 30
0.0
 10
313.2812011111111
 20
178.5926211111111
 30
0.0
 10
313.4293677777777
 20
178.9013016666666
 30
0.0
 10
313.7160585185184
 20
179.5029053703703
 30
0.0
 10
314.0027492592592
 20
180.104509074074
 30
0.0
 10
314.28944
 20
180.7061127777777
 30
0.0
 10
315.1913751851851
 20
180.2760766666667
 30
0.0
 10
316.0933103703703
 20
179.8460405555555
 30
0.0
 10
316.9952455555555
 20
179.4160044444444
 30
0.0
 10
316.70879
 20
178.8138127777778
 30
0.0
 10
316.4223344444444
 20
178.2116211111111
 30
0.0
 10
316.1358788888888
 20
177.6094294444444
 30
0.0
 10
315.9891233333333
 20
177.3014544444444
 30
0.0
 10
315.6116511111111
 20
176.6220044444444
 30
0.0
 10
315.0154566666666
 20
175.3735238888889
 30
0.0
 10
314.4203205555555
 20
174.1250433333333
 30
0.0
 10
314.341651111111
 20
172.9241877777777
 30
0.0
 10
314.3935094444444
 20
172.8994933333333
 30
0.0
 10
315.3876372222222
 20
172.0009683333333
 30
0.0
 10
318.1562372222222
 20
170.1668766666666
 30
0.0
 10
319.5006733333333
 20
170.904535
 30
0.0
  0
SPLINE
  5
AF
330
1F
100
AcDbEntity
  8
DEFAULT
 62
     1
100
AcDbSpline
210
0.0
220
0.0
230
1.0
 70
     8
 71
     3
 72
    14
 73
    10
 74
     0
 42
0.000000001
 43
0.0000000001
 40
0.0
 40
0.0
 40
0.0
 40
0.0
 40
1.0
 40
1.0
 40
1.0
 40
2.0
 40
2.0
 40
2.0
 40
3.0
 40
3.0
 40
3.0
 40
3.0
 10
358.9234841666666
 20
154.8394936111111
 30
0.0
 10
359.3101286111111
 20
154.3480741666667
 30
0.0
 10
359.8329452777777
 20
154.6934436111111
 30
0.0
 10
359.8639897222222
 20
155.0578630555555
 30
0.0
 10
360.0340286111111
 20
157.1166741666667
 30
0.0
 10
361.1082369444444
 20
158.4692241666666
 30
0.0
 10
361.9351480555555
 20
159.4083186111111
 30
0.0
 10
357.8810258333333
 20
161.3397769444444
 30
0.0
 10
355.830328611111
 20
169.0807797222222
 30
0.0
 10
353.1502758333333
 20
171.9795547222222
 30
0.0
  0
SPLINE
  5
B0
330
1F
100
AcDbEntity
  8
DEFAULT
 62
     1
100
AcDbSpline
210
0.0
220
0.0
230
1.0
 70
     8
 71
     3
 72
    35
 73
    31
 74
     0
 42
0.000000001
 43
0.0000000001
 40
0.0
 40
0.0
 40
0.0
 40
0.0
 40
1.0
 40
1.0
 40
1.0
 40
2.0
 40
2.0
 40
2.0
 40
3.0
 40
3.0
 40
3.0
 40
4.0
 40
4.0
 40
4.0
 40
9.665879808114548
 40
9.665879808114548
 40
9.665879808114548
 40
18.16902040438837
 40
18.16902040438837
 40
18.16902040438837
 40
23.84423141368132
 40
23.84423141368132
 40
23.84423141368132
 40
24.84423141368132
 40
24.84423141368132
 40
24.84423141368132
 40
25.84423141368132
 40
25.84423141368132
 40
25.84423141368132
 40
26.84423141368132
 40
26.84423141368132
 40
26.84423141368132
 40
26.84423141368132
 10
319.5005674999999
 20
170.9046761111111
 30
0.0
 10
317.7433813888888
 20
170.03649
 30
0.0
 10
312.0887063888889
 20
167.8503261111111
 30
0.0
 10
309.3278675
 20
163.2815011111111
 30
0.0
 10
308.1383008333333
 20
160.7863038888889
 30
0.0
 10
308.3383258333333
 20
158.2067927777778
 30
0.0
 10
310.059528611111
 20
157.3869372222222
 30
0.0
 10
310.1071536111111
 20
157.3647122222222
 30
0.0
 10
310.9929786111111
 20
158.1806872222222
 30
0.0
 10
311.5884675
 20
159.4291677777778
 30
0.0
 10
312.1843091666666
 20
160.6776483333333
 30
0.0
 10
312.4732341666667
 20
161.3997844444444
 30
0.0
 10
312.6199897222222
 20
161.708465
 30
0.0
 10
312.9065628703703
 20
162.3099511111111
 30
0.0
 10
313.1931360185185
 20
162.9114372222222
 30
0.0
 10
313.4797091666666
 20
163.5129233333333
 30
0.0
 10
314.3825850925925
 20
163.08324
 30
0.0
 10
315.2854610185184
 20
162.6535566666667
 30
0.0
 10
316.1883369444444
 20
162.2238733333333
 30
0.0
 10
315.9009406481482
 20
161.6215640740741
 30
0.0
 10
315.6135443518518
 20
161.0192548148148
 30
0.0
 10
315.3261480555555
 20
160.4169455555555
 30
0.0
 10
315.1800980555555
 20
160.1103816666667
 30
0.0
 10
314.8012147222222
 20
159.4298733333333
 30
0.0
 10
314.2074897222222
 20
158.1813927777777
 30
0.0
 10
313.6120008333333
 20
156.9322066666667
 30
0.0
 10
313.5326258333333
 20
155.7324094444444
 30
0.0
 10
313.583778611111
 20
155.7063038888889
 30
0.0
 10
314.5772008333333
 20
154.8084844444444
 30
0.0
 10
317.1383675
 20
152.9433483333333
 30
0.0
 10
318.5625313888888
 20
153.7734344444444
 30
0.0
  0
SPLINE
  5
B1
330
1F
100
AcDbEntity
  8
DEFAULT
 62
     1
100
AcDbSpline
210
0.0
220
0.0
230
1.0
 70
     8
 71
     3
 72
    38
 73
    34
 74
     0
 42
0.000000001
 43
0.0000000001
 40
0.0
 40
0.0
 40
0.0
 40
0.0
 40
1.0
 40
1.0
 40
1.0
 40
2.0
 40
2.0
 40
2.0
 40
3.0
 40
3.0
 40
3.0
 40
4.0
 40
4.0
 40
4.0
 40
9.669491158825434
 40
9.669491158825434
 40
9.669491158825434
 40
18.17344864931185
 40
18.17344864931185
 40
18.17344864931185
 40
23.84061946021921
 40
23.84061946021921
 40
23.84061946021921
 40
24.84061946021921
 40
24.84061946021921
 40
24.84061946021921
 40
25.84061946021921
 40
25.84061946021921
 40
25.84061946021921
 40
26.84061946021921
 40
26.84061946021921
 40
26.84061946021921
 40
27.84061946021921
 40
27.84061946021921
 40
27.84061946021921
 40
27.84061946021921
 10
319.5660077777778
 20
135.5834713888889
 30
0.0
 10
316.6016161111111
 20
133.7818352777778
 30
0.0
 10
315.5792661111111
 20
130.7140797222222
 30
0.0
 10
312.8004355555555
 20
126.1184436111111
 30
0.0
 10
311.6105161111111
 20
123.6235991666667
 30
0.0
 10
311.8108938888889
 20
121.0444408333333
 30
0.0
 10
313.5320966666666
 20
120.2238797222222
 30
0.0
 10
313.5797216666666
 20
120.2023602777778
 30
0.0
 10
314.4651938888889
 20
121.0183352777778
 30
0.0
 10
315.0610355555555
 20
122.2661102777778
 30
0.0
 10
315.6558188888889
 20
123.5145908333333
 30
0.0
 10
315.9465077777778
 20
124.2374325
 30
0.0
 10
316.0925577777778
 20
124.5454075
 30
0.0
 10
316.3791309259259
 20
125.1473639814815
 30
0.0
 10
316.6657040740741
 20
125.7493204629629
 30
0.0
 10
316.9522772222222
 20
126.3512769444444
 30
0.0
 10
317.8550355555556
 20
125.9211232407407
 30
0.0
 10
318.7577938888889
 20
125.490969537037
 30
0.0
 10
319.6605522222222
 20
125.0608158333333
 30
0.0
 10
319.3736262962962
 20
124.4593297222222
 30
0.0
 10
319.0867003703703
 20
123.8578436111111
 30
0.0
 10
318.7997744444444
 20
123.2563575
 30
0.0
 10
318.6530188888889
 20
122.9469713888889
 30
0.0
 10
318.2744883333334
 20
122.2675213888889
 30
0.0
 10
317.6807633333333
 20
121.0197463888889
 30
0.0
 10
317.08598
 20
119.7705602777778
 30
0.0
 10
317.0048411111111
 20
118.5693519444444
 30
0.0
 10
317.0556411111111
 20
118.5446575
 30
0.0
 10
318.0501216666667
 20
117.6440158333333
 30
0.0
 10
320.56578
 20
116.9448102777778
 30
0.0
 10
322.1642161111111
 20
116.5493463888889
 30
0.0
 10
322.7657022222222
 20
116.4004741666667
 30
0.0
 10
322.8863522222222
 20
117.1949297222222
 30
0.0
 10
322.7459466666667
 20
117.4725658333333
 30
0.0
  0
SPLINE
  5
B2
330
1F
100
AcDbEntity
  8
DEFAULT
 62
     1
100
AcDbSpline
210
0.0
220
0.0
230
1.0
 70
     8
 71
     3
 72
    17
 73
    13
 74
     0
 42
0.000000001
 43
0.0000000001
 40
0.0
 40
0.0
 40
0.0
 40
0.0
 40
1.0
 40
1.0
 40
1.0
 40
2.0
 40
2.0
 40
2.0
 40
3.0
 40
3.0
 40
3.0
 40
4.0
 40
4.0
 40
4.0
 40
4.0
 10
368.2011163888889
 20
124.6391052777778
 30
0.0
 10
369.1162219444445
 20
124.1614441666667
 30
0.0
 10
373.5693358333334
 20
119.8268636111111
 30
0.0
 10
375.6729497222223
 20
117.8495441666667
 30
0.0
 10
376.1474358333334
 20
117.4029275
 30
0.0
 10
376.7182302777778
 20
117.7846330555555
 30
0.0
 10
376.7489219444445
 20
118.1504636111111
 30
0.0
 10
376.9186080555556
 20
120.2078636111111
 30
0.0
 10
377.9942275
 20
121.5604136111111
 30
0.0
 10
378.8211386111111
 20
122.4991552777778
 30
0.0
 10
374.7652525
 20
124.4323775
 30
0.0
 10
367.8592747222222
 20
135.1458858333333
 30
0.0
 10
366.4248802777777
 20
136.7912413888889
 30
0.0
  0
SPLINE
  5
B3
330
1F
100
AcDbEntity
  8
DEFAULT
 62
     1
100
AcDbSpline
210
0.0
220
0.0
230
1.0
 70
     8
 71
     3
 72
    50
 73
    46
 74
     0
 42
0.000000001
 43
0.0000000001
 40
0.0
 40
0.0
 40
0.0
 40
0.0
 40
1.0
 40
1.0
 40
1.0
 40
5.244392300435953
 40
5.244392300435953
 40
5.244392300435953
 40
6.244392300435953
 40
6.244392300435953
 40
6.244392300435953
 40
7.244392300435953
 40
7.244392300435953
 40
7.244392300435953
 40
12.91464670389967
 40
12.91464670389967
 40
12.91464670389967
 40
21.41859613930913
 40
21.41859613930913
 40
21.41859613930913
 40
27.07921598169381
 40
27.07921598169381
 40
27.07921598169381
 40
28.07921598169381
 40
28.07921598169381
 40
28.07921598169381
 40
29.07921598169381
 40
29.07921598169381
 40
29.07921598169381
 40
37.96618408110773
 40
37.96618408110773
 40
37.96618408110773
 40
38.96618408110773
 40
38.96618408110773
 40
38.96618408110773
 40
39.96618408110773
 40
39.96618408110773
 40
39.96618408110773
 40
40.96618408110773
 40
40.96618408110773
 40
40.96618408110773
 40
41.96618408110773
 40
41.96618408110773
 40
41.96618408110773
 40
42.96618408110773
 40
42.96618408110773
 40
42.96618408110773
 40
42.96618408110773
 10
336.6475077777777
 20
120.062625
 30
0.0
 10
338.1612772222222
 20
120.6552916666667
 30
0.0
 10
344.0378494444444
 20
121.6790527777778
 30
0.0
 10
345.1162911111111
 20
120.5000694444444
 30
0.0
 10
345.5296290740741
 20
120.2203166666666
 30
0.0
 10
345.942967037037
 20
119.9405638888889
 30
0.0
 10
346.356305
 20
119.6608111111111
 30
0.0
 10
346.3965216666666
 20
119.6188305555555
 30
0.0
 10
347.522941111111
 20
120.0432222222222
 30
0.0
 10
348.5421161111111
 20
120.9777305555555
 30
0.0
 10
349.5651716666666
 20
121.9111805555555
 30
0.0
 10
350.1035105555555
 20
122.4706861111111
 30
0.0
 10
350.3553938888888
 20
122.7021083333333
 30
0.0
 10
350.8474012962963
 20
123.1521351851852
 30
0.0
 10
351.3394087037036
 20
123.602162037037
 30
0.0
 10
351.831416111111
 20
124.0521888888889
 30
0.0
 10
352.5056920370369
 20
123.3137074074074
 30
0.0
 10
353.1799679629628
 20
122.5752259259259
 30
0.0
 10
353.8542438888888
 20
121.8367444444444
 30
0.0
 10
353.3625892592592
 20
121.3880111111111
 30
0.0
 10
352.8709346296296
 20
120.9392777777778
 30
0.0
 10
352.37928
 20
120.4905444444444
 30
0.0
 10
352.1263383333333
 20
120.2584166666666
 30
0.0
 10
351.5199133333333
 20
119.7719361111111
 30
0.0
 10
350.5003855555555
 20
118.8374277777778
 30
0.0
 10
349.4812105555555
 20
117.9039777777778
 30
0.0
 10
348.9587466666666
 20
116.8160111111111
 30
0.0
 10
348.9912022222222
 20
116.7779111111111
 30
0.0
 10
349.7707235185185
 20
116.0818805555555
 30
0.0
 10
350.5502448148148
 20
115.38585
 30
0.0
 10
351.3297661111111
 20
114.6898194444444
 30
0.0
 10
359.9699994444444
 20
122.5941583333333
 30
0.0
 10
361.1560383333333
 20
123.9597611111111
 30
0.0
 10
367.3109522222222
 20
123.7724361111111
 30
0.0
 10
368.4091494444444
 20
123.7406861111111
 30
0.0
 10
368.9817077777777
 20
124.1601388888889
 30
0.0
 10
368.2010105555555
 20
124.6399166666667
 30
0.0
 10
365.3209327777777
 20
126.4119194444444
 30
0.0
 10
362.4408549999999
 20
131.1832388888889
 30
0.0
 10
357.5577049999999
 20
130.3764361111111
 30
0.0
 10
351.9686466666666
 20
129.4503944444444
 30
0.0
 10
347.8958272222222
 20
127.9313333333333
 30
0.0
 10
345.3078494444444
 20
127.6995583333333
 30
0.0
 10
340.3372105555555
 20
127.320675
 30
0.0
 10
337.9587827777777
 20
128.5755055555555
 30
0.0
 10
335.2826105555555
 20
128.7787055555555
 30
0.0
  0
SPLINE
  5
B4
330
1F
100
AcDbEntity
  8
DEFAULT
 62
     1
100
AcDbSpline
210
0.0
220
0.0
230
1.0
 70
     8
 71
     3
 72
    38
 73
    34
 74
     0
 42
0.000000001
 43
0.0000000001
 40
0.0
 40
0.0
 40
0.0
 40
0.0
 40
1.0
 40
1.0
 40
1.0
 40
2.0
 40
2.0
 40
2.0
 40
3.0
 40
3.0
 40
3.0
 40
4.0
 40
4.0
 40
4.0
 40
5.0
 40
5.0
 40
5.0
 40
6.0
 40
6.0
 40
6.0
 40
7.0
 40
7.0
 40
7.0
 40
8.0
 40
8.0
 40
8.0
 40
9.0
 40
9.0
 40
9.0
 40
10.0
 40
10.0
 40
10.0
 40
11.0
 40
11.0
 40
11.0
 40
11.0
 10
334.9008344444444
 20
128.8014597222222
 30
0.0
 10
332.2137261111111
 20
128.8952986111111
 30
0.0
 10
329.1001094444444
 20
127.8362597222222
 30
0.0
 10
322.7430538888889
 20
123.0109652777778
 30
0.0
 10
321.5503122222221
 20
122.1015041666666
 30
0.0
 10
321.5993483333333
 20
119.8126819444444
 30
0.0
 10
322.7465816666667
 20
117.4712958333333
 30
0.0
 10
322.75399
 20
117.4540097222222
 30
0.0
 10
322.7617511111111
 20
117.4367236111111
 30
0.0
 10
322.7691594444444
 20
117.4187319444444
 30
0.0
 10
323.2207149999999
 20
116.5120930555555
 30
0.0
 10
323.8338427777778
 20
115.6012208333333
 30
0.0
 10
324.6046622222222
 20
114.7619625
 30
0.0
 10
325.1207761111111
 20
113.6616486111111
 30
0.0
 10
326.7213288888888
 20
112.7913458333333
 30
0.0
 10
327.329165
 20
112.3041597222222
 30
0.0
 10
327.57364
 20
112.1087208333333
 30
0.0
 10
327.6456066666667
 20
112.3676597222222
 30
0.0
 10
327.6060955555555
 20
112.5405208333333
 30
0.0
 10
326.9728594444445
 20
115.3627430555555
 30
0.0
 10
327.5986872222222
 20
115.9345958333333
 30
0.0
 10
328.4591122222222
 20
116.7195263888889
 30
0.0
 10
329.5312038888889
 20
115.5490097222222
 30
0.0
 10
331.454901111111
 20
113.9660958333333
 30
0.0
 10
331.3585927777777
 20
114.5950986111111
 30
0.0
 10
331.2633427777777
 20
115.2216319444444
 30
0.0
 10
331.9738372222222
 20
118.8891097222222
 30
0.0
 10
331.9738372222222
 20
118.8891097222222
 30
0.0
 10
333.2367816666666
 20
117.5069263888889
 30
0.0
 10
334.9029511111111
 20
116.7297569444444
 30
0.0
 10
335.2447927777778
 20
116.8793347222222
 30
0.0
 10
335.5767566666667
 20
117.0204458333333
 30
0.0
 10
335.3432177777777
 20
119.2171930555555
 30
0.0
 10
336.3327594444444
 20
119.9033458333333
 30
0.0
  0
POLYLINE
  5
B5
330
1F
100
AcDbEntity
  8
DEFAULT
 62
     7
100
AcDb2dPolyline
 66
     1
 10
0.0
 20
0.0
 30
0.0
  0
VERTEX
  5
B6
330
B5
100
AcDbEntity
  8
DEFAULT
 62
     7
100
AcDbVertex
100
AcDb2dVertex
 10
378.7582736111111
 20
149.0717180555555
 30
0.0
  0
VERTEX
  5
B7
330
B5
100
AcDbEntity
  8
DEFAULT
 62
     7
100
AcDbVertex
100
AcDb2dVertex
 10
377.1721847222222
 20
147.5717069444444
 30
0.0
  0
SEQEND
  5
B8
330
B5
100
AcDbEntity
  8
DEFAULT
 62
     7
  0
POLYLINE
  5
B9
330
1F
100
AcDbEntity
  8
DEFAULT
 62
     7
100
AcDb2dPolyline
 66
     1
 10
0.0
 20
0.0
 30
0.0
  0
VERTEX
  5
BA
330
B9
100
AcDbEntity
  8
DEFAULT
 62
     7
100
AcDbVertex
100
AcDb2dVertex
 10
380.03226
 20
147.7240011111111
 30
0.0
  0
VERTEX
  5
BB
330
B9
100
AcDbEntity
  8
DEFAULT
 62
     7
100
AcDbVertex
100
AcDb2dVertex
 10
377.9921461111111
 20
146.7048261111111
 30
0.0
  0
VERTEX
  5
BC
330
B9
100
AcDbEntity
  8
DEFAULT
 62
     7
100
AcDbVertex
100
AcDb2dVertex
 10
379.1517266666667
 20
148.6556872222222
 30
0.0
  0
SEQEND
  5
BD
330
B9
100
AcDbEntity
  8
DEFAULT
 62
     7
  0
POLYLINE
  5
BE
330
1F
100
AcDbEntity
  8
DEFAULT
 62
     7
100
AcDb2dPolyline
 66
     1
 10
0.0
 20
0.0
 30
0.0
  0
VERTEX
  5
BF
330
BE
100
AcDbEntity
  8
DEFAULT
 62
     7
100
AcDbVertex
100
AcDb2dVertex
 10
373.6870930555555
 20
164.0930311111111
 30
0.0
  0
VERTEX
  5
C0
330
BE
100
AcDbEntity
  8
DEFAULT
 62
     7
100
AcDbVertex
100
AcDb2dVertex
 10
372.1010041666665
 20
162.5937255555556
 30
0.0
  0
SEQEND
  5
C1
330
BE
100
AcDbEntity
  8
DEFAULT
 62
     7
  0
POLYLINE
  5
C2
330
1F
100
AcDbEntity
  8
DEFAULT
 62
     7
100
AcDb2dPolyline
 66
     1
 10
0.0
 20
0.0
 30
0.0
  0
VERTEX
  5
C3
330
C2
100
AcDbEntity
  8
DEFAULT
 62
     7
100
AcDbVertex
100
AcDb2dVertex
 10
373.2330327777776
 20
164.5732674999999
 30
0.0
  0
VERTEX
  5
C4
330
C2
100
AcDbEntity
  8
DEFAULT
 62
     7
100
AcDbVertex
100
AcDb2dVertex
 10
371.6469438888888
 20
163.0739619444444
 30
0.0
  0
SEQEND
  5
C5
330
C2
100
AcDbEntity
  8
DEFAULT
 62
     7
  0
POLYLINE
  5
C6
330
1F
100
AcDbEntity
  8
DEFAULT
 62
     7
100
AcDb2dPolyline
 66
     1
 10
0.0
 20
0.0
 30
0.0
  0
VERTEX
  5
C7
330
C6
100
AcDbEntity
  8
DEFAULT
 62
     7
100
AcDbVertex
100
AcDb2dVertex
 10
372.7782669444445
 20
165.0535038888889
 30
0.0
  0
VERTEX
  5
C8
330
C6
100
AcDbEntity
  8
DEFAULT
 62
     7
100
AcDbVertex
100
AcDb2dVertex
 10
371.1921780555555
 20
163.5549038888889
 30
0.0
  0
SEQEND
  5
C9
330
C6
100
AcDbEntity
  8
DEFAULT
 62
     7
  0
POLYLINE
  5
CA
330
1F
100
AcDbEntity
  8
DEFAULT
 62
     7
100
AcDb2dPolyline
 66
     1
 10
0.0
 20
0.0
 30
0.0
  0
VERTEX
  5
CB
330
CA
100
AcDbEntity
  8
DEFAULT
 62
     7
100
AcDbVertex
100
AcDb2dVertex
 10
369.0713486111111
 20
181.5768741666666
 30
0.0
  0
VERTEX
  5
CC
330
CA
100
AcDbEntity
  8
DEFAULT
 62
     7
100
AcDbVertex
100
AcDb2dVertex
 10
367.4859652777778
 20
180.0768630555555
 30
0.0
  0
SEQEND
  5
CD
330
CA
100
AcDbEntity
  8
DEFAULT
 62
     7
  0
POLYLINE
  5
CE
330
1F
100
AcDbEntity
  8
DEFAULT
 62
     7
100
AcDb2dPolyline
 66
     1
 10
0.0
 20
0.0
 30
0.0
  0
VERTEX
  5
CF
330
CE
100
AcDbEntity
  8
DEFAULT
 62
     7
100
AcDbVertex
100
AcDb2dVertex
 10
368.1618522222222
 20
182.5373822222222
 30
0.0
  0
VERTEX
  5
D0
330
CE
100
AcDbEntity
  8
DEFAULT
 62
     7
100
AcDbVertex
100
AcDb2dVertex
 10
366.5764688888889
 20
181.0380766666667
 30
0.0
  0
SEQEND
  5
D1
330
CE
100
AcDbEntity
  8
DEFAULT
 62
     7
  0
POLYLINE
  5
D2
330
1F
100
AcDbEntity
  8
DEFAULT
 62
     7
100
AcDb2dPolyline
 66
     1
 10
0.0
 20
0.0
 30
0.0
  0
VERTEX
  5
D3
330
D2
100
AcDbEntity
  8
DEFAULT
 62
     7
100
AcDbVertex
100
AcDb2dVertex
 10
365.4064813888888
 20
200.686811111111
 30
0.0
  0
VERTEX
  5
D4
330
D2
100
AcDbEntity
  8
DEFAULT
 62
     7
100
AcDbVertex
100
AcDb2dVertex
 10
363.8203924999999
 20
199.1875055555554
 30
0.0
  0
SEQEND
  5
D5
330
D2
100
AcDbEntity
  8
DEFAULT
 62
     7
  0
SPLINE
  5
D6
330
1F
100
AcDbEntity
  8
DEFAULT
 62
     1
100
AcDbSpline
210
0.0
220
0.0
230
1.0
 70
     8
 71
     3
 72
    35
 73
    31
 74
     0
 42
0.000000001
 43
0.0000000001
 40
0.0
 40
0.0
 40
0.0
 40
0.0
 40
1.0
 40
1.0
 40
1.0
 40
2.0
 40
2.0
 40
2.0
 40
3.0
 40
3.0
 40
3.0
 40
4.0
 40
4.0
 40
4.0
 40
9.66682671342619
 40
9.66682671342619
 40
9.66682671342619
 40
18.16957027065514
 40
18.16957027065514
 40
18.16957027065514
 40
23.83991153022671
 40
23.83991153022671
 40
23.83991153022671
 40
24.83991153022671
 40
24.83991153022671
 40
24.83991153022671
 40
25.83991153022671
 40
25.83991153022671
 40
25.83991153022671
 40
26.83991153022671
 40
26.83991153022671
 40
26.83991153022671
 40
26.83991153022671
 10
371.5725077777777
 20
175.3729594444444
 30
0.0
 10
367.950891111111
 20
177.7499761111111
 30
0.0
 10
364.7656605555555
 20
177.7058788888889
 30
0.0
 10
360.9651855555555
 20
181.0022344444444
 30
0.0
 10
359.0661827777777
 20
183.0091872222222
 30
0.0
 10
358.4618744444444
 20
185.52414
 30
0.0
 10
359.8475855555555
 20
186.8347094444444
 30
0.0
 10
359.8853327777777
 20
186.8706927777778
 30
0.0
 10
360.9796494444444
 20
186.3669261111111
 30
0.0
 10
361.92968
 20
185.3629205555555
 30
0.0
 10
362.8804161111111
 20
184.3571511111111
 30
0.0
 10
363.3778327777777
 20
183.7595455555555
 30
0.0
 10
363.6131355555556
 20
183.5108372222222
 30
0.0
 10
364.0710411111111
 20
183.0267085185185
 30
0.0
 10
364.5289466666666
 20
182.5425798148148
 30
0.0
 10
364.9868522222222
 20
182.0584511111111
 30
0.0
 10
365.7133392592593
 20
182.745427037037
 30
0.0
 10
366.4398262962962
 20
183.432402962963
 30
0.0
 10
367.1663133333333
 20
184.1193788888889
 30
0.0
 10
366.7080549999999
 20
184.6037427777777
 30
0.0
 10
366.2497966666667
 20
185.0881066666667
 30
0.0
 10
365.7915383333333
 20
185.5724705555555
 30
0.0
 10
365.5565883333333
 20
185.8197677777778
 30
0.0
 10
364.9875577777777
 20
186.3510511111111
 30
0.0
 10
364.0375272222222
 20
187.3557622222222
 30
0.0
 10
363.0878494444444
 20
188.3608261111111
 30
0.0
 10
362.642291111111
 20
189.4784261111111
 30
0.0
 10
362.6828605555555
 20
189.5172316666666
 30
0.0
 10
363.3517272222222
 20
190.6796344444444
 30
0.0
 10
365.3170522222222
 20
193.3233511111111
 30
0.0
 10
366.9299522222221
 20
192.988565
 30
0.0
  0
SPLINE
  5
D7
330
1F
100
AcDbEntity
  8
DEFAULT
 62
     1
100
AcDbSpline
210
0.0
220
0.0
230
1.0
 70
     8
 71
     3
 72
    11
 73
     7
 74
     0
 42
0.000000001
 43
0.0000000001
 40
0.0
 40
0.0
 40
0.0
 40
0.0
 40
1.0
 40
1.0
 40
1.0
 40
2.0
 40
2.0
 40
2.0
 40
2.0
 10
384.2580438888888
 20
143.0496955555556
 30
0.0
 10
387.4171688888889
 20
142.3938816666667
 30
0.0
 10
382.4299494444444
 20
142.0065316666667
 30
0.0
 10
386.0543883333333
 20
140.2246511111111
 30
0.0
 10
389.2643133333333
 20
138.6449122222222
 30
0.0
 10
391.3047799999999
 20
137.5823455555555
 30
0.0
 10
392.96848
 20
136.8415122222222
 30
0.0
  0
SPLINE
  5
D8
330
1F
100
AcDbEntity
  8
DEFAULT
 62
     1
100
AcDbSpline
210
0.0
220
0.0
230
1.0
 70
     8
 71
     3
 72
    17
 73
    13
 74
     0
 42
0.000000001
 43
0.0000000001
 40
0.0
 40
0.0
 40
0.0
 40
0.0
 40
1.0
 40
1.0
 40
1.0
 40
2.0
 40
2.0
 40
2.0
 40
3.0
 40
3.0
 40
3.0
 40
4.0
 40
4.0
 40
4.0
 40
4.0
 10
409.7255655555555
 20
150.6426727777778
 30
0.0
 10
409.2419072222222
 20
148.5101311111111
 30
0.0
 10
404.6949544444444
 20
145.2282394444444
 30
0.0
 10
403.668371111111
 20
142.5481866666667
 30
0.0
 10
402.1387266666666
 20
138.5318116666667
 30
0.0
 10
399.0236988888888
 20
138.7067894444444
 30
0.0
 10
398.2306544444444
 20
135.9741727777778
 30
0.0
 10
397.7000766666666
 20
134.148195
 30
0.0
 10
396.7292322222222
 20
135.87222
 30
0.0
 10
396.6121099999999
 20
134.6223283333333
 30
0.0
 10
396.1905405555555
 20
130.0753755555556
 30
0.0
 10
394.930771111111
 20
135.6199838888889
 30
0.0
 10
393.3143433333333
 20
136.6687922222222
 30
0.0
  0
SPLINE
  5
D9
330
1F
100
AcDbEntity
  8
DEFAULT
 62
     1
100
AcDbSpline
210
0.0
220
0.0
230
1.0
 70
     8
 71
     3
 72
    11
 73
     7
 74
     0
 42
0.000000001
 43
0.0000000001
 40
0.0
 40
0.0
 40
0.0
 40
0.0
 40
1.0
 40
1.0
 40
1.0
 40
2.0
 40
2.0
 40
2.0
 40
2.0
 10
377.7364527777777
 20
159.3601644444444
 30
0.0
 10
381.8092722222222
 20
158.5166727777778
 30
0.0
 10
375.4433972222222
 20
158.0757005555555
 30
0.0
 10
380.115586111111
 20
155.7773533333333
 30
0.0
 10
384.2843611111111
 20
153.7259505555555
 30
0.0
 10
386.9210222222222
 20
152.3508227777778
 30
0.0
 10
389.0757888888889
 20
151.3965588888889
 30
0.0
  0
SPLINE
  5
DA
330
1F
100
AcDbEntity
  8
DEFAULT
 62
     1
100
AcDbSpline
210
0.0
220
0.0
230
1.0
 70
     8
 71
     3
 72
    17
 73
    13
 74
     0
 42
0.000000001
 43
0.0000000001
 40
0.0
 40
0.0
 40
0.0
 40
0.0
 40
1.0
 40
1.0
 40
1.0
 40
2.0
 40
2.0
 40
2.0
 40
3.0
 40
3.0
 40
3.0
 40
4.0
 40
4.0
 40
4.0
 40
4.0
 10
410.0838466666666
 20
168.6922302777778
 30
0.0
 10
409.4594299999999
 20
165.9472663888889
 30
0.0
 10
404.1395411111111
 20
162.2332219444444
 30
0.0
 10
402.8159188888888
 20
158.7717663888889
 30
0.0
 10
400.8442438888888
 20
153.5965163888889
 30
0.0
 10
396.8313966666666
 20
153.8205302777778
 30
0.0
 10
395.8044605555555
 20
150.3001608333333
 30
0.0
 10
395.122541111111
 20
147.9464275
 30
0.0
 10
393.8733549999999
 20
150.1728080555555
 30
0.0
 10
393.7244827777777
 20
148.5606136111111
 30
0.0
 10
393.1720327777777
 20
142.6526441666667
 30
0.0
 10
391.5284411111111
 20
149.9487941666667
 30
0.0
 10
389.4216522222222
 20
151.2262025
 30
0.0
  0
SPLINE
  5
DB
330
1F
100
AcDbEntity
  8
DEFAULT
 62
     1
100
AcDbSpline
210
0.0
220
0.0
230
1.0
 70
     8
 71
     3
 72
    11
 73
     7
 74
     0
 42
0.000000001
 43
0.0000000001
 40
0.0
 40
0.0
 40
0.0
 40
0.0
 40
1.0
 40
1.0
 40
1.0
 40
2.0
 40
2.0
 40
2.0
 40
2.0
 10
371.5725077777777
 20
175.3722538888889
 30
0.0
 10
376.4602438888888
 20
174.36084
 30
0.0
 10
368.8564716666666
 20
173.8627177777778
 30
0.0
 10
374.4642272222221
 20
171.106465
 30
0.0
 10
379.4913105555555
 20
168.6303177777778
 30
0.0
 10
382.6617244444444
 20
166.9764955555555
 30
0.0
 10
385.2556994444444
 20
165.83279
 30
0.0
  0
SPLINE
  5
DC
330
1F
100
AcDbEntity
  8
DEFAULT
 62
     1
100
AcDbSpline
210
0.0
220
0.0
230
1.0
 70
     8
 71
     3
 72
    17
 73
    13
 74
     0
 42
0.000000001
 43
0.0000000001
 40
0.0
 40
0.0
 40
0.0
 40
0.0
 40
1.0
 40
1.0
 40
1.0
 40
2.0
 40
2.0
 40
2.0
 40
3.0
 40
3.0
 40
3.0
 40
4.0
 40
4.0
 40
4.0
 40
4.0
 10
410.3029569444444
 20
186.7775947222222
 30
0.0
 10
409.5518930555555
 20
183.4840613888889
 30
0.0
 10
403.3010236111111
 20
178.8545586111111
 30
0.0
 10
401.7163458333333
 20
174.7006002777778
 30
0.0
 10
399.3474430555555
 20
168.4867725
 30
0.0
 10
394.5292041666667
 20
168.7570002777778
 30
0.0
 10
393.3022430555555
 20
164.5293113888889
 30
0.0
 10
392.4774486111111
 20
161.7028558333333
 30
0.0
 10
390.9802597222222
 20
164.3783225
 30
0.0
 10
390.7989319444444
 20
162.4422780555556
 30
0.0
 10
390.1353569444444
 20
155.3129919444444
 30
0.0
 10
388.1453375
 20
164.2026391666666
 30
0.0
 10
385.5989875
 20
165.6701947222222
 30
0.0
  0
SPLINE
  5
DD
330
1F
100
AcDbEntity
  8
DEFAULT
 62
     1
100
AcDbSpline
210
0.0
220
0.0
230
1.0
 70
     8
 71
     3
 72
    11
 73
     7
 74
     0
 42
0.000000001
 43
0.0000000001
 40
0.0
 40
0.0
 40
0.0
 40
0.0
 40
1.0
 40
1.0
 40
1.0
 40
2.0
 40
2.0
 40
2.0
 40
2.0
 10
366.9292113888889
 20
192.9863425
 30
0.0
 10
372.5874141666666
 20
191.8144147222222
 30
0.0
 10
363.9394197222222
 20
191.3843786111111
 30
0.0
 10
370.4280613888888
 20
188.1920925
 30
0.0
 10
376.2697086111111
 20
185.3215397222222
 30
0.0
 10
379.9407141666666
 20
183.4056036111111
 30
0.0
 10
382.9460280555555
 20
182.0784536111111
 30
0.0
  0
SPLINE
  5
DE
330
1F
100
AcDbEntity
  8
DEFAULT
 62
     1
100
AcDbSpline
210
0.0
220
0.0
230
1.0
 70
     8
 71
     3
 72
    17
 73
    13
 74
     0
 42
0.000000001
 43
0.0000000001
 40
0.0
 40
0.0
 40
0.0
 40
0.0
 40
1.0
 40
1.0
 40
1.0
 40
2.0
 40
2.0
 40
2.0
 40
3.0
 40
3.0
 40
3.0
 40
4.0
 40
4.0
 40
4.0
 40
4.0
 10
411.8842480555555
 20
206.2603119444444
 30
0.0
 10
411.0153563888889
 20
202.4453730555555
 30
0.0
 10
403.8088119444444
 20
197.1589980555555
 30
0.0
 10
401.9733091666666
 20
192.3516952777777
 30
0.0
 10
399.2297563888889
 20
185.1610258333333
 30
0.0
 10
393.6548091666667
 20
185.4746452777778
 30
0.0
 10
392.2313508333333
 20
180.5812647222222
 30
0.0
 10
391.2784980555555
 20
177.3103091666667
 30
0.0
 10
389.5449480555555
 20
180.4055813888889
 30
0.0
 10
389.3368091666667
 20
178.1675591666666
 30
0.0
 10
388.5649313888889
 20
169.8938619444444
 30
0.0
 10
386.2514147222222
 20
180.2552980555555
 30
0.0
 10
383.2933730555555
 20
181.9130008333333
 30
0.0
  0
SPLINE
  5
DF
330
1F
100
AcDbEntity
  8
DEFAULT
 62
     1
100
AcDbSpline
210
0.0
220
0.0
230
1.0
 70
     8
 71
     3
 72
   119
 73
   115
 74
     0
 42
0.000000001
 43
0.0000000001
 40
0.0
 40
0.0
 40
0.0
 40
0.0
 40
1.0
 40
1.0
 40
1.0
 40
2.0
 40
2.0
 40
2.0
 40
3.0
 40
3.0
 40
3.0
 40
4.0
 40
4.0
 40
4.0
 40
5.0
 40
5.0
 40
5.0
 40
10.68364539710207
 40
10.68364539710207
 40
10.68364539710207
 40
19.1861801956195
 40
19.1861801956195
 40
19.1861801956195
 40
24.85507656087442
 40
24.85507656087442
 40
24.85507656087442
 40
25.85507656087442
 40
25.85507656087442
 40
25.85507656087442
 40
26.85507656087442
 40
26.85507656087442
 40
26.85507656087442
 40
27.85507656087442
 40
27.85507656087442
 40
27.85507656087442
 40
28.85507656087442
 40
28.85507656087442
 40
28.85507656087442
 40
29.85507656087442
 40
29.85507656087442
 40
29.85507656087442
 40
30.85507656087442
 40
30.85507656087442
 40
30.85507656087442
 40
36.52735802427152
 40
36.52735802427152
 40
36.52735802427152
 40
45.02247721119303
 40
45.02247721119303
 40
45.02247721119303
 40
50.68872552908381
 40
50.68872552908381
 40
50.68872552908381
 40
51.68872552908381
 40
51.68872552908381
 40
51.68872552908381
 40
52.68872552908381
 40
52.68872552908381
 40
52.68872552908381
 40
53.68872552908381
 40
53.68872552908381
 40
53.68872552908381
 40
54.68872552908381
 40
54.68872552908381
 40
54.68872552908381
 40
55.68872552908381
 40
55.68872552908381
 40
55.68872552908381
 40
56.68872552908381
 40
56.68872552908381
 40
56.68872552908381
 40
62.36114838003558
 40
62.36114838003558
 40
62.36114838003558
 40
70.86423258519315
 40
70.86423258519315
 40
70.86423258519315
 40
76.52694094780554
 40
76.52694094780554
 40
76.52694094780554
 40
77.52694094780554
 40
77.52694094780554
 40
77.52694094780554
 40
78.52694094780554
 40
78.52694094780554
 40
78.52694094780554
 40
79.52694094780554
 40
79.52694094780554
 40
79.52694094780554
 40
80.52694094780554
 40
80.52694094780554
 40
80.52694094780554
 40
81.52694094780554
 40
81.52694094780554
 40
81.52694094780554
 40
82.52694094780554
 40
82.52694094780554
 40
82.52694094780554
 40
88.20604483838551
 40
88.20604483838551
 40
88.20604483838551
 40
96.70922189169897
 40
96.70922189169897
 40
96.70922189169897
 40
102.3773066652358
 40
102.3773066652358
 40
102.3773066652358
 40
103.3773066652358
 40
103.3773066652358
 40
103.3773066652358
 40
104.3773066652358
 40
104.3773066652358
 40
104.3773066652358
 40
105.3773066652358
 40
105.3773066652358
 40
105.3773066652358
 40
105.3773066652358
 10
409.7255655555555
 20
150.6426727777778
 30
0.0
 10
409.8758488888888
 20
151.1986505555556
 30
0.0
 10
410.5986905555555
 20
151.2194644444444
 30
0.0
 10
410.7218099999999
 20
150.9174866666667
 30
0.0
 10
411.5067405555555
 20
148.9387561111111
 30
0.0
 10
412.9813516666666
 20
147.9576811111111
 30
0.0
 10
414.0731988888888
 20
147.30857
 30
0.0
 10
415.5679183333332
 20
146.4209811111111
 30
0.0
 10
419.2738488888888
 20
148.0271783333333
 30
0.0
 10
419.1334433333332
 20
142.9200144444444
 30
0.0
 10
419.1168627777778
 20
142.8670977777778
 30
0.0
 10
417.9188294444444
 20
142.7602061111111
 30
0.0
 10
416.5945016666666
 20
143.1532005555555
 30
0.0
 10
415.2673516666666
 20
143.552545
 30
0.0
 10
414.5402766666666
 20
143.8171283333333
 30
0.0
 10
414.2132516666666
 20
143.9152005555555
 30
0.0
 10
413.5730775925926
 20
144.1072292592592
 30
0.0
 10
412.9329035185185
 20
144.2992579629629
 30
0.0
 10
412.2927294444444
 20
144.4912866666666
 30
0.0
 10
412.0066266666666
 20
143.5332598148148
 30
0.0
 10
411.7205238888889
 20
142.575232962963
 30
0.0
 10
411.4344211111111
 20
141.6172061111111
 30
0.0
 10
412.0730664814814
 20
141.4261181481481
 30
0.0
 10
412.7117118518518
 20
141.2350301851852
 30
0.0
 10
413.3503572222222
 20
141.0439422222222
 30
0.0
 10
413.6812627777777
 20
140.9476338888889
 30
0.0
 10
414.439735
 20
140.7723033333333
 30
0.0
 10
415.7619461111111
 20
140.3754283333333
 30
0.0
 10
417.0876849999999
 20
139.9792588888889
 30
0.0
 10
418.0331294444444
 20
139.2303116666666
 30
0.0
 10
418.0158433333333
 20
139.177395
 30
0.0
 10
417.4496349999999
 20
137.6572755555555
 30
0.0
 10
415.8102766666667
 20
137.6731505555555
 30
0.0
 10
415.1407044444443
 20
136.6963088888889
 30
0.0
 10
414.0774322222222
 20
135.1384422222222
 30
0.0
 10
415.2645294444444
 20
134.675245
 30
0.0
 10
414.5212266666666
 20
133.5516477777778
 30
0.0
 10
414.4785405555555
 20
133.5096672222222
 30
0.0
 10
413.3221349999999
 20
133.8194061111111
 30
0.0
 10
412.2130016666666
 20
134.6382033333333
 30
0.0
 10
411.1063377777777
 20
135.45947
 30
0.0
 10
410.5062627777777
 20
135.9657061111111
 30
0.0
 10
410.2360349999999
 20
136.1685533333333
 30
0.0
 10
409.7002831481481
 20
136.5658987037037
 30
0.0
 10
409.1645312962963
 20
136.9632440740741
 30
0.0
 10
408.6287794444444
 20
137.3605894444444
 30
0.0
 10
408.0336433333333
 20
136.5582551851852
 30
0.0
 10
407.4385072222221
 20
135.7559209259259
 30
0.0
 10
406.843371111111
 20
134.9535866666666
 30
0.0
 10
407.3780646296295
 20
134.5560061111111
 30
0.0
 10
407.912758148148
 20
134.1584255555555
 30
0.0
 10
408.4474516666666
 20
133.760845
 30
0.0
 10
408.7250877777777
 20
133.5569394444444
 30
0.0
 10
409.3749044444444
 20
133.1318422222222
 30
0.0
 10
410.4889766666666
 20
132.3084588888889
 30
0.0
 10
411.6002266666666
 20
131.4836644444444
 30
0.0
 10
412.2295822222222
 20
130.4606088888889
 30
0.0
 10
412.1957155555555
 20
130.4136894444444
 30
0.0
 10
411.2883711111111
 20
129.3327783333333
 30
0.0
 10
410.1259683333333
 20
129.4167394444444
 30
0.0
 10
409.4218238888888
 20
128.7175338888889
 30
0.0
 10
407.9472127777777
 20
127.2538588888889
 30
0.0
 10
408.9974322222221
 20
126.6467283333333
 30
0.0
 10
408.008596111111
 20
125.87732
 30
0.0
 10
407.9479183333333
 20
125.8586227777778
 30
0.0
 10
406.9661377777778
 20
126.5454811111111
 30
0.0
 10
406.2122516666666
 20
127.6898922222222
 30
0.0
 10
405.4516627777777
 20
128.8441811111111
 30
0.0
 10
405.0664294444443
 20
129.5208088888889
 30
0.0
 10
404.8791044444444
 20
129.8033838888889
 30
0.0
 10
404.5116275925925
 20
130.3600672222222
 30
0.0
 10
404.1441507407407
 20
130.9167505555555
 30
0.0
 10
403.7766738888888
 20
131.4734338888889
 30
0.0
 10
402.9422368518518
 20
130.9225125925926
 30
0.0
 10
402.1077998148148
 20
130.3715912962963
 30
0.0
 10
401.2733627777777
 20
129.82067
 30
0.0
 10
401.6403692592592
 20
129.265045
 30
0.0
 10
402.0073757407407
 20
128.70942
 30
0.0
 10
402.3743822222222
 20
128.153795
 30
0.0
 10
402.5617072222221
 20
127.87122
 30
0.0
 10
403.0284322222222
 20
127.2443338888889
 30
0.0
 10
403.7904322222221
 20
126.0956894444444
 30
0.0
 10
404.5474933333333
 20
124.9410477777778
 30
0.0
 10
404.7937322222222
 20
123.7694727777778
 30
0.0
 10
404.7506933333332
 20
123.7274922222222
 30
0.0
 10
403.925546111111
 20
123.2494783333333
 30
0.0
 10
403.3244127777778
 20
123.0184088888889
 30
0.0
 10
402.6894127777778
 20
122.5051172222222
 30
0.0
 10
400.6327183333332
 20
120.8357727777778
 30
0.0
 10
401.1114377777778
 20
119.365395
 30
0.0
 10
400.3293294444444
 20
119.0140283333333
 30
0.0
 10
400.2771183333333
 20
119.0023866666667
 30
0.0
 10
399.5796766666666
 20
119.9834616666666
 30
0.0
 10
399.26006
 20
121.327545
 30
0.0
 10
398.9390322222222
 20
122.6748033333333
 30
0.0
 10
398.8067405555555
 20
123.4417422222222
 30
0.0
 10
398.7252488888888
 20
123.7744116666666
 30
0.0
 10
398.5707322222221
 20
124.4241107407407
 30
0.0
 10
398.4162155555555
 20
125.0738098148148
 30
0.0
 10
398.2616988888888
 20
125.7235088888889
 30
0.0
 10
397.2894433333333
 20
125.48997
 30
0.0
 10
396.3171877777777
 20
125.2564311111111
 30
0.0
 10
395.3449322222222
 20
125.0228922222222
 30
0.0
 10
395.5002720370371
 20
124.3747218518518
 30
0.0
 10
395.6556118518518
 20
123.7265514814815
 30
0.0
 10
395.8109516666666
 20
123.0783811111111
 30
0.0
 10
395.8920905555555
 20
122.7457116666667
 30
0.0
 10
396.1175155555555
 20
122.0027616666667
 30
0.0
 10
396.4378377777778
 20
120.6551505555555
 30
0.0
 10
396.7623933333333
 20
119.3089505555555
 30
0.0
 10
396.58671
 20
118.1222061111111
 30
0.0
 10
396.5323822222222
 20
118.1063311111111
 30
0.0
 10
395.2052322222222
 20
117.2829477777778
 30
0.0
 10
394.0131961111111
 20
117.0860977777778
 30
0.0
 10
388.3204211111111
 20
124.7900588888889
 30
0.0
  0
SPLINE
  5
E0
330
1F
100
AcDbEntity
  8
DEFAULT
 62
     1
100
AcDbSpline
210
0.0
220
0.0
230
1.0
 70
     8
 71
     3
 72
    41
 73
    37
 74
     0
 42
0.000000001
 43
0.0000000001
 40
0.0
 40
0.0
 40
0.0
 40
0.0
 40
1.0
 40
1.0
 40
1.0
 40
2.0
 40
2.0
 40
2.0
 40
3.0
 40
3.0
 40
3.0
 40
4.0
 40
4.0
 40
4.0
 40
9.669950440700394
 40
9.669950440700394
 40
9.669950440700394
 40
18.17499653111047
 40
18.17499653111047
 40
18.17499653111047
 40
23.85067182132929
 40
23.85067182132929
 40
23.85067182132929
 40
24.85067182132929
 40
24.85067182132929
 40
24.85067182132929
 40
25.85067182132929
 40
25.85067182132929
 40
25.85067182132929
 40
26.85067182132929
 40
26.85067182132929
 40
26.85067182132929
 40
27.85067182132929
 40
27.85067182132929
 40
27.85067182132929
 40
28.85067182132929
 40
28.85067182132929
 40
28.85067182132929
 40
28.85067182132929
 10
384.2573383333333
 20
143.0524472222222
 30
0.0
 10
384.2456966666667
 20
143.055975
 30
0.0
 10
384.2305272222222
 20
143.055975
 30
0.0
 10
384.2195911111111
 20
143.0566805555555
 30
0.0
 10
382.7104077777778
 20
143.265525
 30
0.0
 10
377.4497855555555
 20
138.9196555555556
 30
0.0
 10
377.3058522222223
 20
137.6002666666666
 30
0.0
 10
377.2850383333334
 20
137.5459388888889
 30
0.0
 10
378.1436994444445
 20
136.7052694444444
 30
0.0
 10
379.4154633333334
 20
136.1676361111111
 30
0.0
 10
380.6925188888889
 20
135.6282388888889
 30
0.0
 10
381.4262966666666
 20
135.3752972222222
 30
0.0
 10
381.7423855555556
 20
135.2415944444444
 30
0.0
 10
382.357042037037
 20
134.9832435185185
 30
0.0
 10
382.9716985185185
 20
134.7248925925926
 30
0.0
 10
383.586355
 20
134.4665416666666
 30
0.0
 10
383.1986522222222
 20
133.5446157407407
 30
0.0
 10
382.8109494444445
 20
132.6226898148148
 30
0.0
 10
382.4232466666666
 20
131.7007638888889
 30
0.0
 10
381.8083549999999
 20
131.9602907407407
 30
0.0
 10
381.1934633333333
 20
132.2198175925926
 30
0.0
 10
380.5785716666666
 20
132.4793444444444
 30
0.0
 10
380.2631883333333
 20
132.6095194444444
 30
0.0
 10
379.5671577777778
 20
132.9584166666666
 30
0.0
 10
378.2918661111111
 20
133.4942861111111
 30
0.0
 10
377.0158688888889
 20
134.0312138888889
 30
0.0
 10
375.8132494444445
 20
134.0509694444444
 30
0.0
 10
375.7906716666666
 20
134.0036972222222
 30
0.0
 10
375.051955
 20
132.2486277777778
 30
0.0
 10
376.6168772222222
 20
130.1862888888889
 30
0.0
 10
379.16358
 20
129.1156083333333
 30
0.0
 10
385.4920605555556
 20
127.1636888888889
 30
0.0
 10
384.697605
 20
128.0759722222222
 30
0.0
 10
387.0174716666667
 20
126.2203611111111
 30
0.0
 10
387.288405
 20
125.9695361111111
 30
0.0
 10
387.7780605555556
 20
125.4858777777778
 30
0.0
 10
388.107555
 20
125.0724222222222
 30
0.0
  0
SPLINE
  5
E1
330
1F
100
AcDbEntity
  8
DEFAULT
 62
     1
100
AcDbSpline
210
0.0
220
0.0
230
1.0
 70
     8
 71
     3
 72
    14
 73
    10
 74
     0
 42
0.000000001
 43
0.0000000001
 40
0.0
 40
0.0
 40
0.0
 40
0.0
 40
1.0
 40
1.0
 40
1.0
 40
2.0
 40
2.0
 40
2.0
 40
3.0
 40
3.0
 40
3.0
 40
3.0
 10
411.8856238888889
 20
206.2596063888889
 30
0.0
 10
412.1459738888889
 20
206.8416897222222
 30
0.0
 10
412.7957905555555
 20
206.6564813888889
 30
0.0
 10
412.9376072222222
 20
206.3195786111111
 30
0.0
 10
413.7334738888889
 20
204.4131675
 30
0.0
 10
415.1713961111111
 20
203.4574925
 30
0.0
 10
416.2477211111111
 20
202.8179063888889
 30
0.0
 10
412.9852322222222
 20
199.7325119444444
 30
0.0
 10
411.2502711111111
 20
188.9368063888889
 30
0.0
 10
410.3030627777777
 20
186.7788647222222
 30
0.0
  0
SPLINE
  5
E2
330
1F
100
AcDbEntity
  8
DEFAULT
 62
     1
100
AcDbSpline
210
0.0
220
0.0
230
1.0
 70
     8
 71
     3
 72
    14
 73
    10
 74
     0
 42
0.000000001
 43
0.0000000001
 40
0.0
 40
0.0
 40
0.0
 40
0.0
 40
1.0
 40
1.0
 40
1.0
 40
2.0
 40
2.0
 40
2.0
 40
3.0
 40
3.0
 40
3.0
 40
3.0
 10
410.0838466666666
 20
168.6942763888889
 30
0.0
 10
410.2161383333333
 20
169.2964680555555
 30
0.0
 10
410.7640022222222
 20
169.1440680555555
 30
0.0
 10
410.9051133333332
 20
168.8078708333333
 30
0.0
 10
411.70098
 20
166.9014597222222
 30
0.0
 10
413.1396077777777
 20
165.9443736111111
 30
0.0
 10
414.2159327777777
 20
165.3061986111111
 30
0.0
 10
410.9527383333332
 20
162.2200986111111
 30
0.0
 10
410.1967355555554
 20
152.6058458333333
 30
0.0
 10
409.7247188888888
 20
150.6412263888889
 30
0.0
  0
SPLINE
  5
E3
330
1F
100
AcDbEntity
  8
DEFAULT
 62
     1
100
AcDbSpline
210
0.0
220
0.0
230
1.0
 70
     8
 71
     3
 72
    35
 73
    31
 74
     0
 42
0.000000001
 43
0.0000000001
 40
0.0
 40
0.0
 40
0.0
 40
0.0
 40
1.0
 40
1.0
 40
1.0
 40
2.0
 40
2.0
 40
2.0
 40
3.0
 40
3.0
 40
3.0
 40
4.0
 40
4.0
 40
4.0
 40
9.667513917053933
 40
9.667513917053933
 40
9.667513917053933
 40
18.16597707223676
 40
18.16597707223676
 40
18.16597707223676
 40
23.83639733884837
 40
23.83639733884837
 40
23.83639733884837
 40
24.83639733884837
 40
24.83639733884837
 40
24.83639733884837
 40
25.83639733884837
 40
25.83639733884837
 40
25.83639733884837
 40
26.83639733884837
 40
26.83639733884837
 40
26.83639733884837
 40
26.83639733884837
 10
384.2587141666666
 20
143.0496955555556
 30
0.0
 10
381.5860697222222
 20
143.6127288888889
 30
0.0
 10
378.2650197222222
 20
142.2118483333333
 30
0.0
 10
373.1606780555555
 20
146.63674
 30
0.0
 10
371.2616752777777
 20
148.6436927777778
 30
0.0
 10
369.2698919444444
 20
151.8980677777778
 30
0.0
 10
370.6545447222222
 20
153.2086372222222
 30
0.0
 10
370.6940558333333
 20
153.2442677777778
 30
0.0
 10
371.7873141666666
 20
152.7401483333333
 30
0.0
 10
372.7384030555555
 20
151.7368483333333
 30
0.0
 10
373.6884336111111
 20
150.7307261111111
 30
0.0
 10
374.1858502777777
 20
150.1334733333333
 30
0.0
 10
374.4208002777777
 20
149.884765
 30
0.0
 10
374.8788234259259
 20
149.4006362962963
 30
0.0
 10
375.3368465740741
 20
148.9165075925926
 30
0.0
 10
375.7948697222222
 20
148.4323788888889
 30
0.0
 10
376.5208863888888
 20
149.1191196296296
 30
0.0
 10
377.2469030555555
 20
149.8058603703704
 30
0.0
 10
377.9729197222222
 20
150.4926011111111
 30
0.0
 10
377.5148965740741
 20
150.9772001851852
 30
0.0
 10
377.0568734259259
 20
151.4617992592593
 30
0.0
 10
376.5988502777778
 20
151.9463983333333
 30
0.0
 10
376.3646058333333
 20
152.1944011111111
 30
0.0
 10
375.7962808333333
 20
152.7249788888889
 30
0.0
 10
374.8444863888889
 20
153.7293372222222
 30
0.0
 10
373.8944558333333
 20
154.7340483333333
 30
0.0
 10
373.4499558333333
 20
155.8523538888889
 30
0.0
 10
373.4915836111111
 20
155.8915122222222
 30
0.0
 10
374.1604502777777
 20
157.0532094444444
 30
0.0
 10
376.2301975
 20
159.6503594444444
 30
0.0
 10
377.736558611111
 20
159.3614344444444
 30
0.0
  0
SPLINE
  5
E4
330
1F
100
AcDbEntity
  8
DEFAULT
 62
     1
100
AcDbSpline
210
0.0
220
0.0
230
1.0
 70
     8
 71
     3
 72
    14
 73
    10
 74
     0
 42
0.000000001
 43
0.0000000001
 40
0.0
 40
0.0
 40
0.0
 40
0.0
 40
1.0
 40
1.0
 40
1.0
 40
2.0
 40
2.0
 40
2.0
 40
3.0
 40
3.0
 40
3.0
 40
3.0
 10
410.3029569444444
 20
186.7789705555555
 30
0.0
 10
410.5185041666667
 20
187.3652872222222
 30
0.0
 10
411.1228125
 20
187.1977177777777
 30
0.0
 10
411.2642763888888
 20
186.8601094444444
 30
0.0
 10
412.0597902777777
 20
184.9544038888888
 30
0.0
 10
413.4987708333333
 20
183.9973177777777
 30
0.0
 10
414.5747430555555
 20
183.3587899999999
 30
0.0
 10
411.3108430555555
 20
180.2733955555555
 30
0.0
 10
411.7422902777777
 20
172.2780399999999
 30
0.0
 10
410.0838819444444
 20
168.6941705555555
 30
0.0
  0
SPLINE
  5
E5
330
1F
100
AcDbEntity
  8
DEFAULT
 62
     1
100
AcDbSpline
210
0.0
220
0.0
230
1.0
 70
     8
 71
     3
 72
    35
 73
    31
 74
     0
 42
0.000000001
 43
0.0000000001
 40
0.0
 40
0.0
 40
0.0
 40
0.0
 40
1.0
 40
1.0
 40
1.0
 40
2.0
 40
2.0
 40
2.0
 40
3.0
 40
3.0
 40
3.0
 40
4.0
 40
4.0
 40
4.0
 40
9.663999382062157
 40
9.663999382062157
 40
9.663999382062157
 40
18.1661356430261
 40
18.1661356430261
 40
18.1661356430261
 40
23.83789057426205
 40
23.83789057426205
 40
23.83789057426205
 40
24.83789057426205
 40
24.83789057426205
 40
24.83789057426205
 40
25.83789057426205
 40
25.83789057426205
 40
25.83789057426205
 40
26.83789057426205
 40
26.83789057426205
 40
26.83789057426205
 40
26.83789057426205
 10
377.7364527777777
 20
159.3615402777777
 30
0.0
 10
375.7975861111111
 20
159.6469375
 30
0.0
 10
369.7453305555555
 20
159.9870152777778
 30
0.0
 10
365.7116694444444
 20
163.4848069444444
 30
0.0
 10
363.8126666666666
 20
165.4924652777778
 30
0.0
 10
363.2083583333333
 20
168.0088291666667
 30
0.0
 10
364.5940694444445
 20
169.3186930555555
 30
0.0
 10
364.6325222222222
 20
169.3543236111111
 30
0.0
 10
365.7275444444444
 20
168.8498513888889
 30
0.0
 10
366.677575
 20
167.8454930555555
 30
0.0
 10
367.6286638888889
 20
166.8400763888889
 30
0.0
 10
368.1260805555555
 20
166.2421180555556
 30
0.0
 10
368.360325
 20
165.9941152777778
 30
0.0
 10
368.8179953703704
 20
165.5102217592592
 30
0.0
 10
369.2756657407407
 20
165.0263282407407
 30
0.0
 10
369.7333361111111
 20
164.5424347222222
 30
0.0
 10
370.4600583333333
 20
165.2290578703703
 30
0.0
 10
371.1867805555555
 20
165.9156810185185
 30
0.0
 10
371.9135027777777
 20
166.6023041666666
 30
0.0
 10
371.4551268518518
 20
167.0867856481481
 30
0.0
 10
370.9967509259259
 20
167.5712671296296
 30
0.0
 10
370.538375
 20
168.0557486111111
 30
0.0
 10
370.3048361111111
 20
168.3030458333333
 30
0.0
 10
369.7340416666667
 20
168.8336236111111
 30
0.0
 10
368.7854222222222
 20
169.8386875
 30
0.0
 10
367.8339805555556
 20
170.8441041666667
 30
0.0
 10
367.3894805555556
 20
171.9609986111111
 30
0.0
 10
367.4307555555555
 20
172.0015680555555
 30
0.0
 10
368.0985638888889
 20
173.1618541666666
 30
0.0
 10
369.9622888888888
 20
175.7244319444444
 30
0.0
 10
371.5723666666667
 20
175.3730652777778
 30
0.0
  0
SPLINE
  5
E6
330
1F
100
AcDbEntity
  8
DEFAULT
 62
     1
100
AcDbSpline
210
0.0
220
0.0
230
1.0
 70
     8
 71
     3
 72
    38
 73
    34
 74
     0
 42
0.000000001
 43
0.0000000001
 40
0.0
 40
0.0
 40
0.0
 40
0.0
 40
1.0
 40
1.0
 40
1.0
 40
2.0
 40
2.0
 40
2.0
 40
3.0
 40
3.0
 40
3.0
 40
4.0
 40
4.0
 40
4.0
 40
9.666906122391548
 40
9.666906122391548
 40
9.666906122391548
 40
18.16964967962066
 40
18.16964967962066
 40
18.16964967962066
 40
23.83502354195315
 40
23.83502354195315
 40
23.83502354195315
 40
24.83502354195315
 40
24.83502354195315
 40
24.83502354195315
 40
25.83502354195315
 40
25.83502354195315
 40
25.83502354195315
 40
26.83502354195315
 40
26.83502354195315
 40
26.83502354195315
 40
27.83502354195315
 40
27.83502354195315
 40
27.83502354195315
 40
27.83502354195315
 10
366.9298816666666
 20
192.9884238888889
 30
0.0
 10
363.5552094444444
 20
193.7909933333333
 30
0.0
 10
361.6375094444444
 20
196.3955516666667
 30
0.0
 10
357.5798594444444
 20
199.9123933333333
 30
0.0
 10
355.6801511111111
 20
201.9207572222222
 30
0.0
 10
355.0772538888888
 20
204.43571
 30
0.0
 10
356.4615538888888
 20
205.7462794444444
 30
0.0
 10
356.5010649999999
 20
205.7808516666667
 30
0.0
 10
357.5943233333333
 20
205.2777905555556
 30
0.0
 10
358.5450594444444
 20
204.273785
 30
0.0
 10
359.4961483333333
 20
203.2687211111111
 30
0.0
 10
359.9942705555555
 20
202.6697044444444
 30
0.0
 10
360.228515
 20
202.4224072222222
 30
0.0
 10
360.6861853703703
 20
201.9380433333333
 30
0.0
 10
361.1438557407407
 20
201.4536794444444
 30
0.0
 10
361.601526111111
 20
200.9693155555556
 30
0.0
 10
362.3280131481481
 20
201.6562914814815
 30
0.0
 10
363.0545001851851
 20
202.3432674074074
 30
0.0
 10
363.7809872222222
 20
203.0302433333333
 30
0.0
 10
363.3230816666666
 20
203.5141368518519
 30
0.0
 10
362.8651761111111
 20
203.9980303703704
 30
0.0
 10
362.4072705555555
 20
204.4819238888889
 30
0.0
 10
362.1716149999999
 20
204.7313377777778
 30
0.0
 10
361.6029372222222
 20
205.26121
 30
0.0
 10
360.6529066666666
 20
206.2659211111111
 30
0.0
 10
359.702876111111
 20
207.270985
 30
0.0
 10
359.2569649999999
 20
208.388585
 30
0.0
 10
359.2982399999999
 20
208.4280961111111
 30
0.0
 10
359.9667538888888
 20
209.5904988888889
 30
0.0
 10
362.1448038888888
 20
211.0305377777778
 30
0.0
 10
363.5439205555555
 20
211.8987238888889
 30
0.0
 10
364.0706177777777
 20
212.2257488888889
 30
0.0
 10
364.4293927777777
 20
211.506435
 30
0.0
 10
364.3810622222222
 20
211.1991655555555
 30
0.0
  0
SPLINE
  5
E7
330
1F
100
AcDbEntity
  8
DEFAULT
 62
     1
100
AcDbSpline
210
0.0
220
0.0
230
1.0
 70
     8
 71
     3
 72
    17
 73
    13
 74
     0
 42
0.000000001
 43
0.0000000001
 40
0.0
 40
0.0
 40
0.0
 40
0.0
 40
1.0
 40
1.0
 40
1.0
 40
2.0
 40
2.0
 40
2.0
 40
3.0
 40
3.0
 40
3.0
 40
4.0
 40
4.0
 40
4.0
 40
4.0
 10
409.8364788888888
 20
218.3691269444444
 30
0.0
 10
410.5607316666666
 20
219.1050213888889
 30
0.0
 10
413.4626816666666
 20
224.5991825
 30
0.0
 10
414.8554483333333
 20
227.1285991666666
 30
0.0
 10
415.170126111111
 20
227.6997463888889
 30
0.0
 10
415.8301733333333
 20
227.5117158333333
 30
0.0
 10
415.9723427777777
 20
227.1734019444444
 30
0.0
 10
416.767151111111
 20
225.2676963888889
 30
0.0
 10
418.2068372222222
 20
224.3113158333333
 30
0.0
 10
419.2821038888889
 20
223.6731408333333
 30
0.0
 10
416.0182038888888
 20
220.5863352777777
 30
0.0
 10
412.7447788888888
 20
208.2666297222222
 30
0.0
 10
411.8857649999999
 20
206.2596769444444
 30
0.0
  0
SPLINE
  5
E8
330
1F
100
AcDbEntity
  8
DEFAULT
 62
     1
100
AcDbSpline
210
0.0
220
0.0
230
1.0
 70
     8
 71
     3
 72
    50
 73
    46
 74
     0
 42
0.000000001
 43
0.0000000001
 40
0.0
 40
0.0
 40
0.0
 40
0.0
 40
1.0
 40
1.0
 40
1.0
 40
2.0
 40
2.0
 40
2.0
 40
3.0
 40
3.0
 40
3.0
 40
4.0
 40
4.0
 40
4.0
 40
5.0
 40
5.0
 40
5.0
 40
13.88799932493241
 40
13.88799932493241
 40
13.88799932493241
 40
14.88799932493241
 40
14.88799932493241
 40
14.88799932493241
 40
15.88799932493241
 40
15.88799932493241
 40
15.88799932493241
 40
21.55263099874862
 40
21.55263099874862
 40
21.55263099874862
 40
30.05570508992292
 40
30.05570508992292
 40
30.05570508992292
 40
35.72505893317515
 40
35.72505893317515
 40
35.72505893317515
 40
36.72505893317515
 40
36.72505893317515
 40
36.72505893317515
 40
37.72505893317515
 40
37.72505893317515
 40
37.72505893317515
 40
41.97046645189468
 40
41.97046645189468
 40
41.97046645189468
 40
42.97046645189468
 40
42.97046645189468
 40
42.97046645189468
 40
42.97046645189468
 10
379.7890549999999
 20
204.2993613888889
 30
0.0
 10
382.2729633333332
 20
205.3164197222222
 30
0.0
 10
384.1497411111111
 20
207.2429391666667
 30
0.0
 10
388.9958494444444
 20
208.4120447222222
 30
0.0
 10
391.5298522222221
 20
208.9874252777778
 30
0.0
 10
395.8721938888888
 20
208.7951613888889
 30
0.0
 10
401.4753633333332
 20
209.6344197222222
 30
0.0
 10
406.3694494444444
 20
210.3696086111111
 30
0.0
 10
407.6405077777777
 20
215.7956836111111
 30
0.0
 10
409.8365494444444
 20
218.3691975
 30
0.0
 10
410.4316855555555
 20
219.0648752777778
 30
0.0
 10
409.7578799999999
 20
219.2874780555555
 30
0.0
 10
408.7224772222222
 20
218.9195308333333
 30
0.0
 10
402.9242216666666
 20
216.8476669444445
 30
0.0
 10
401.3758799999999
 20
217.7807641666667
 30
0.0
 10
390.7216383333333
 20
222.6438058333333
 30
0.0
 10
390.1943531481481
 20
221.7414002777778
 30
0.0
 10
389.6670679629628
 20
220.8389947222222
 30
0.0
 10
389.1397827777777
 20
219.9365891666667
 30
0.0
 10
389.12038
 20
219.8903752777778
 30
0.0
 10
389.9522299999999
 20
219.0161919444444
 30
0.0
 10
391.20953
 20
218.4415169444444
 30
0.0
 10
392.4671827777777
 20
217.8668419444444
 30
0.0
 10
393.193905
 20
217.5899113888889
 30
0.0
 10
393.5047022222221
 20
217.4473891666667
 30
0.0
 10
394.1110096296296
 20
217.1715169444444
 30
0.0
 10
394.717317037037
 20
216.8956447222222
 30
0.0
 10
395.3236244444444
 20
216.6197725
 30
0.0
 10
394.9091105555555
 20
215.7098410185185
 30
0.0
 10
394.4945966666666
 20
214.7999095370371
 30
0.0
 10
394.0800827777777
 20
213.8899780555556
 30
0.0
 10
393.4735401851851
 20
214.1666734259259
 30
0.0
 10
392.8669975925926
 20
214.4433687962963
 30
0.0
 10
392.260455
 20
214.7200641666666
 30
0.0
 10
391.9496577777777
 20
214.8625863888889
 30
0.0
 10
391.2652688888888
 20
215.2291225
 30
0.0
 10
390.0044411111111
 20
215.8030919444444
 30
0.0
 10
388.747141111111
 20
216.3777669444444
 30
0.0
 10
387.5445216666666
 20
216.4349169444444
 30
0.0
 10
387.5198272222221
 20
216.3834113888889
 30
0.0
 10
387.2125577777777
 20
215.989946574074
 30
0.0
 10
386.9052883333332
 20
215.5964817592593
 30
0.0
 10
386.5980188888888
 20
215.2030169444444
 30
0.0
 10
385.9344438888888
 20
213.7492197222222
 30
0.0
 10
380.0282383333333
 20
212.9156058333333
 30
0.0
 10
378.4054605555555
 20
213.0133252777778
 30
0.0
  0
SPLINE
  5
E9
330
1F
100
AcDbEntity
  8
DEFAULT
 62
     1
100
AcDbSpline
210
0.0
220
0.0
230
1.0
 70
     8
 71
     3
 72
    38
 73
    34
 74
     0
 42
0.000000001
 43
0.0000000001
 40
0.0
 40
0.0
 40
0.0
 40
0.0
 40
1.0
 40
1.0
 40
1.0
 40
2.0
 40
2.0
 40
2.0
 40
3.0
 40
3.0
 40
3.0
 40
4.0
 40
4.0
 40
4.0
 40
5.0
 40
5.0
 40
5.0
 40
6.0
 40
6.0
 40
6.0
 40
7.0
 40
7.0
 40
7.0
 40
8.0
 40
8.0
 40
8.0
 40
9.0
 40
9.0
 40
9.0
 40
10.0
 40
10.0
 40
10.0
 40
11.0
 40
11.0
 40
11.0
 40
11.0
 10
378.0575511111111
 20
213.0677941666667
 30
0.0
 10
376.9046733333333
 20
213.4156330555556
 30
0.0
 10
376.4506483333333
 20
215.5778080555556
 30
0.0
 10
376.0911677777777
 20
215.6109691666666
 30
0.0
 10
375.7196927777778
 20
215.6473052777778
 30
0.0
 10
374.3741983333333
 20
214.3949441666666
 30
0.0
 10
373.5973816666666
 20
212.6910275
 30
0.0
 10
373.5973816666666
 20
212.6910275
 30
0.0
 10
371.7936288888889
 20
215.9630413888889
 30
0.0
 10
371.6909705555555
 20
216.5874580555555
 30
0.0
 10
371.5883122222222
 20
217.2157552777778
 30
0.0
 10
370.2449344444444
 20
215.1181386111111
 30
0.0
 10
369.5859455555556
 20
213.6735136111111
 30
0.0
 10
368.5254955555556
 20
214.1564663888889
 30
0.0
 10
367.7546761111111
 20
214.5078330555556
 30
0.0
 10
367.4879761111111
 20
217.3879108333333
 30
0.0
 10
367.472101111111
 20
217.5635941666667
 30
0.0
 10
367.32464
 20
217.7883136111111
 30
0.0
 10
367.1524844444444
 20
217.5272580555555
 30
0.0
 10
366.7238594444444
 20
216.8767358333334
 30
0.0
 10
365.4683233333333
 20
215.5559358333333
 30
0.0
 10
365.3162761111111
 20
214.3508469444444
 30
0.0
 10
364.8407316666667
 20
213.3143858333333
 30
0.0
 10
364.5376955555555
 20
212.2595802777778
 30
0.0
 10
364.3874122222222
 20
211.2576913888889
 30
0.0
 10
364.3852955555555
 20
211.2389941666667
 30
0.0
 10
364.3838844444444
 20
211.2199441666666
 30
0.0
 10
364.3817677777777
 20
211.2005413888889
 30
0.0
 10
364.0113511111111
 20
208.6203247222222
 30
0.0
 10
364.6685761111111
 20
206.4271052777778
 30
0.0
 10
366.0839205555556
 20
205.9282775
 30
0.0
 10
373.61749
 20
203.2940858333333
 30
0.0
 10
376.9046733333333
 20
203.2443441666667
 30
0.0
 10
379.4326788888889
 20
204.1601552777778
 30
0.0
  0
SPLINE
  5
EA
330
1F
100
AcDbEntity
  8
DEFAULT
 62
     1
100
AcDbSpline
210
0.0
220
0.0
230
1.0
 70
     8
 71
     3
 72
    32
 73
    28
 74
     0
 42
0.000000001
 43
0.0000000001
 40
0.0
 40
0.0
 40
0.0
 40
0.0
 40
1.0
 40
1.0
 40
1.0
 40
2.0
 40
2.0
 40
2.0
 40
3.0
 40
3.0
 40
3.0
 40
4.0
 40
4.0
 40
4.0
 40
5.0
 40
5.0
 40
5.0
 40
6.0
 40
6.0
 40
6.0
 40
7.0
 40
7.0
 40
7.0
 40
8.0
 40
8.0
 40
8.0
 40
9.0
 40
9.0
 40
9.0
 40
9.0
 10
257.6519908333333
 20
216.9015008333333
 30
0.0
 10
258.2658241666666
 20
217.5347369444444
 30
0.0
 10
259.0885019444444
 20
217.8049647222222
 30
0.0
 10
260.1785852777778
 20
217.3929202777778
 30
0.0
 10
262.4956297222222
 20
216.5169730555555
 30
0.0
 10
266.4474463888889
 20
215.7895452777777
 30
0.0
 10
267.4126463888888
 20
215.9761647222222
 30
0.0
 10
267.9171186111111
 20
216.0760008333333
 30
0.0
 10
267.6077324999999
 20
216.4252508333333
 30
0.0
 10
265.8216186111111
 20
217.1283369444444
 30
0.0
 10
261.8302908333333
 20
218.7101924999999
 30
0.0
 10
258.4422130555555
 20
224.7017702777777
 30
0.0
 10
255.4270213888888
 20
222.4496369444444
 30
0.0
 10
254.5761213888888
 20
221.5539341666666
 30
0.0
 10
253.0694075
 20
221.6336619444444
 30
0.0
 10
252.2439074999999
 20
222.4496369444444
 30
0.0
 10
251.3887741666666
 20
223.7242230555555
 30
0.0
 10
249.7194297222222
 20
223.5566536111111
 30
0.0
 10
248.3351297222222
 20
222.4468147222222
 30
0.0
 10
247.1921297222222
 20
221.4738536111111
 30
0.0
 10
245.0366575
 20
222.0375925
 30
0.0
 10
243.4325769444444
 20
220.5238230555555
 30
0.0
 10
242.7644158333333
 20
219.8002758333333
 30
0.0
 10
239.1477380555555
 20
218.0437952777778
 30
0.0
 10
236.7650769444444
 20
217.3728119444444
 30
0.0
 10
235.5656325
 20
217.0359091666666
 30
0.0
 10
235.0763297222222
 20
216.2530952777778
 30
0.0
 10
235.0040102777778
 20
215.2974202777777
 30
0.0
  0
SPLINE
  5
EB
330
1F
100
AcDbEntity
  8
DEFAULT
 62
     1
100
AcDbSpline
210
0.0
220
0.0
230
1.0
 70
     8
 71
     3
 72
    59
 73
    55
 74
     0
 42
0.000000001
 43
0.0000000001
 40
0.0
 40
0.0
 40
0.0
 40
0.0
 40
1.0
 40
1.0
 40
1.0
 40
2.0
 40
2.0
 40
2.0
 40
3.0
 40
3.0
 40
3.0
 40
4.0
 40
4.0
 40
4.0
 40
5.0
 40
5.0
 40
5.0
 40
6.0
 40
6.0
 40
6.0
 40
7.0
 40
7.0
 40
7.0
 40
8.0
 40
8.0
 40
8.0
 40
9.0
 40
9.0
 40
9.0
 40
14.67200035260921
 40
14.67200035260921
 40
14.67200035260921
 40
23.17200035260921
 40
23.17200035260921
 40
23.17200035260921
 40
28.82800070621594
 40
28.82800070621594
 40
28.82800070621594
 40
29.82800070621594
 40
29.82800070621594
 40
29.82800070621594
 40
30.82800070621594
 40
30.82800070621594
 40
30.82800070621594
 40
31.82800070621594
 40
31.82800070621594
 40
31.82800070621594
 40
32.82800070621594
 40
32.82800070621594
 40
32.82800070621594
 40
33.82800070621594
 40
33.82800070621594
 40
33.82800070621594
 40
34.82800070621594
 40
34.82800070621594
 40
34.82800070621594
 40
34.82800070621594
 10
234.9963197222222
 20
214.9460888888889
 30
0.0
 10
235.0460613888889
 20
212.7563972222222
 30
0.0
 10
236.9574113888889
 20
209.8823166666666
 30
0.0
 10
237.5684225
 20
209.2519027777778
 30
0.0
 10
237.9797613888889
 20
208.8398583333334
 30
0.0
 10
238.2842086111111
 20
208.5953833333334
 30
0.0
 10
238.4711808333333
 20
208.3777194444444
 30
0.0
 10
238.7357641666667
 20
208.0986722222222
 30
0.0
 10
238.9608363888889
 20
207.9794333333333
 30
0.0
 10
239.3467752777778
 20
208.5004861111111
 30
0.0
 10
241.0679780555555
 20
210.8051833333333
 30
0.0
 10
242.4378141666667
 20
211.7008861111111
 30
0.0
 10
240.9804891666666
 20
213.2876805555555
 30
0.0
 10
239.5168141666666
 20
214.8861166666667
 30
0.0
 10
244.7996613888889
 20
216.0284111111111
 30
0.0
 10
245.0042725
 20
212.5711888888889
 30
0.0
 10
245.1566725
 20
210.0347166666667
 30
0.0
 10
243.3811419444444
 20
210.0498861111111
 30
0.0
 10
244.7576808333333
 20
208.5773916666667
 30
0.0
 10
245.1594947222222
 20
208.1515888888889
 30
0.0
 10
247.7012586111111
 20
207.2361305555555
 30
0.0
 10
248.3570725
 20
207.8718361111111
 30
0.0
 10
248.4523225
 20
207.9967194444445
 30
0.0
 10
248.8414363888889
 20
209.0638722222222
 30
0.0
 10
248.8414363888889
 20
210.3620944444444
 30
0.0
 10
248.8414363888889
 20
211.7435722222222
 30
0.0
 10
248.7938113888889
 20
212.5193305555555
 30
0.0
 10
248.7931058333333
 20
212.8576444444444
 30
0.0
 10
248.7933410185185
 20
213.5246296296296
 30
0.0
 10
248.7935762037037
 20
214.1916148148148
 30
0.0
 10
248.7938113888889
 20
214.8586
 30
0.0
 10
249.7933484259259
 20
214.8585999999999
 30
0.0
 10
250.792885462963
 20
214.8585999999999
 30
0.0
 10
251.7924225
 20
214.8586
 30
0.0
 10
251.7921873148148
 20
214.1934962962963
 30
0.0
 10
251.7919521296296
 20
213.5283925925926
 30
0.0
 10
251.7917169444444
 20
212.8632888888889
 30
0.0
 10
251.7917169444444
 20
212.5193305555555
 30
0.0
 10
251.7451502777778
 20
211.7435722222222
 30
0.0
 10
251.7423280555556
 20
210.3585666666667
 30
0.0
 10
251.7451502777778
 20
209.1637083333333
 30
0.0
 10
252.0792308333333
 20
208.1660527777778
 30
0.0
 10
252.1963530555555
 20
207.9194611111111
 30
0.0
 10
253.0197363888889
 20
207.1056027777778
 30
0.0
 10
255.0750197222222
 20
207.4654361111111
 30
0.0
 10
255.9280363888889
 20
208.3583166666667
 30
0.0
 10
256.1802725
 20
208.6200777777778
 30
0.0
 10
256.2402447222222
 20
208.8345666666667
 30
0.0
 10
256.2151975
 20
209.1390138888889
 30
0.0
 10
256.1954419444444
 20
209.4282916666667
 30
0.0
 10
256.0899613888889
 20
209.8025888888889
 30
0.0
 10
256.0031780555556
 20
210.3793805555555
 30
0.0
 10
255.8758252777778
 20
211.2743777777778
 30
0.0
 10
256.0603280555555
 20
214.8861166666667
 30
0.0
 10
257.4216975
 20
216.6320138888889
 30
0.0
  0
SPLINE
  5
EC
330
1F
100
AcDbEntity
  8
DEFAULT
 62
     1
100
AcDbSpline
210
0.0
220
0.0
230
1.0
 70
     8
 71
     3
 72
    53
 73
    49
 74
     0
 42
0.000000001
 43
0.0000000001
 40
0.0
 40
0.0
 40
0.0
 40
0.0
 40
1.0
 40
1.0
 40
1.0
 40
2.0
 40
2.0
 40
2.0
 40
3.0
 40
3.0
 40
3.0
 40
4.0
 40
4.0
 40
4.0
 40
5.0
 40
5.0
 40
5.0
 40
6.0
 40
6.0
 40
6.0
 40
7.0
 40
7.0
 40
7.0
 40
8.0
 40
8.0
 40
8.0
 40
9.0
 40
9.0
 40
9.0
 40
14.66322964393985
 40
14.66322964393985
 40
14.66322964393985
 40
23.15690829338266
 40
23.15690829338266
 40
23.15690829338266
 40
28.82132370893967
 40
28.82132370893967
 40
28.82132370893967
 40
29.82132370893967
 40
29.82132370893967
 40
29.82132370893967
 40
30.82132370893967
 40
30.82132370893967
 40
30.82132370893967
 40
31.82132370893967
 40
31.82132370893967
 40
31.82132370893967
 40
32.82132370893967
 40
32.82132370893967
 40
32.82132370893967
 40
32.82132370893967
 10
217.8714633333333
 20
200.5607283333333
 30
0.0
 10
219.1640411111111
 20
198.7749672222222
 30
0.0
 10
222.5119022222222
 20
197.5525922222222
 30
0.0
 10
223.3945522222222
 20
197.4023088888889
 30
0.0
 10
223.9734605555555
 20
197.3176422222222
 30
0.0
 10
224.3625744444444
 20
197.3031783333333
 30
0.0
 10
224.6416216666667
 20
197.2382672222222
 30
0.0
 10
225.0187411111111
 20
197.1701811111111
 30
0.0
 10
225.268155
 20
197.2051061111111
 30
0.0
 10
225.2709772222222
 20
197.8563338888889
 30
0.0
 10
225.2907327777777
 20
200.7300616666666
 30
0.0
 10
225.8611744444444
 20
202.2639394444444
 30
0.0
 10
223.7466244444444
 20
202.6788061111111
 30
0.0
 10
221.6211383333333
 20
203.0975533333333
 30
0.0
 10
225.1958355555556
 20
207.1513227777778
 30
0.0
 10
227.4130438888889
 20
204.4896144444444
 30
0.0
 10
229.0397022222222
 20
202.5387533333333
 30
0.0
 10
227.6003688888889
 20
201.4938255555555
 30
0.0
 10
229.5812161111111
 20
201.1290533333333
 30
0.0
 10
230.1601244444444
 20
201.0242783333333
 30
0.0
 10
232.7488077777778
 20
201.7926283333333
 30
0.0
 10
232.8990911111111
 20
202.6960922222222
 30
0.0
 10
232.9012077777778
 20
202.8530783333333
 30
0.0
 10
232.5791216666667
 20
203.9431616666666
 30
0.0
 10
231.8111244444444
 20
204.98562
 30
0.0
 10
230.9905633333333
 20
206.0954588888889
 30
0.0
 10
230.4913827777777
 20
206.6944755555556
 30
0.0
 10
230.2917105555555
 20
206.9692894444444
 30
0.0
 10
229.8969522222222
 20
207.5056292592593
 30
0.0
 10
229.5021938888889
 20
208.041969074074
 30
0.0
 10
229.1074355555555
 20
208.5783088888889
 30
0.0
 10
229.9112985185185
 20
209.1710931481481
 30
0.0
 10
230.7151614814815
 20
209.7638774074074
 30
0.0
 10
231.5190244444444
 20
210.3566616666667
 30
0.0
 10
231.9140179629629
 20
209.8203218518518
 30
0.0
 10
232.3090114814814
 20
209.283982037037
 30
0.0
 10
232.704005
 20
208.7476422222222
 30
0.0
 10
232.9086161111111
 20
208.4728283333333
 30
0.0
 10
233.3277161111111
 20
207.8194838888889
 30
0.0
 10
234.1482772222222
 20
206.7047061111111
 30
0.0
 10
234.8591244444444
 20
205.7440922222222
 30
0.0
 10
235.7199022222222
 20
205.13802
 30
0.0
 10
235.961555
 20
205.01102
 30
0.0
 10
237.1049077777778
 20
204.8462727777778
 30
0.0
 10
238.546005
 20
206.3533394444444
 30
0.0
 10
238.7040494444444
 20
207.5778311111111
 30
0.0
 10
238.7509688888889
 20
207.9337838888889
 30
0.0
 10
238.6737105555555
 20
208.1461561111111
 30
0.0
 10
238.4712161111111
 20
208.3775783333333
 30
0.0
  0
SPLINE
  5
ED
330
1F
100
AcDbEntity
  8
DEFAULT
 62
     1
100
AcDbSpline
210
0.0
220
0.0
230
1.0
 70
     8
 71
     3
 72
    26
 73
    22
 74
     0
 42
0.000000001
 43
0.0000000001
 40
0.0
 40
0.0
 40
0.0
 40
0.0
 40
1.0
 40
1.0
 40
1.0
 40
2.0
 40
2.0
 40
2.0
 40
3.0
 40
3.0
 40
3.0
 40
4.0
 40
4.0
 40
4.0
 40
5.0
 40
5.0
 40
5.0
 40
6.0
 40
6.0
 40
6.0
 40
7.0
 40
7.0
 40
7.0
 40
7.0
 10
243.4326827777778
 20
220.5236819444444
 30
0.0
 10
243.7773466666666
 20
220.9025652777777
 30
0.0
 10
243.321205
 20
220.9999319444444
 30
0.0
 10
241.467005
 20
220.5085125
 30
0.0
 10
237.3133994444444
 20
219.4138430555555
 30
0.0
 10
231.0357188888889
 20
222.2247763888889
 30
0.0
 10
229.9403438888889
 20
218.6253847222222
 30
0.0
 10
229.7907661111111
 20
217.3984236111111
 30
0.0
 10
228.5285272222222
 20
216.5701013888889
 30
0.0
 10
227.3784716666666
 20
216.7369652777777
 30
0.0
 10
225.9341994444444
 20
217.2530791666667
 30
0.0
 10
224.6892466666666
 20
216.1284236111111
 30
0.0
 10
224.2352216666666
 20
214.4128652777777
 30
0.0
 10
223.89338
 20
212.9534236111111
 30
0.0
 10
221.8208105555555
 20
212.1279236111111
 30
0.0
 10
221.4260522222222
 20
209.9569291666666
 30
0.0
 10
221.3212772222222
 20
208.9797347222222
 30
0.0
 10
219.4508494444444
 20
205.4223236111111
 30
0.0
 10
217.9293188888888
 20
203.4661708333333
 30
0.0
 10
217.1983633333333
 20
202.5263708333333
 30
0.0
 10
217.2287022222222
 20
201.6479541666667
 30
0.0
 10
217.6770827777777
 20
200.8644347222222
 30
0.0
  0
SPLINE
  5
EE
330
1F
100
AcDbEntity
  8
DEFAULT
 62
     1
100
AcDbSpline
210
0.0
220
0.0
230
1.0
 70
     8
 71
     3
 72
    32
 73
    28
 74
     0
 42
0.000000001
 43
0.0000000001
 40
0.0
 40
0.0
 40
0.0
 40
0.0
 40
1.0
 40
1.0
 40
1.0
 40
2.0
 40
2.0
 40
2.0
 40
3.0
 40
3.0
 40
3.0
 40
4.0
 40
4.0
 40
4.0
 40
5.0
 40
5.0
 40
5.0
 40
6.0
 40
6.0
 40
6.0
 40
7.0
 40
7.0
 40
7.0
 40
8.0
 40
8.0
 40
8.0
 40
9.0
 40
9.0
 40
9.0
 40
9.0
 10
280.4667647222222
 20
214.6904661111111
 30
0.0
 10
280.4480675
 20
215.5724105555556
 30
0.0
 10
280.0293202777777
 20
216.3294716666666
 30
0.0
 10
278.9501730555555
 20
216.7700911111111
 30
0.0
 10
276.6564119444444
 20
217.7063633333333
 30
0.0
 10
273.2665702777778
 20
219.8628938888889
 30
0.0
 10
272.6862508333334
 20
220.6566438888889
 30
0.0
 10
272.3853313888889
 20
221.0729216666666
 30
0.0
 10
272.8488813888889
 20
221.1177244444445
 30
0.0
 10
274.6364063888889
 20
220.4174605555556
 30
0.0
 10
278.6372591666666
 20
218.8595938888889
 30
0.0
 10
285.1975147222222
 20
220.9427466666666
 30
0.0
 10
285.8727313888888
 20
217.2406966666667
 30
0.0
 10
285.8864897222222
 20
216.0052688888889
 30
0.0
 10
287.0446591666666
 20
215.0375994444445
 30
0.0
 10
288.2052980555555
 20
215.0735827777778
 30
0.0
 10
289.6996647222222
 20
215.4249494444444
 30
0.0
 10
290.8080925
 20
214.1662383333333
 30
0.0
 10
291.0666786111111
 20
212.4104633333334
 30
0.0
 10
291.2416563888889
 20
210.9199772222222
 30
0.0
 10
293.2038063888889
 20
209.8658772222222
 30
0.0
 10
293.3487980555555
 20
207.6645438888889
 30
0.0
 10
293.3452702777777
 20
206.6792355555556
 30
0.0
 10
294.7997730555555
 20
202.9316772222222
 30
0.0
 10
296.0881175
 20
200.8185383333333
 30
0.0
 10
296.7379341666667
 20
199.7545605555556
 30
0.0
 10
296.5629563888888
 20
198.8479216666667
 30
0.0
 10
295.9657036111111
 20
198.0982688888889
 30
0.0
  0
SPLINE
  5
EF
330
1F
100
AcDbEntity
  8
DEFAULT
 62
     1
100
AcDbSpline
210
0.0
220
0.0
230
1.0
 70
     8
 71
     3
 72
    59
 73
    55
 74
     0
 42
0.000000001
 43
0.0000000001
 40
0.0
 40
0.0
 40
0.0
 40
0.0
 40
1.0
 40
1.0
 40
1.0
 40
2.0
 40
2.0
 40
2.0
 40
3.0
 40
3.0
 40
3.0
 40
4.0
 40
4.0
 40
4.0
 40
5.0
 40
5.0
 40
5.0
 40
6.0
 40
6.0
 40
6.0
 40
7.0
 40
7.0
 40
7.0
 40
8.0
 40
8.0
 40
8.0
 40
9.0
 40
9.0
 40
9.0
 40
14.67621881185005
 40
14.67621881185005
 40
14.67621881185005
 40
23.17787964959228
 40
23.17787964959228
 40
23.17787964959228
 40
28.83436495409006
 40
28.83436495409006
 40
28.83436495409006
 40
29.83436495409006
 40
29.83436495409006
 40
29.83436495409006
 40
30.83436495409006
 40
30.83436495409006
 40
30.83436495409006
 40
31.83436495409006
 40
31.83436495409006
 40
31.83436495409006
 40
32.83436495409006
 40
32.83436495409006
 40
32.83436495409006
 40
33.83436495409006
 40
33.83436495409006
 40
33.83436495409006
 40
34.83436495409006
 40
34.83436495409006
 40
34.83436495409006
 40
34.83436495409006
 10
295.7319883333333
 20
197.8363666666667
 30
0.0
 10
294.2051661111111
 20
196.2654472222222
 30
0.0
 10
290.8481327777777
 20
195.4614666666667
 30
0.0
 10
289.9711272222222
 20
195.4152527777778
 30
0.0
 10
289.3893966666666
 20
195.3937333333333
 30
0.0
 10
289.0002827777777
 20
195.42125
 30
0.0
 10
288.7148855555556
 20
195.3895
 30
0.0
 10
288.3317688888889
 20
195.3648055555556
 30
0.0
 10
288.0851772222222
 20
195.4311277777778
 30
0.0
 10
288.1567911111111
 20
196.0753
 30
0.0
 10
288.4654716666666
 20
198.9352694444445
 30
0.0
 10
288.0714188888888
 20
200.523475
 30
0.0
 10
290.21913
 20
200.6945722222222
 30
0.0
 10
292.3798938888889
 20
200.86955
 30
0.0
 10
289.2874438888888
 20
205.3025555555556
 30
0.0
 10
286.78378
 20
202.9089583333333
 30
0.0
 10
284.9461605555555
 20
201.1538888888889
 30
0.0
 10
286.2567299999999
 20
199.9565611111111
 30
0.0
 10
284.2458966666666
 20
199.8150972222222
 30
0.0
 10
283.6616966666666
 20
199.7766444444445
 30
0.0
 10
281.1763772222222
 20
200.8356833333333
 30
0.0
 10
281.1287522222222
 20
201.7479666666667
 30
0.0
 10
281.1439216666666
 20
201.9042472222222
 30
0.0
 10
281.5855994444444
 20
202.9516444444444
 30
0.0
 10
282.4689549999999
 20
203.901675
 30
0.0
 10
283.4094605555555
 20
204.9137944444444
 30
0.0
 10
283.9724938888888
 20
205.4500166666667
 30
0.0
 10
284.202505
 20
205.6973138888889
 30
0.0
 10
284.6568827777778
 20
206.1862638888889
 30
0.0
 10
285.1112605555555
 20
206.6752138888889
 30
0.0
 10
285.5656383333333
 20
207.1641638888889
 30
0.0
 10
284.833154074074
 20
207.8445546296296
 30
0.0
 10
284.1006698148148
 20
208.5249453703704
 30
0.0
 10
283.3681855555555
 20
209.2053361111111
 30
0.0
 10
282.9155716666667
 20
208.7179148148148
 30
0.0
 10
282.4629577777778
 20
208.2304935185185
 30
0.0
 10
282.0103438888889
 20
207.7430722222222
 30
0.0
 10
281.7757466666666
 20
207.4901305555556
 30
0.0
 10
281.2825633333333
 20
206.8907611111111
 30
0.0
 10
280.3413522222222
 20
205.8737027777778
 30
0.0
 10
279.5260827777777
 20
205.0009305555556
 30
0.0
 10
278.6021577777777
 20
204.4971638888889
 30
0.0
 10
278.3488633333333
 20
204.3966222222222
 30
0.0
 10
277.1917522222222
 20
204.3606388888889
 30
0.0
 10
275.9309244444444
 20
206.0232805555555
 30
0.0
 10
275.9136383333333
 20
207.2580027777778
 30
0.0
 10
275.907641111111
 20
207.6217166666667
 30
0.0
 10
276.0095938888888
 20
207.819625
 30
0.0
 10
276.234666111111
 20
208.0256472222222
 30
0.0
 10
276.4463327777777
 20
208.2239083333334
 30
0.0
 10
276.7782966666666
 20
208.4267555555556
 30
0.0
 10
277.2344383333333
 20
208.7897638888889
 30
0.0
 10
277.9375244444444
 20
209.3587944444444
 30
0.0
 10
280.2609188888889
 20
212.1302166666667
 30
0.0
 10
280.4517716666666
 20
214.3361361111111
 30
0.0
  0
SPLINE
  5
F0
330
1F
100
AcDbEntity
  8
DEFAULT
 62
     1
100
AcDbSpline
210
0.0
220
0.0
230
1.0
 70
     8
 71
     3
 72
    53
 73
    49
 74
     0
 42
0.000000001
 43
0.0000000001
 40
0.0
 40
0.0
 40
0.0
 40
0.0
 40
1.0
 40
1.0
 40
1.0
 40
2.0
 40
2.0
 40
2.0
 40
3.0
 40
3.0
 40
3.0
 40
4.0
 40
4.0
 40
4.0
 40
5.0
 40
5.0
 40
5.0
 40
6.0
 40
6.0
 40
6.0
 40
7.0
 40
7.0
 40
7.0
 40
8.0
 40
8.0
 40
8.0
 40
9.0
 40
9.0
 40
9.0
 40
14.66645727064099
 40
14.66645727064099
 40
14.66645727064099
 40
23.16013992305979
 40
23.16013992305979
 40
23.16013992305979
 40
28.82486983718635
 40
28.82486983718635
 40
28.82486983718635
 40
29.82486983718635
 40
29.82486983718635
 40
29.82486983718635
 40
30.82486983718635
 40
30.82486983718635
 40
30.82486983718635
 40
31.82486983718635
 40
31.82486983718635
 40
31.82486983718635
 40
32.82486983718636
 40
32.82486983718636
 40
32.82486983718636
 40
32.82486983718636
 10
298.4846075
 20
175.6409647222222
 30
0.0
 10
296.3224325
 20
175.2123397222222
 30
0.0
 10
293.0373658333333
 20
176.5959341666667
 30
0.0
 10
292.2891241666666
 20
177.0866480555555
 30
0.0
 10
291.8072297222222
 20
177.4186119444444
 30
0.0
 10
291.5116019444445
 20
177.6729647222222
 30
0.0
 10
291.2628936111111
 20
177.8147813888889
 30
0.0
 10
290.9411602777777
 20
178.0222147222222
 30
0.0
 10
290.7820575
 20
178.2173008333333
 30
0.0
 10
291.2230297222222
 20
178.6960202777778
 30
0.0
 10
293.1647186111111
 20
180.8148036111111
 30
0.0
 10
293.7908991666667
 20
182.3271619444444
 30
0.0
 10
295.6218158333333
 20
181.1908647222222
 30
0.0
 10
297.4647269444445
 20
180.0513925
 30
0.0
 10
297.6054852777778
 20
185.4538313888889
 30
0.0
 10
294.1694297222222
 20
185.0135647222222
 30
0.0
 10
291.6495380555555
 20
184.6918313888889
 30
0.0
 10
291.9927908333333
 20
182.9466397222222
 30
0.0
 10
290.2934602777777
 20
184.0282563888889
 30
0.0
 10
289.7981602777778
 20
184.3454036111111
 30
0.0
 10
288.4247963888889
 20
186.6702091666667
 30
0.0
 10
288.9299741666667
 20
187.4343258333333
 30
0.0
 10
289.0347491666666
 20
187.5507425
 30
0.0
 10
290.0122963888889
 20
188.1300036111111
 30
0.0
 10
291.2851186111111
 20
188.3713036111111
 30
0.0
 10
292.6419019444444
 20
188.6256563888889
 30
0.0
 10
293.4148380555555
 20
188.7247869444444
 30
0.0
 10
293.7475075
 20
188.7893452777778
 30
0.0
 10
294.4021454629629
 20
188.9136406481481
 30
0.0
 10
295.0567834259259
 20
189.0379360185185
 30
0.0
 10
295.7114213888889
 20
189.1622313888889
 30
0.0
 10
295.5259778703704
 20
190.1436591666667
 30
0.0
 10
295.3405343518518
 20
191.1250869444444
 30
0.0
 10
295.1550908333333
 20
192.1065147222222
 30
0.0
 10
294.500570462963
 20
191.9826897222222
 30
0.0
 10
293.8460500925926
 20
191.8588647222222
 30
0.0
 10
293.1915297222222
 20
191.7350397222222
 30
0.0
 10
292.8546269444445
 20
191.6722452777778
 30
0.0
 10
292.1035630555556
 20
191.4792758333333
 30
0.0
 10
290.7428991666666
 20
191.2210425
 30
0.0
 10
289.5688547222222
 20
191.0019675
 30
0.0
 10
288.5256908333333
 20
191.1430786111111
 30
0.0
 10
288.2614602777778
 20
191.2146925
 30
0.0
 10
287.3121352777778
 20
191.8722702777778
 30
0.0
 10
287.2817963888889
 20
193.9571869444444
 30
0.0
 10
287.9996991666666
 20
194.9618980555556
 30
0.0
 10
288.2085436111111
 20
195.2547036111111
 30
0.0
 10
288.4089213888889
 20
195.3573619444444
 30
0.0
 10
288.7151325
 20
195.3894647222222
 30
0.0
  0
SPLINE
  5
F1
330
1F
100
AcDbEntity
  8
DEFAULT
 62
     1
100
AcDbSpline
210
0.0
220
0.0
230
1.0
 70
     8
 71
     3
 72
    26
 73
    22
 74
     0
 42
0.000000001
 43
0.0000000001
 40
0.0
 40
0.0
 40
0.0
 40
0.0
 40
1.0
 40
1.0
 40
1.0
 40
2.0
 40
2.0
 40
2.0
 40
3.0
 40
3.0
 40
3.0
 40
4.0
 40
4.0
 40
4.0
 40
5.0
 40
5.0
 40
5.0
 40
6.0
 40
6.0
 40
6.0
 40
7.0
 40
7.0
 40
7.0
 40
7.0
 10
293.3486922222222
 20
207.6645086111111
 30
0.0
 10
293.3543366666666
 20
208.1770947222222
 30
0.0
 10
293.7543866666666
 20
207.9372058333333
 30
0.0
 10
294.7785005555555
 20
206.3154863888889
 30
0.0
 10
297.0754366666666
 20
202.6864613888889
 30
0.0
 10
303.5887727777778
 20
200.4724280555555
 30
0.0
 10
301.940595
 20
197.0899947222222
 30
0.0
 10
301.2152838888888
 20
196.0888113888889
 30
0.0
 10
301.57547
 20
194.6233725
 30
0.0
 10
302.5318505555555
 20
193.9626197222222
 30
0.0
 10
303.940845
 20
193.3576058333333
 30
0.0
 10
304.0876005555555
 20
191.6861447222222
 30
0.0
 10
303.2518699999999
 20
190.1201641666667
 30
0.0
 10
302.5092727777777
 20
188.8184141666667
 30
0.0
 10
303.4656533333333
 20
186.8022891666666
 30
0.0
 10
302.277145
 20
184.9435030555555
 30
0.0
 10
301.6880061111111
 20
184.1564558333333
 30
0.0
 10
300.6370811111111
 20
180.2773113888889
 30
0.0
 10
300.4201227777777
 20
177.8085725
 30
0.0
 10
300.3160533333333
 20
176.6221808333333
 30
0.0
 10
299.69587
 20
175.9991752777778
 30
0.0
 10
298.8340338888888
 20
175.7310641666667
 30
0.0
  0
POLYLINE
  5
F2
330
1F
100
AcDbEntity
  8
DEFAULT
 62
     1
100
AcDb2dPolyline
 66
     1
 10
0.0
 20
0.0
 30
0.0
  0
VERTEX
  5
F3
330
F2
100
AcDbEntity
  8
DEFAULT
 62
     1
100
AcDbVertex
100
AcDb2dVertex
 10
421.1077994444444
 20
104.8628769444444
 30
0.0
  0
VERTEX
  5
F4
330
F2
100
AcDbEntity
  8
DEFAULT
 62
     1
100
AcDbVertex
100
AcDb2dVertex
 10
211.4586688888889
 20
104.8628769444444
 30
0.0
  0
SEQEND
  5
F5
330
F2
100
AcDbEntity
  8
DEFAULT
 62
     1
  0
POLYLINE
  5
F6
330
1F
100
AcDbEntity
  8
DEFAULT
 62
     1
100
AcDb2dPolyline
 66
     1
 10
0.0
 20
0.0
 30
0.0
  0
VERTEX
  5
F7
330
F6
100
AcDbEntity
  8
DEFAULT
 62
     1
100
AcDbVertex
100
AcDb2dVertex
 10
206.2835247222222
 20
229.6895188888889
 30
0.0
  0
VERTEX
  5
F8
330
F6
100
AcDbEntity
  8
DEFAULT
 62
     1
100
AcDbVertex
100
AcDb2dVertex
 10
206.2835247222222
 20
110.0382327777778
 30
0.0
  0
SEQEND
  5
F9
330
F6
100
AcDbEntity
  8
DEFAULT
 62
     1
  0
POLYLINE
  5
FA
330
1F
100
AcDbEntity
  8
DEFAULT
 62
     1
100
AcDb2dPolyline
 66
     1
 10
0.0
 20
0.0
 30
0.0
  0
VERTEX
  5
FB
330
FA
100
AcDbEntity
  8
DEFAULT
 62
     1
100
AcDbVertex
100
AcDb2dVertex
 10
426.2830141666666
 20
110.0380916666666
 30
0.0
  0
VERTEX
  5
FC
330
FA
100
AcDbEntity
  8
DEFAULT
 62
     1
100
AcDbVertex
100
AcDb2dVertex
 10
426.2830141666666
 20
229.6893777777777
 30
0.0
  0
SEQEND
  5
FD
330
FA
100
AcDbEntity
  8
DEFAULT
 62
     1
  0
POLYLINE
  5
FE
330
1F
100
AcDbEntity
  8
DEFAULT
 62
     1
100
AcDb2dPolyline
 66
     1
 10
0.0
 20
0.0
 30
0.0
  0
VERTEX
  5
FF
330
FE
100
AcDbEntity
  8
DEFAULT
 62
     1
100
AcDbVertex
100
AcDb2dVertex
 10
421.1077994444444
 20
234.8656155555555
 30
0.0
  0
VERTEX
  5
100
330
FE
100
AcDbEntity
  8
DEFAULT
 62
     1
100
AcDbVertex
100
AcDb2dVertex
 10
211.4586688888889
 20
234.8656155555555
 30
0.0
  0
SEQEND
  5
101
330
FE
100
AcDbEntity
  8
DEFAULT
 62
     1
  0
SPLINE
  5
102
330
1F
100
AcDbEntity
  8
DEFAULT
 62
     1
100
AcDbSpline
210
0.0
220
0.0
230
1.0
 70
     8
 71
     3
 72
     8
 73
     4
 74
     0
 42
0.000000001
 43
0.0000000001
 40
0.0
 40
0.0
 40
0.0
 40
0.0
 40
1.0
 40
1.0
 40
1.0
 40
1.0
 10
206.2869819444444
 20
230.0388747222222
 30
0.0
 10
206.3751763888889
 20
232.6607191666667
 30
0.0
 10
208.4816125
 20
234.7699775
 30
0.0
 10
211.1059263888889
 20
234.8613469444444
 30
0.0
  0
SPLINE
  5
103
330
1F
100
AcDbEntity
  8
DEFAULT
 62
     1
100
AcDbSpline
210
0.0
220
0.0
230
1.0
 70
     8
 71
     3
 72
     8
 73
     4
 74
     0
 42
0.000000001
 43
0.0000000001
 40
0.0
 40
0.0
 40
0.0
 40
0.0
 40
1.0
 40
1.0
 40
1.0
 40
1.0
 10
211.1059616666667
 20
104.8670044444444
 30
0.0
 10
208.4848227777778
 20
104.9587266666667
 30
0.0
 10
206.3787394444444
 20
107.0676322222222
 30
0.0
 10
206.2870172222222
 20
109.6894766666667
 30
0.0
  0
SPLINE
  5
104
330
1F
100
AcDbEntity
  8
DEFAULT
 62
     1
100
AcDbSpline
210
0.0
220
0.0
230
1.0
 70
     8
 71
     3
 72
     8
 73
     4
 74
     0
 42
0.000000001
 43
0.0000000001
 40
0.0
 40
0.0
 40
0.0
 40
0.0
 40
1.0
 40
1.0
 40
1.0
 40
1.0
 10
421.4564497222221
 20
104.8670044444444
 30
0.0
 10
424.0782941666666
 20
104.9551988888889
 30
0.0
 10
426.1871997222222
 20
107.0644572222222
 30
0.0
 10
426.2789219444444
 20
109.6894766666667
 30
0.0
  0
SPLINE
  5
105
330
1F
100
AcDbEntity
  8
DEFAULT
 62
     1
100
AcDbSpline
210
0.0
220
0.0
230
1.0
 70
     8
 71
     3
 72
     8
 73
     4
 74
     0
 42
0.000000001
 43
0.0000000001
 40
0.0
 40
0.0
 40
0.0
 40
0.0
 40
1.0
 40
1.0
 40
1.0
 40
1.0
 10
426.2788866666666
 20
230.0388747222222
 30
0.0
 10
426.1906922222222
 20
232.6607191666667
 30
0.0
 10
424.0782588888889
 20
234.7731525
 30
0.0
 10
421.4564144444444
 20
234.8613469444444
 30
0.0
  0
SPLINE
  5
106
330
1F
100
AcDbEntity
  8
DEFAULT
 62
     1
100
AcDbSpline
210
0.0
220
0.0
230
1.0
 70
     8
 71
     3
 72
    20
 73
    16
 74
     0
 42
0.000000001
 43
0.0000000001
 40
0.0
 40
0.0
 40
0.0
 40
0.0
 40
1.0
 40
1.0
 40
1.0
 40
2.0
 40
2.0
 40
2.0
 40
3.0
 40
3.0
 40
3.0
 40
11.5
 40
11.5
 40
11.5
 40
15.25900000000001
 40
15.25900000000001
 40
15.25900000000001
 40
15.25900000000001
 10
363.1113444444444
 20
304.2395066666666
 30
0.0
 10
363.0090388888888
 20
304.50409
 30
0.0
 10
362.2682055555555
 20
304.9450622222222
 30
0.0
 10
361.7531499999999
 20
305.2840816666666
 30
0.0
 10
361.7531499999999
 20
305.3405261111111
 30
0.0
 10
360.6348444444444
 20
305.7850261111111
 30
0.0
 10
359.2554833333333
 20
305.7850261111111
 30
0.0
 10
357.8725944444444
 20
305.7850261111111
 30
0.0
 10
357.1000111111111
 20
305.7356372222222
 30
0.0
 10
356.7542888888888
 20
305.7356372222222
 30
0.0
 10
355.7547518518518
 20
305.7356372222222
 30
0.0
 10
354.7552148148147
 20
305.7356372222222
 30
0.0
 10
353.7556777777777
 20
305.7356372222222
 30
0.0
 10
353.7556777777777
 20
306.1776677777777
 30
0.0
 10
353.7556777777777
 20
306.6196983333332
 30
0.0
 10
353.7556777777777
 20
307.0617288888889
 30
0.0
  0
SPLINE
  5
107
330
1F
100
AcDbEntity
  8
DEFAULT
 62
     1
100
AcDbSpline
210
0.0
220
0.0
230
1.0
 70
     8
 71
     3
 72
    20
 73
    16
 74
     0
 42
0.000000001
 43
0.0000000001
 40
0.0
 40
0.0
 40
0.0
 40
0.0
 40
3.75
 40
3.75
 40
3.75
 40
12.25
 40
12.25
 40
12.25
 40
13.25
 40
13.25
 40
13.25
 40
14.25
 40
14.25
 40
14.25
 40
15.25
 40
15.25
 40
15.25
 40
15.25
 10
353.7558541666667
 20
307.4112258333333
 30
0.0
 10
353.7558541666667
 20
307.8521980555554
 30
0.0
 10
353.7558541666667
 20
308.2931702777777
 30
0.0
 10
353.7558541666667
 20
308.7341425
 30
0.0
 10
354.7553912037037
 20
308.7341425
 30
0.0
 10
355.7549282407406
 20
308.7341425
 30
0.0
 10
356.7544652777777
 20
308.7341425
 30
0.0
 10
357.0998347222222
 20
308.7341425
 30
0.0
 10
357.8727708333333
 20
308.6844008333333
 30
0.0
 10
359.2556597222222
 20
308.6844008333333
 30
0.0
 10
360.6350208333333
 20
308.6844008333333
 30
0.0
 10
361.7533263888889
 20
309.1363091666666
 30
0.0
 10
361.7533263888889
 20
309.1853452777777
 30
0.0
 10
362.2683819444445
 20
309.5278925
 30
0.0
 10
363.0088625
 20
309.9688647222222
 30
0.0
 10
363.1115208333333
 20
310.2299202777778
 30
0.0
  0
SPLINE
  5
108
330
1F
100
AcDbEntity
  8
DEFAULT
 62
     1
100
AcDbSpline
210
0.0
220
0.0
230
1.0
 70
     8
 71
     3
 72
    59
 73
    55
 74
     0
 42
0.000000001
 43
0.0000000001
 40
0.0
 40
0.0
 40
0.0
 40
0.0
 40
3.75
 40
3.75
 40
3.75
 40
12.25
 40
12.25
 40
12.25
 40
13.25
 40
13.25
 40
13.25
 40
14.25
 40
14.25
 40
14.25
 40
15.25
 40
15.25
 40
15.25
 40
16.25
 40
16.25
 40
16.25
 40
17.25
 40
17.25
 40
17.25
 40
18.25
 40
18.25
 40
18.25
 40
19.25
 40
19.25
 40
19.25
 40
20.25
 40
20.25
 40
20.25
 40
28.74631684908235
 40
28.74631684908235
 40
28.74631684908235
 40
37.24315514341274
 40
37.24315514341274
 40
37.24315514341274
 40
45.73947199249508
 40
45.73947199249508
 40
45.73947199249508
 40
46.73947199249508
 40
46.73947199249508
 40
46.73947199249508
 40
47.73947199249508
 40
47.73947199249508
 40
47.73947199249508
 40
48.73947199249508
 40
48.73947199249508
 40
48.73947199249508
 40
49.73947199249508
 40
49.73947199249508
 40
49.73947199249508
 40
50.73947199249508
 40
50.73947199249508
 40
50.73947199249508
 40
50.73947199249508
 10
337.7571702777778
 20
307.4112258333333
 30
0.0
 10
337.7571702777778
 20
307.8521980555554
 30
0.0
 10
337.7571702777778
 20
308.2931702777777
 30
0.0
 10
337.7571702777778
 20
308.7341425
 30
0.0
 10
336.7576332407407
 20
308.7341425
 30
0.0
 10
335.7580962037037
 20
308.7341425
 30
0.0
 10
334.7585591666667
 20
308.7341425
 30
0.0
 10
334.4131897222222
 20
308.7341425
 30
0.0
 10
333.6402536111111
 20
308.6844008333333
 30
0.0
 10
332.2573647222222
 20
308.6844008333333
 30
0.0
 10
330.8709480555556
 20
308.6844008333333
 30
0.0
 10
329.7529952777778
 20
309.1296063888888
 30
0.0
 10
329.7529952777778
 20
309.1853452777777
 30
0.0
 10
328.0737730555555
 20
309.7956508333333
 30
0.0
 10
333.0511147222222
 20
311.7327536111111
 30
0.0
 10
331.0473369444445
 20
313.4966425
 30
0.0
 10
328.8957452777777
 20
315.3981147222221
 30
0.0
 10
325.9571063888889
 20
314.3048563888889
 30
0.0
 10
329.5766063888889
 20
315.8673091666666
 30
0.0
 10
333.2031619444444
 20
317.4301147222222
 30
0.0
 10
335.3939119444444
 20
311.6974758333333
 30
0.0
 10
337.9515508333333
 20
311.6974758333333
 30
0.0
 10
345.1937258333334
 20
311.6974758333333
 30
0.0
 10
333.5167813888889
 20
317.0773369444444
 30
0.0
 10
338.1279397222222
 20
317.3034675
 30
0.0
 10
338.1596897222222
 20
317.352503611111
 30
0.0
 10
339.3485508333333
 20
317.1478925
 30
0.0
 10
340.5233008333333
 20
316.4282258333333
 30
0.0
 10
341.7015786111111
 20
315.7082063888889
 30
0.0
 10
342.3432813888889
 20
315.2605313888889
 30
0.0
 10
342.6360869444445
 20
315.0806147222222
 30
0.0
 10
343.4886332407407
 20
314.559679537037
 30
0.0
 10
344.3411795370371
 20
314.0387443518518
 30
0.0
 10
345.1937258333334
 20
313.5178091666666
 30
0.0
 10
345.7147786111111
 20
314.3703554629629
 30
0.0
 10
346.2358313888888
 20
315.2229017592592
 30
0.0
 10
346.7568841666666
 20
316.0754480555555
 30
0.0
 10
345.9043378703703
 20
316.5963832407407
 30
0.0
 10
345.0517915740741
 20
317.1173184259259
 30
0.0
 10
344.1992452777778
 20
317.6382536111111
 30
0.0
 10
343.9064397222222
 20
317.8181702777777
 30
0.0
 10
343.2149952777777
 20
318.1811786111111
 30
0.0
 10
342.0402452777777
 20
318.9011980555555
 30
0.0
 10
340.8619675
 20
319.6247452777777
 30
0.0
 10
340.5233008333333
 20
319.9630591666667
 30
0.0
 10
340.1281897222222
 20
320.5906508333333
 30
0.0
 10
339.8985313888889
 20
320.9508369444444
 30
0.0
 10
339.7930508333333
 20
321.1875508333333
 30
0.0
 10
339.8600786111111
 20
321.8680591666666
 30
0.0
 10
339.8636063888889
 20
321.8895786111111
 30
0.0
 10
339.8667813888889
 20
321.9103924999999
 30
0.0
 10
339.8667813888889
 20
321.9315591666666
 30
0.0
 10
339.8703091666666
 20
321.9562536111111
 30
0.0
 10
339.8738369444444
 20
321.9844758333333
 30
0.0
 10
339.8777175
 20
322.0126980555555
 30
0.0
  0
SPLINE
  5
109
330
1F
100
AcDbEntity
  8
DEFAULT
 62
     1
100
AcDbSpline
210
0.0
220
0.0
230
1.0
 70
     8
 71
     3
 72
    56
 73
    52
 74
     0
 42
0.000000001
 43
0.0000000001
 40
0.0
 40
0.0
 40
0.0
 40
0.0
 40
1.0
 40
1.0
 40
1.0
 40
2.0
 40
2.0
 40
2.0
 40
3.0
 40
3.0
 40
3.0
 40
4.0
 40
4.0
 40
4.0
 40
12.49631684908235
 40
12.49631684908235
 40
12.49631684908235
 40
20.99315514341279
 40
20.99315514341279
 40
20.99315514341279
 40
29.48947199249514
 40
29.48947199249514
 40
29.48947199249514
 40
30.48947199249514
 40
30.48947199249514
 40
30.48947199249514
 40
31.48947199249514
 40
31.48947199249514
 40
31.48947199249514
 40
32.48947199249514
 40
32.48947199249514
 40
32.48947199249514
 40
33.48947199249514
 40
33.48947199249514
 40
33.48947199249514
 40
34.48947199249514
 40
34.48947199249514
 40
34.48947199249514
 40
35.48947199249514
 40
35.48947199249514
 40
35.48947199249514
 40
36.48947199249514
 40
36.48947199249514
 40
36.48947199249514
 40
37.48947199249514
 40
37.48947199249514
 40
37.48947199249514
 40
45.98947199249514
 40
45.98947199249514
 40
45.98947199249514
 40
49.74847199249515
 40
49.74847199249515
 40
49.74847199249515
 40
49.74847199249515
 10
339.8776116666666
 20
292.4565877777778
 30
0.0
 10
339.8702033333333
 20
292.5063294444444
 30
0.0
 10
339.8670283333333
 20
292.5557183333333
 30
0.0
 10
339.8599727777777
 20
292.6012266666667
 30
0.0
 10
339.792945
 20
293.2820877777777
 30
0.0
 10
339.8987783333333
 20
293.5223294444444
 30
0.0
 10
340.1280838888889
 20
293.878635
 30
0.0
 10
340.523195
 20
294.5101072222222
 30
0.0
 10
340.8618616666666
 20
294.8452461111111
 30
0.0
 10
342.0401394444444
 20
295.5684405555555
 30
0.0
 10
343.2148894444444
 20
296.2881072222222
 30
0.0
 10
343.9063338888888
 20
296.6514683333333
 30
0.0
 10
344.1991394444444
 20
296.8310322222222
 30
0.0
 10
345.0516857407408
 20
297.3519674074074
 30
0.0
 10
345.904232037037
 20
297.8729025925926
 30
0.0
 10
346.7567783333333
 20
298.3938377777778
 30
0.0
 10
346.2357255555555
 20
299.2463840740741
 30
0.0
 10
345.7146727777777
 20
300.0989303703704
 30
0.0
 10
345.19362
 20
300.9514766666667
 30
0.0
 10
344.3410737037037
 20
300.4305414814814
 30
0.0
 10
343.4885274074074
 20
299.9096062962963
 30
0.0
 10
342.6359811111111
 20
299.3886711111111
 30
0.0
 10
342.3431755555555
 20
299.2091072222222
 30
0.0
 10
341.7014727777777
 20
298.7610794444444
 30
0.0
 10
340.523195
 20
298.04106
 30
0.0
 10
339.348445
 20
297.3220988888889
 30
0.0
 10
338.1595838888888
 20
297.117135
 30
0.0
 10
338.1278338888889
 20
297.1668766666666
 30
0.0
 10
333.5170283333333
 20
297.3923016666666
 30
0.0
 10
345.19362
 20
302.7721627777777
 30
0.0
 10
337.9514449999999
 20
302.7721627777777
 30
0.0
 10
335.3938061111111
 20
302.7721627777777
 30
0.0
 10
333.2030561111111
 20
297.0395238888889
 30
0.0
 10
329.5765005555555
 20
298.6019766666666
 30
0.0
 10
325.9570005555555
 20
300.1654877777777
 30
0.0
 10
328.8956394444444
 20
299.0711711111111
 30
0.0
 10
331.0475838888889
 20
300.9729961111111
 30
0.0
 10
333.0510088888889
 20
302.736885
 30
0.0
 10
328.0736672222222
 20
304.673635
 30
0.0
 10
329.7528894444444
 20
305.2839405555555
 30
0.0
 10
329.7528894444444
 20
305.3329766666666
 30
0.0
 10
330.871195
 20
305.784885
 30
0.0
 10
332.2572588888888
 20
305.784885
 30
0.0
 10
333.6401477777777
 20
305.784885
 30
0.0
 10
334.4130838888888
 20
305.7354961111111
 30
0.0
 10
334.7584533333333
 20
305.7354961111111
 30
0.0
 10
335.7579903703704
 20
305.7354961111111
 30
0.0
 10
336.7575274074074
 20
305.7354961111111
 30
0.0
 10
337.7570644444444
 20
305.7354961111111
 30
0.0
 10
337.7570644444444
 20
306.1775266666667
 30
0.0
 10
337.7570644444444
 20
306.6195572222222
 30
0.0
 10
337.7570644444444
 20
307.0615877777777
 30
0.0
  0
SPLINE
  5
10A
330
1F
100
AcDbEntity
  8
DEFAULT
 62
     1
100
AcDbSpline
210
0.0
220
0.0
230
1.0
 70
     8
 71
     3
 72
    29
 73
    25
 74
     0
 42
0.000000001
 43
0.0000000001
 40
0.0
 40
0.0
 40
0.0
 40
0.0
 40
3.700124457366265
 40
3.700124457366265
 40
3.700124457366265
 40
11.15108150998716
 40
11.15108150998716
 40
11.15108150998716
 40
12.15108150998716
 40
12.15108150998716
 40
12.15108150998716
 40
13.15108150998716
 40
13.15108150998716
 40
13.15108150998716
 40
14.15108150998716
 40
14.15108150998716
 40
14.15108150998716
 40
15.15108150998716
 40
15.15108150998716
 40
15.15108150998716
 40
16.15108150998716
 40
16.15108150998716
 40
16.15108150998716
 40
17.15108150998716
 40
17.15108150998716
 40
17.15108150998716
 40
17.15108150998716
 10
355.1738444444444
 20
322.3620891666666
 30
0.0
 10
355.0468444444444
 20
322.7782493518519
 30
0.0
 10
354.9198444444444
 20
323.194409537037
 30
0.0
 10
354.7928444444444
 20
323.6105697222222
 30
0.0
 10
355.6313972222222
 20
323.8645697222221
 30
0.0
 10
356.46995
 20
324.1185697222222
 30
0.0
 10
357.3085027777778
 20
324.3725697222222
 30
0.0
 10
357.5939
 20
324.4607641666666
 30
0.0
 10
358.2571222222222
 20
324.6092836111111
 30
0.0
 10
359.4177611111111
 20
324.9620613888889
 30
0.0
 10
360.5642888888889
 20
325.3109586111111
 30
0.0
 10
361.3615666666666
 20
326.0133391666666
 30
0.0
 10
361.3615666666666
 20
326.0733113888888
 30
0.0
 10
361.6720111111111
 20
326.4613669444444
 30
0.0
 10
361.9895111111111
 20
327.1983197222222
 30
0.0
 10
362.0604194444444
 20
327.6145974999999
 30
0.0
 10
361.9930388888889
 20
328.4757280555555
 30
0.0
 10
360.4760944444444
 20
328.9869030555555
 30
0.0
 10
359.2695944444444
 20
329.4176447222222
 30
0.0
 10
357.2481777777778
 20
330.1302558333333
 30
0.0
 10
355.8550583333333
 20
333.8411252777777
 30
0.0
 10
354.5003916666666
 20
331.7424502777777
 30
0.0
 10
354.4965111111111
 20
331.7389224999999
 30
0.0
 10
354.4929833333333
 20
331.7315141666666
 30
0.0
 10
354.4898083333333
 20
331.7244586111111
 30
0.0
  0
SPLINE
  5
10B
330
1F
100
AcDbEntity
  8
DEFAULT
 62
     1
100
AcDbSpline
210
0.0
220
0.0
230
1.0
 70
     8
 71
     3
 72
    26
 73
    22
 74
     0
 42
0.000000001
 43
0.0000000001
 40
0.0
 40
0.0
 40
0.0
 40
0.0
 40
0.0499999999999545
 40
0.0499999999999545
 40
0.0499999999999545
 40
1.049999999999955
 40
1.049999999999955
 40
1.049999999999955
 40
2.049999999999955
 40
2.049999999999955
 40
2.049999999999955
 40
3.049999999999955
 40
3.049999999999955
 40
3.049999999999955
 40
4.049999999999955
 40
4.049999999999955
 40
4.049999999999955
 40
11.49080674389536
 40
11.49080674389536
 40
11.49080674389536
 40
15.29242758243254
 40
15.29242758243254
 40
15.29242758243254
 40
15.29242758243254
 10
364.3426094444445
 20
316.4916552777777
 30
0.0
 10
364.3473131481482
 20
316.4916552777777
 30
0.0
 10
364.3520168518519
 20
316.4916552777777
 30
0.0
 10
364.3602483333333
 20
316.4916552777777
 30
0.0
 10
366.7453788888889
 20
316.5096469444445
 30
0.0
 10
364.6812761111111
 20
320.1813580555555
 30
0.0
 10
363.7428872222222
 20
321.4658219444444
 30
0.0
 10
363.3124983333333
 20
322.0549608333333
 30
0.0
 10
363.0412122222222
 20
322.2207663888889
 30
0.0
 10
362.4658316666667
 20
322.3544691666667
 30
0.0
 10
362.2823872222223
 20
322.3971552777778
 30
0.0
 10
361.3122483333333
 20
322.5068691666667
 30
0.0
 10
360.2609705555556
 20
322.1823136111111
 30
0.0
 10
359.0968038888889
 20
321.8330636111111
 30
0.0
 10
358.4653316666667
 20
321.5889413888888
 30
0.0
 10
358.1764066666667
 20
321.5042747222222
 30
0.0
 10
357.3390298148149
 20
321.2505099074074
 30
0.0
 10
356.501652962963
 20
320.9967450925926
 30
0.0
 10
355.6642761111111
 20
320.7429802777777
 30
0.0
 10
355.5349242592592
 20
321.1708997222222
 30
0.0
 10
355.4055724074074
 20
321.5988191666666
 30
0.0
 10
355.2762205555555
 20
322.0267386111111
 30
0.0
  0
SPLINE
  5
10C
330
1F
100
AcDbEntity
  8
DEFAULT
 62
     1
100
AcDbSpline
210
0.0
220
0.0
230
1.0
 70
     8
 71
     3
 72
    59
 73
    55
 74
     0
 42
0.000000001
 43
0.0000000001
 40
0.0
 40
0.0
 40
0.0
 40
0.0
 40
1.0
 40
1.0
 40
1.0
 40
2.0
 40
2.0
 40
2.0
 40
3.0
 40
3.0
 40
3.0
 40
4.0
 40
4.0
 40
4.0
 40
9.665403780843912
 40
9.665403780843912
 40
9.665403780843912
 40
18.16259872976676
 40
18.16259872976676
 40
18.16259872976676
 40
23.83900974377905
 40
23.83900974377905
 40
23.83900974377905
 40
24.83900974377905
 40
24.83900974377905
 40
24.83900974377905
 40
25.83900974377905
 40
25.83900974377905
 40
25.83900974377905
 40
26.83900974377905
 40
26.83900974377905
 40
26.83900974377905
 40
27.83900974377905
 40
27.83900974377905
 40
27.83900974377905
 40
28.83900974377905
 40
28.83900974377905
 40
28.83900974377905
 40
29.83900974377905
 40
29.83900974377905
 40
29.83900974377905
 40
30.83900974377905
 40
30.83900974377905
 40
30.83900974377905
 40
31.83900974377905
 40
31.83900974377905
 40
31.83900974377905
 40
32.83900974377905
 40
32.83900974377905
 40
32.83900974377905
 40
33.83900974377905
 40
33.83900974377905
 40
33.83900974377905
 40
34.83900974377905
 40
34.83900974377905
 40
34.83900974377905
 40
34.83900974377905
 10
339.2705869444444
 20
330.3597025
 30
0.0
 10
345.4124480555555
 20
333.3787747222222
 30
0.0
 10
334.5363091666667
 20
336.3283497222222
 30
0.0
 10
337.6269952777778
 20
339.1540997222222
 30
0.0
 10
340.7487258333333
 20
342.0013691666667
 30
0.0
 10
340.1031425
 20
345.8671080555555
 30
0.0
 10
342.0928091666667
 20
343.4971469444444
 30
0.0
 10
342.1492536111111
 20
343.4971469444444
 30
0.0
 10
342.7771980555556
 20
342.4807941666667
 30
0.0
 10
343.0170869444444
 20
341.1261275
 30
0.0
 10
343.2573286111111
 20
339.7605247222222
 30
0.0
 10
343.3416425
 20
338.9879413888889
 30
0.0
 10
343.4016147222222
 20
338.6531552777778
 30
0.0
 10
343.516855462963
 20
337.9969886111111
 30
0.0
 10
343.6320962037037
 20
337.3408219444444
 30
0.0
 10
343.7473369444444
 20
336.6846552777778
 30
0.0
 10
344.731704537037
 20
336.8562228703703
 30
0.0
 10
345.7160721296296
 20
337.027790462963
 30
0.0
 10
346.7004397222222
 20
337.1993580555555
 30
0.0
 10
346.5850813888889
 20
337.8568182407407
 30
0.0
 10
346.4697230555556
 20
338.514278425926
 30
0.0
 10
346.3543647222222
 20
339.1717386111111
 30
0.0
 10
346.2943925
 20
339.5068775
 30
0.0
 10
346.1144758333333
 20
340.2657025
 30
0.0
 10
345.8749397222222
 20
341.6270719444444
 30
0.0
 10
345.6385786111111
 20
342.9887941666667
 30
0.0
 10
345.8816425
 20
344.1667191666667
 30
0.0
 10
345.9380869444444
 20
344.1744802777778
 30
0.0
 10
347.3036897222222
 20
347.9985913888889
 30
0.0
 10
346.8694202777777
 20
342.4878497222222
 30
0.0
 10
349.0601702777777
 20
345.0631275
 30
0.0
 10
351.2509202777778
 20
347.6384052777778
 30
0.0
 10
350.4218925
 20
345.0521913888889
 30
0.0
 10
353.5901897222222
 20
343.9303580555555
 30
0.0
 10
356.7546063888889
 20
342.8088775
 30
0.0
 10
348.7253841666666
 20
341.8602580555556
 30
0.0
 10
353.2409397222222
 20
336.6948858333333
 30
0.0
 10
354.3200869444444
 20
335.4601636111111
 30
0.0
 10
354.7716425
 20
334.3739608333333
 30
0.0
 10
354.8284397222222
 20
333.4214608333333
 30
0.0
 10
354.8598369444445
 20
332.8076275
 30
0.0
 10
354.7293091666667
 20
332.2502386111111
 30
0.0
 10
354.5003563888889
 20
331.7422386111111
 30
0.0
 10
354.4964758333333
 20
331.7390636111111
 30
0.0
 10
354.4929480555555
 20
331.7313025
 30
0.0
 10
354.4897730555555
 20
331.7245997222222
 30
0.0
 10
353.6960230555555
 20
329.9818775
 30
0.0
 10
351.7134119444444
 20
328.8318219444444
 30
0.0
 10
351.1133369444444
 20
328.0980441666667
 30
0.0
 10
350.0659397222222
 20
326.8139330555555
 30
0.0
 10
350.4501147222222
 20
326.5387663888889
 30
0.0
 10
347.7619480555555
 20
327.1914052777778
 30
0.0
 10
345.1094119444444
 20
327.8373413888889
 30
0.0
 10
346.6189480555556
 20
324.9798413888889
 30
0.0
 10
342.1989952777778
 20
323.9529052777777
 30
0.0
  0
SPLINE
  5
10D
330
1F
100
AcDbEntity
  8
DEFAULT
 62
     1
100
AcDbSpline
210
0.0
220
0.0
230
1.0
 70
     8
 71
     3
 72
    29
 73
    25
 74
     0
 42
0.000000001
 43
0.0000000001
 40
0.0
 40
0.0
 40
0.0
 40
0.0
 40
1.0
 40
1.0
 40
1.0
 40
2.0
 40
2.0
 40
2.0
 40
3.0
 40
3.0
 40
3.0
 40
4.0
 40
4.0
 40
4.0
 40
5.0
 40
5.0
 40
5.0
 40
6.0
 40
6.0
 40
6.0
 40
7.0
 40
7.0
 40
7.0
 40
8.0
 40
8.0
 40
8.0
 40
8.0
 10
341.8496041666667
 20
323.8751883333333
 30
0.0
 10
340.0045763888889
 20
323.4377438888889
 30
0.0
 10
339.9481319444444
 20
322.6337633333333
 30
0.0
 10
339.8775763888889
 20
322.0128744444444
 30
0.0
 10
339.8736958333333
 20
321.9846522222222
 30
0.0
 10
339.8705208333333
 20
321.95643
 30
0.0
 10
339.8669930555556
 20
321.9313827777777
 30
0.0
 10
339.8669930555556
 20
321.9102161111111
 30
0.0
 10
339.8634652777778
 20
321.8894022222222
 30
0.0
 10
339.8599375
 20
321.8682355555555
 30
0.0
 10
339.7505763888889
 20
321.1242272222222
 30
0.0
 10
339.3907430555555
 20
320.7319383333333
 30
0.0
 10
335.1538819444444
 20
321.7902716666667
 30
0.0
 10
327.1952152777778
 20
323.7767633333333
 30
0.0
 10
333.7000847222222
 20
322.1575133333333
 30
0.0
 10
327.3433819444444
 20
326.912605
 30
0.0
 10
320.9863263888889
 20
331.6680494444444
 30
0.0
 10
325.9530847222222
 20
331.1706327777778
 30
0.0
 10
328.7192152777778
 20
332.0490494444444
 30
0.0
 10
331.4849930555555
 20
332.9274661111111
 30
0.0
 10
333.4605486111111
 20
335.0194383333333
 30
0.0
 10
331.2345208333333
 20
330.849605
 30
0.0
 10
329.0296597222222
 20
326.7118744444444
 30
0.0
 10
332.5433263888889
 20
327.2230494444444
 30
0.0
 10
338.9356597222222
 20
330.2004938888888
 30
0.0
  0
SPLINE
  5
10E
330
1F
100
AcDbEntity
  8
DEFAULT
 62
     1
100
AcDbSpline
210
0.0
220
0.0
230
1.0
 70
     8
 71
     3
 72
     8
 73
     4
 74
     0
 42
0.000000001
 43
0.0000000001
 40
0.0
 40
0.0
 40
0.0
 40
0.0
 40
1.0
 40
1.0
 40
1.0
 40
1.0
 10
361.3191980555555
 20
324.1466508333333
 30
0.0
 10
361.2698091666666
 20
324.7569563888889
 30
0.0
 10
361.4320869444444
 20
325.3781980555555
 30
0.0
 10
361.3615313888888
 20
326.0731702777778
 30
0.0
  0
SPLINE
  5
10F
330
1F
100
AcDbEntity
  8
DEFAULT
 62
     1
100
AcDbSpline
210
0.0
220
0.0
230
1.0
 70
     8
 71
     3
 72
     8
 73
     4
 74
     0
 42
0.000000001
 43
0.0000000001
 40
0.0
 40
0.0
 40
0.0
 40
0.0
 40
1.0
 40
1.0
 40
1.0
 40
1.0
 10
361.3757130555555
 20
323.7938730555555
 30
0.0
 10
361.4921297222222
 20
323.3246786111111
 30
0.0
 10
361.7884630555556
 20
322.8554841666667
 30
0.0
 10
362.4657963888889
 20
322.3545397222222
 30
0.0
  0
SPLINE
  5
110
330
1F
100
AcDbEntity
  8
DEFAULT
 62
     1
100
AcDbSpline
210
0.0
220
0.0
230
1.0
 70
     8
 71
     3
 72
    47
 73
    43
 74
     0
 42
0.000000001
 43
0.0000000001
 40
0.0
 40
0.0
 40
0.0
 40
0.0
 40
1.0
 40
1.0
 40
1.0
 40
2.0
 40
2.0
 40
2.0
 40
3.0
 40
3.0
 40
3.0
 40
4.0
 40
4.0
 40
4.0
 40
5.0
 40
5.0
 40
5.0
 40
6.0
 40
6.0
 40
6.0
 40
7.0
 40
7.0
 40
7.0
 40
15.5
 40
15.5
 40
15.5
 40
24.0
 40
24.0
 40
24.0
 40
32.5
 40
32.5
 40
32.5
 40
33.5
 40
33.5
 40
33.5
 40
34.5
 40
34.5
 40
34.5
 40
35.5
 40
35.5
 40
35.5
 40
36.5
 40
36.5
 40
36.5
 40
36.5
 10
360.0565711111111
 20
338.5257672222222
 30
0.0
 10
361.2733016666666
 20
340.2621394444444
 30
0.0
 10
360.3737183333333
 20
344.7240727777777
 30
0.0
 10
364.7908488888888
 20
346.3366199999999
 30
0.0
 10
376.39371
 20
350.5699533333333
 30
0.0
 10
375.15546
 20
355.2442588888889
 30
0.0
 10
375.15546
 20
346.6893977777777
 30
0.0
 10
375.15546
 20
339.4539255555555
 30
0.0
 10
370.2091627777777
 20
349.3983783333333
 30
0.0
 10
370.0684044444444
 20
343.2247672222222
 30
0.0
 10
370.0363016666666
 20
341.7367505555555
 30
0.0
 10
363.9089044444444
 20
343.0663699999999
 30
0.0
 10
367.0133488888888
 20
340.4205366666666
 30
0.0
 10
368.4703211111111
 20
339.1822866666666
 30
0.0
 10
379.4664044444444
 20
337.1361755555556
 30
0.0
 10
375.8327933333333
 20
335.0794811111111
 30
0.0
 10
375.8327933333333
 20
335.0226838888889
 30
0.0
 10
374.7144877777778
 20
334.5785366666667
 30
0.0
 10
373.3315988888888
 20
334.5785366666667
 30
0.0
 10
371.9487099999999
 20
334.5785366666667
 30
0.0
 10
371.1725988888889
 20
334.6282783333333
 30
0.0
 10
370.8300516666666
 20
334.6282783333333
 30
0.0
 10
369.8305146296296
 20
334.6282783333333
 30
0.0
 10
368.8309775925925
 20
334.6282783333333
 30
0.0
 10
367.8314405555556
 20
334.6282783333333
 30
0.0
 10
367.8314405555555
 20
333.6287412962963
 30
0.0
 10
367.8314405555555
 20
332.6292042592592
 30
0.0
 10
367.8314405555556
 20
331.6296672222222
 30
0.0
 10
368.8309775925925
 20
331.6296672222222
 30
0.0
 10
369.8305146296296
 20
331.6296672222222
 30
0.0
 10
370.8300516666666
 20
331.6296672222222
 30
0.0
 10
371.1725988888889
 20
331.6296672222222
 30
0.0
 10
371.9522377777777
 20
331.6790561111111
 30
0.0
 10
373.3315988888888
 20
331.6790561111111
 30
0.0
 10
374.7144877777778
 20
331.6790561111111
 30
0.0
 10
375.8327933333333
 20
331.2271477777778
 30
0.0
 10
375.8327933333333
 20
331.1738783333333
 30
0.0
 10
380.5952933333332
 20
327.3148422222222
 30
0.0
 10
362.3108211111111
 20
327.8902227777778
 30
0.0
 10
369.4894961111111
 20
324.1645366666666
 30
0.0
 10
372.4598849999999
 20
322.6190172222222
 30
0.0
 10
373.8325433333333
 20
326.4328977777777
 30
0.0
 10
374.2343572222222
 20
323.8297505555555
 30
0.0
  0
SPLINE
  5
111
330
1F
100
AcDbEntity
  8
DEFAULT
 62
     1
100
AcDbSpline
210
0.0
220
0.0
230
1.0
 70
     8
 71
     3
 72
     8
 73
     4
 74
     0
 42
0.000000001
 43
0.0000000001
 40
0.0
 40
0.0
 40
0.0
 40
0.0
 40
1.0
 40
1.0
 40
1.0
 40
1.0
 10
354.8282986111111
 20
333.4215313888889
 30
0.0
 10
354.8282986111111
 20
336.5083369444444
 30
0.0
 10
357.9256875
 20
336.1555591666666
 30
0.0
 10
359.8338625
 20
338.2545869444444
 30
0.0
  0
SPLINE
  5
112
330
1F
100
AcDbEntity
  8
DEFAULT
 62
     1
100
AcDbSpline
210
0.0
220
0.0
230
1.0
 70
     8
 71
     3
 72
    29
 73
    25
 74
     0
 42
0.000000001
 43
0.0000000001
 40
0.0
 40
0.0
 40
0.0
 40
0.0
 40
4.233615594264491
 40
4.233615594264491
 40
4.233615594264491
 40
11.68652106797076
 40
11.68652106797076
 40
11.68652106797076
 40
12.68652106797076
 40
12.68652106797076
 40
12.68652106797076
 40
13.68652106797076
 40
13.68652106797076
 40
13.68652106797076
 40
14.68652106797076
 40
14.68652106797076
 40
14.68652106797076
 40
15.68652106797076
 40
15.68652106797076
 40
15.68652106797076
 40
16.68652106797076
 40
16.68652106797076
 40
16.68652106797076
 40
17.68652106797076
 40
17.68652106797076
 40
17.68652106797076
 40
17.68652106797076
 10
355.2269022222222
 20
292.2912408333332
 30
0.0
 10
355.0822633333333
 20
291.8148732407406
 30
0.0
 10
354.9376244444445
 20
291.3385056481481
 30
0.0
 10
354.7929855555555
 20
290.8621380555555
 30
0.0
 10
355.6314207407407
 20
290.6069621296296
 30
0.0
 10
356.4698559259259
 20
290.3517862037037
 30
0.0
 10
357.3082911111111
 20
290.0966102777778
 30
0.0
 10
357.5940411111111
 20
290.0122963888888
 30
0.0
 10
358.2572633333333
 20
289.8606019444444
 30
0.0
 10
359.4179022222222
 20
289.5078241666666
 30
0.0
 10
360.56443
 20
289.1617491666667
 30
0.0
 10
361.3617077777777
 20
288.4561936111111
 30
0.0
 10
361.3617077777777
 20
288.3962213888888
 30
0.0
 10
361.6721522222222
 20
288.0116936111111
 30
0.0
 10
361.9896522222222
 20
287.2743880555555
 30
0.0
 10
362.0602077777777
 20
286.8584630555555
 30
0.0
 10
361.9931799999999
 20
285.9980380555555
 30
0.0
 10
360.4762355555555
 20
285.4822769444444
 30
0.0
 10
359.2697355555555
 20
285.0525936111111
 30
0.0
 10
357.2447911111111
 20
284.3357491666666
 30
0.0
 10
355.8513188888888
 20
280.6213519444444
 30
0.0
 10
354.4966522222222
 20
282.738018611111
 30
0.0
 10
354.4931244444444
 20
282.7415463888888
 30
0.0
 10
354.4931244444444
 20
282.7447213888889
 30
0.0
 10
354.4895966666666
 20
282.7482491666667
 30
0.0
  0
SPLINE
  5
113
330
1F
100
AcDbEntity
  8
DEFAULT
 62
     1
100
AcDbSpline
210
0.0
220
0.0
230
1.0
 70
     8
 71
     3
 72
    26
 73
    22
 74
     0
 42
0.000000001
 43
0.0000000001
 40
0.0
 40
0.0
 40
0.0
 40
0.0
 40
0.0499999999999545
 40
0.0499999999999545
 40
0.0499999999999545
 40
1.049999999999955
 40
1.049999999999955
 40
1.049999999999955
 40
2.049999999999955
 40
2.049999999999955
 40
2.049999999999955
 40
3.049999999999955
 40
3.049999999999955
 40
3.049999999999955
 40
4.049999999999955
 40
4.049999999999955
 40
4.049999999999955
 40
11.48849050547213
 40
11.48849050547213
 40
11.48849050547213
 40
14.75087322367055
 40
14.75087322367055
 40
14.75087322367055
 40
14.75087322367055
 10
364.3426094444445
 20
297.9777011111111
 30
0.0
 10
364.3484890740741
 20
297.9777011111111
 30
0.0
 10
364.3543687037038
 20
297.9777011111111
 30
0.0
 10
364.3602483333333
 20
297.9777011111111
 30
0.0
 10
366.7453788888889
 20
297.960415
 30
0.0
 10
364.6812761111111
 20
294.2883511111111
 30
0.0
 10
363.7428872222222
 20
293.0035344444444
 30
0.0
 10
363.3124983333333
 20
292.4143955555555
 30
0.0
 10
363.0412122222222
 20
292.24859
 30
0.0
 10
362.4658316666667
 20
292.118415
 30
0.0
 10
362.2823872222223
 20
292.0757288888889
 30
0.0
 10
361.3122483333333
 20
291.9631927777777
 30
0.0
 10
360.2609705555556
 20
292.2877483333333
 30
0.0
 10
359.0968038888889
 20
292.6373511111111
 30
0.0
 10
358.4653316666667
 20
292.880415
 30
0.0
 10
358.1764066666667
 20
292.9686094444444
 30
0.0
 10
357.3390298148149
 20
293.2214335185185
 30
0.0
 10
356.501652962963
 20
293.4742575925926
 30
0.0
 10
355.6642761111111
 20
293.7270816666667
 30
0.0
 10
355.5525631481482
 20
293.3600751851852
 30
0.0
 10
355.4408501851852
 20
292.9930687037037
 30
0.0
 10
355.3291372222222
 20
292.6260622222222
 30
0.0
  0
SPLINE
  5
114
330
1F
100
AcDbEntity
  8
DEFAULT
 62
     1
100
AcDbSpline
210
0.0
220
0.0
230
1.0
 70
     8
 71
     3
 72
   113
 73
   109
 74
     0
 42
0.000000001
 43
0.0000000001
 40
0.0
 40
0.0
 40
0.0
 40
0.0
 40
3.75
 40
3.75
 40
3.75
 40
12.25
 40
12.25
 40
12.25
 40
13.25
 40
13.25
 40
13.25
 40
14.25
 40
14.25
 40
14.25
 40
15.25
 40
15.25
 40
15.25
 40
16.25
 40
16.25
 40
16.25
 40
17.25
 40
17.25
 40
17.25
 40
18.25
 40
18.25
 40
18.25
 40
19.25
 40
19.25
 40
19.25
 40
24.9247036045947
 40
24.9247036045947
 40
24.9247036045947
 40
33.42409775947424
 40
33.42409775947424
 40
33.42409775947424
 40
39.09621914392997
 40
39.09621914392997
 40
39.09621914392997
 40
40.09621914392997
 40
40.09621914392997
 40
40.09621914392997
 40
41.09621914392997
 40
41.09621914392997
 40
41.09621914392997
 40
42.09621914392997
 40
42.09621914392997
 40
42.09621914392997
 40
43.09621914392997
 40
43.09621914392997
 40
43.09621914392997
 40
44.09621914392997
 40
44.09621914392997
 40
44.09621914392997
 40
49.76167958417661
 40
49.76167958417661
 40
49.76167958417661
 40
58.26813389840178
 40
58.26813389840178
 40
58.26813389840178
 40
63.9351932769509
 40
63.9351932769509
 40
63.9351932769509
 40
64.9351932769509
 40
64.9351932769509
 40
64.9351932769509
 40
65.9351932769509
 40
65.9351932769509
 40
65.9351932769509
 40
66.9351932769509
 40
66.9351932769509
 40
66.9351932769509
 40
67.9351932769509
 40
67.9351932769509
 40
67.9351932769509
 40
68.9351932769509
 40
68.9351932769509
 40
68.9351932769509
 40
69.9351932769509
 40
69.9351932769509
 40
69.9351932769509
 40
70.9351932769509
 40
70.9351932769509
 40
70.9351932769509
 40
71.9351932769509
 40
71.9351932769509
 40
71.9351932769509
 40
72.9351932769509
 40
72.9351932769509
 40
72.9351932769509
 40
78.6098968815456
 40
78.6098968815456
 40
78.6098968815456
 40
87.10929103642513
 40
87.10929103642513
 40
87.10929103642513
 40
92.78399464101977
 40
92.78399464101977
 40
92.78399464101977
 40
93.78399464101977
 40
93.78399464101977
 40
93.78399464101977
 40
94.78399464101977
 40
94.78399464101977
 40
94.78399464101977
 40
95.78399464101977
 40
95.78399464101977
 40
95.78399464101977
 40
96.78399464101977
 40
96.78399464101977
 40
96.78399464101977
 40
96.78399464101977
 10
387.7530838888888
 20
307.0584480555555
 30
0.0
 10
387.7530838888888
 20
306.6174758333333
 30
0.0
 10
387.7530838888888
 20
306.1765036111111
 30
0.0
 10
387.7530838888888
 20
305.7355313888888
 30
0.0
 10
388.7526209259258
 20
305.7355313888888
 30
0.0
 10
389.7521579629629
 20
305.7355313888888
 30
0.0
 10
390.7516949999999
 20
305.7355313888888
 30
0.0
 10
391.0938894444444
 20
305.7355313888888
 30
0.0
 10
391.8700005555555
 20
305.7849202777777
 30
0.0
 10
393.2528894444443
 20
305.7849202777777
 30
0.0
 10
394.6357783333332
 20
305.7849202777777
 30
0.0
 10
395.7540838888888
 20
305.3404202777778
 30
0.0
 10
395.7540838888888
 20
305.2839758333333
 30
0.0
 10
397.0558338888888
 20
304.7368175
 30
0.0
 10
399.9062783333333
 20
305.8978091666667
 30
0.0
 10
400.4389727777777
 20
305.0084563888888
 30
0.0
 10
403.6845283333333
 20
299.5933175
 30
0.0
 10
403.2506116666666
 20
299.3749480555555
 30
0.0
 10
402.4356949999999
 20
296.3763369444444
 30
0.0
 10
401.5960838888888
 20
293.2898841666666
 30
0.0
 10
402.1005561111111
 20
290.3717063888888
 30
0.0
 10
400.513056111111
 20
291.3280869444444
 30
0.0
 10
400.4566116666666
 20
291.3280869444444
 30
0.0
 10
399.7369449999999
 20
292.2876424999999
 30
0.0
 10
399.3841672222222
 20
293.6140869444444
 30
0.0
 10
399.0243338888889
 20
294.9511147222221
 30
0.0
 10
398.8726394444444
 20
295.7127619444444
 30
0.0
 10
398.7844449999999
 20
296.0408452777777
 30
0.0
 10
398.6115838888888
 20
296.6853702777777
 30
0.0
 10
398.4387227777777
 20
297.3298952777778
 30
0.0
 10
398.2658616666666
 20
297.9744202777777
 30
0.0
 10
397.3004264814813
 20
297.7158341666666
 30
0.0
 10
396.3349912962962
 20
297.4572480555555
 30
0.0
 10
395.369556111111
 20
297.1986619444444
 30
0.0
 10
395.5412412962962
 20
296.5541369444445
 30
0.0
 10
395.7129264814814
 20
295.9096119444444
 30
0.0
 10
395.8846116666666
 20
295.2650869444444
 30
0.0
 10
395.9763338888888
 20
294.937003611111
 30
0.0
 10
396.2232783333333
 20
294.2000508333333
 30
0.0
 10
396.5795838888888
 20
292.8623175
 30
0.0
 10
396.9394172222221
 20
291.5291702777777
 30
0.0
 10
396.7983061111111
 20
290.3329008333333
 30
0.0
 10
396.7415088888889
 20
290.3194952777778
 30
0.0
 10
395.7329172222221
 20
286.6287341666666
 30
0.0
 10
400.2766949999999
 20
283.3655397222222
 30
0.0
 10
399.7298894444444
 20
278.6030397222222
 30
0.0
 10
399.7193061111111
 20
278.5501230555555
 30
0.0
 10
398.5410283333333
 20
278.3172897222222
 30
0.0
 10
397.179306111111
 20
278.5681147222222
 30
0.0
 10
395.8211116666666
 20
278.8221147222222
 30
0.0
 10
395.0658144444444
 20
279.0126147222222
 30
0.0
 10
394.7306755555555
 20
279.0761147222221
 30
0.0
 10
394.0758024074073
 20
279.198528611111
 30
0.0
 10
393.4209292592591
 20
279.3209424999999
 30
0.0
 10
392.766056111111
 20
279.4433563888888
 30
0.0
 10
392.582494074074
 20
278.4600471296296
 30
0.0
 10
392.398932037037
 20
277.4767378703703
 30
0.0
 10
392.2153699999999
 20
276.4934286111111
 30
0.0
 10
392.8704783333333
 20
276.3712499074074
 30
0.0
 10
393.5255866666666
 20
276.2490712037036
 30
0.0
 10
394.180695
 20
276.1268925
 30
0.0
 10
394.5158338888888
 20
276.0633925
 30
0.0
 10
395.2880644444443
 20
275.9716702777777
 30
0.0
 10
396.6501394444444
 20
275.7176702777777
 30
0.0
 10
398.004806111111
 20
275.4633175
 30
0.0
 10
399.0172783333333
 20
274.8219675
 30
0.0
 10
399.0172783333333
 20
274.7651702777778
 30
0.0
 10
398.4281394444444
 20
273.5759563888889
 30
0.0
 10
398.117695
 20
273.3963925
 30
0.0
 10
396.544306111111
 20
272.8816897222222
 30
0.0
 10
391.2949727777777
 20
271.1562536111111
 30
0.0
 10
390.257806111111
 20
269.1630591666666
 30
0.0
 10
386.3522033333333
 20
273.0718369444444
 30
0.0
 10
383.7737505555555
 20
275.6509952777777
 30
0.0
 10
382.7295283333332
 20
278.1800591666666
 30
0.0
 10
383.7913894444443
 20
280.5898841666666
 30
0.0
 10
386.292231111111
 20
286.2830119444444
 30
0.0
 10
389.5028616666666
 20
290.2559952777777
 30
0.0
 10
386.9734449999999
 20
294.1467813888888
 30
0.0
 10
384.5639727777777
 20
297.8509480555555
 30
0.0
 10
381.8581672222222
 20
284.4704397222222
 30
0.0
 10
379.9602227777777
 20
290.3194952777778
 30
0.0
 10
379.907306111111
 20
290.3329008333333
 30
0.0
 10
379.7658422222221
 20
291.5291702777777
 30
0.0
 10
380.1260283333333
 20
292.8623175
 30
0.0
 10
380.4823338888888
 20
294.2000508333333
 30
0.0
 10
380.7292783333332
 20
294.937003611111
 30
0.0
 10
380.8174727777777
 20
295.2650869444444
 30
0.0
 10
380.9903338888888
 20
295.9096119444444
 30
0.0
 10
381.1631949999999
 20
296.5541369444445
 30
0.0
 10
381.336056111111
 20
297.1986619444444
 30
0.0
 10
380.3706209259258
 20
297.4572480555555
 30
0.0
 10
379.4051857407407
 20
297.7158341666666
 30
0.0
 10
378.4397505555555
 20
297.9744202777777
 30
0.0
 10
378.2668894444444
 20
297.3298952777777
 30
0.0
 10
378.0940283333333
 20
296.6853702777777
 30
0.0
 10
377.9211672222222
 20
296.0408452777777
 30
0.0
 10
377.8329727777777
 20
295.7127619444444
 30
0.0
 10
377.6812783333333
 20
294.9511147222221
 30
0.0
 10
377.3214449999999
 20
293.6140869444444
 30
0.0
 10
376.9686672222222
 20
292.2876424999999
 30
0.0
 10
376.2490005555555
 20
291.3280869444444
 30
0.0
 10
376.1922033333333
 20
291.3280869444444
 30
0.0
 10
374.5098061111111
 20
289.5324480555555
 30
0.0
 10
374.2346394444444
 20
289.7123647222222
 30
0.0
 10
374.2346394444444
 20
290.6401702777778
 30
0.0
 10
374.2311116666666
 20
291.8787730555555
 30
0.0
 10
374.7179449999999
 20
294.4466424999999
 30
0.0
 10
373.0140283333333
 20
295.4552341666666
 30
0.0
  0
SPLINE
  5
115
330
1F
100
AcDbEntity
  8
DEFAULT
 62
     1
100
AcDbSpline
210
0.0
220
0.0
230
1.0
 70
     8
 71
     3
 72
   113
 73
   109
 74
     0
 42
0.000000001
 43
0.0000000001
 40
0.0
 40
0.0
 40
0.0
 40
0.0
 40
1.0
 40
1.0
 40
1.0
 40
2.0
 40
2.0
 40
2.0
 40
3.0
 40
3.0
 40
3.0
 40
4.0
 40
4.0
 40
4.0
 40
9.673737745084829
 40
9.673737745084829
 40
9.673737745084829
 40
18.17313189996414
 40
18.17313189996414
 40
18.17313189996414
 40
23.84783550455884
 40
23.84783550455884
 40
23.84783550455884
 40
24.84783550455884
 40
24.84783550455884
 40
24.84783550455884
 40
25.84783550455884
 40
25.84783550455884
 40
25.84783550455884
 40
26.84783550455884
 40
26.84783550455884
 40
26.84783550455884
 40
27.84783550455884
 40
27.84783550455884
 40
27.84783550455884
 40
28.84783550455884
 40
28.84783550455884
 40
28.84783550455884
 40
29.84783550455884
 40
29.84783550455884
 40
29.84783550455884
 40
30.84783550455884
 40
30.84783550455884
 40
30.84783550455884
 40
31.84783550455884
 40
31.84783550455884
 40
31.84783550455884
 40
32.84783550455884
 40
32.84783550455884
 40
32.84783550455884
 40
38.51409529387305
 40
38.51409529387305
 40
38.51409529387305
 40
47.01938311969057
 40
47.01938311969057
 40
47.01938311969057
 40
52.68582653686145
 40
52.68582653686145
 40
52.68582653686145
 40
53.68582653686145
 40
53.68582653686145
 40
53.68582653686145
 40
54.68582653686145
 40
54.68582653686145
 40
54.68582653686145
 40
55.68582653686145
 40
55.68582653686145
 40
55.68582653686145
 40
56.68582653686145
 40
56.68582653686145
 40
56.68582653686145
 40
57.68582653686145
 40
57.68582653686145
 40
57.68582653686145
 40
63.35794792131718
 40
63.35794792131718
 40
63.35794792131718
 40
71.85734207619672
 40
71.85734207619672
 40
71.85734207619672
 40
77.53107982128154
 40
77.53107982128154
 40
77.53107982128154
 40
78.53107982128154
 40
78.53107982128154
 40
78.53107982128154
 40
79.53107982128154
 40
79.53107982128154
 40
79.53107982128154
 40
80.53107982128154
 40
80.53107982128154
 40
80.53107982128154
 40
81.53107982128154
 40
81.53107982128154
 40
81.53107982128154
 40
82.53107982128154
 40
82.53107982128154
 40
82.53107982128154
 40
83.53107982128154
 40
83.53107982128154
 40
83.53107982128154
 40
84.53107982128154
 40
84.53107982128154
 40
84.53107982128154
 40
93.03107982128154
 40
93.03107982128154
 40
93.03107982128154
 40
96.78107982128154
 40
96.78107982128154
 40
96.78107982128154
 40
96.78107982128154
 10
373.0139225
 20
319.0141575
 30
0.0
 10
374.7178391666666
 20
320.0231019444444
 30
0.0
 10
374.2310058333333
 20
322.5909713888889
 30
0.0
 10
374.2345336111111
 20
323.8295741666666
 30
0.0
 10
374.2345336111111
 20
324.7570269444444
 30
0.0
 10
374.5097002777778
 20
324.9372963888889
 30
0.0
 10
376.1924502777778
 20
323.1413047222222
 30
0.0
 10
376.2488947222222
 20
323.1413047222222
 30
0.0
 10
376.9685613888889
 20
322.1824547222222
 30
0.0
 10
377.3213391666666
 20
320.8553047222222
 30
0.0
 10
377.6811724999999
 20
319.5186297222222
 30
0.0
 10
377.8328669444444
 20
318.7566297222222
 30
0.0
 10
377.9210613888889
 20
318.4285463888889
 30
0.0
 10
378.0939225
 20
317.7841389814815
 30
0.0
 10
378.2667836111111
 20
317.1397315740741
 30
0.0
 10
378.4396447222222
 20
316.4953241666666
 30
0.0
 10
379.4050799074074
 20
316.7539102777778
 30
0.0
 10
380.3705150925925
 20
317.0124963888888
 30
0.0
 10
381.3359502777777
 20
317.2710825
 30
0.0
 10
381.1630891666666
 20
317.9156074999999
 30
0.0
 10
380.9902280555555
 20
318.5601325
 30
0.0
 10
380.8173669444444
 20
319.2046574999999
 30
0.0
 10
380.7291724999999
 20
319.5323880555555
 30
0.0
 10
380.4822280555555
 20
320.2696936111111
 30
0.0
 10
380.1259225
 20
321.6070741666666
 30
0.0
 10
379.7660891666667
 20
322.9402213888889
 30
0.0
 10
379.9072002777777
 20
324.1364908333333
 30
0.0
 10
379.9601169444445
 20
324.1502491666666
 30
0.0
 10
381.8580613888888
 20
329.9993047222222
 30
0.0
 10
384.5638669444444
 20
316.618443611111
 30
0.0
 10
386.9733391666666
 20
320.3226102777778
 30
0.0
 10
389.5027558333333
 20
324.2141019444444
 30
0.0
 10
386.2924780555555
 20
328.1863797222222
 30
0.0
 10
383.7912836111111
 20
333.8798602777778
 30
0.0
 10
382.7294224999999
 20
336.2893325
 30
0.0
 10
383.7736447222222
 20
338.8187491666666
 30
0.0
 10
386.3524502777777
 20
341.3975547222222
 30
0.0
 10
390.2577002777778
 20
345.3063325
 30
0.0
 10
391.2948669444444
 20
343.3131380555556
 30
0.0
 10
396.5442002777777
 20
341.5884075
 30
0.0
 10
398.1175891666667
 20
341.0729991666666
 30
0.0
 10
398.4280336111111
 20
340.8934352777778
 30
0.0
 10
399.0171725
 20
339.7045741666666
 30
0.0
 10
399.0171725
 20
339.6481297222222
 30
0.0
 10
398.0047002777777
 20
339.0060741666666
 30
0.0
 10
396.6500336111111
 20
338.7517213888888
 30
0.0
 10
395.2883113888889
 20
338.4984269444444
 30
0.0
 10
394.5157280555555
 20
338.4059991666667
 30
0.0
 10
394.1805891666666
 20
338.3428519444444
 30
0.0
 10
393.5255984259259
 20
338.2205556481481
 30
0.0
 10
392.8706076851852
 20
338.0982593518518
 30
0.0
 10
392.2156169444444
 20
337.9759630555556
 30
0.0
 10
392.3990613888889
 20
336.9927713888889
 30
0.0
 10
392.5825058333333
 20
336.0095797222222
 30
0.0
 10
392.7659502777777
 20
335.0263880555555
 30
0.0
 10
393.4209410185185
 20
335.1488019444444
 30
0.0
 10
394.0759317592592
 20
335.2712158333333
 30
0.0
 10
394.7309225
 20
335.3936297222222
 30
0.0
 10
395.0660613888888
 20
335.4571297222222
 30
0.0
 10
395.8210058333333
 20
335.6476297222222
 30
0.0
 10
397.1792002777777
 20
335.9012769444444
 30
0.0
 10
398.5409224999999
 20
336.1521019444444
 30
0.0
 10
399.7192002777778
 20
335.9192686111111
 30
0.0
 10
399.7297836111111
 20
335.8663519444444
 30
0.0
 10
400.2765891666666
 20
331.1038519444444
 30
0.0
 10
395.7328113888889
 20
327.8406575
 30
0.0
 10
396.7417558333333
 20
324.1502491666666
 30
0.0
 10
396.7982002777778
 20
324.1364908333333
 30
0.0
 10
396.9393113888888
 20
322.9402213888889
 30
0.0
 10
396.5794780555555
 20
321.6070741666666
 30
0.0
 10
396.2231725
 20
320.2696936111111
 30
0.0
 10
395.9762280555555
 20
319.5323880555555
 30
0.0
 10
395.8845058333333
 20
319.2046574999999
 30
0.0
 10
395.7128206481481
 20
318.5601325
 30
0.0
 10
395.5411354629629
 20
317.9156074999999
 30
0.0
 10
395.3694502777777
 20
317.2710825
 30
0.0
 10
396.334885462963
 20
317.0124963888888
 30
0.0
 10
397.3003206481481
 20
316.7539102777778
 30
0.0
 10
398.2657558333333
 20
316.4953241666666
 30
0.0
 10
398.4386169444444
 20
317.1397315740741
 30
0.0
 10
398.6114780555556
 20
317.7841389814815
 30
0.0
 10
398.7843391666666
 20
318.4285463888889
 30
0.0
 10
398.8725336111111
 20
318.7566297222222
 30
0.0
 10
399.0242280555555
 20
319.5186297222222
 30
0.0
 10
399.3840613888889
 20
320.8553047222222
 30
0.0
 10
399.7368391666666
 20
322.1824547222222
 30
0.0
 10
400.4565058333333
 20
323.1413047222222
 30
0.0
 10
400.5129502777777
 20
323.1413047222222
 30
0.0
 10
402.1004502777778
 20
324.0980380555555
 30
0.0
 10
401.5963308333333
 20
321.1798602777778
 30
0.0
 10
402.4355891666667
 20
318.0930547222222
 30
0.0
 10
403.2505058333333
 20
315.0944436111111
 30
0.0
 10
403.6844225
 20
314.8760741666666
 30
0.0
 10
400.4388669444444
 20
309.4609352777778
 30
0.0
 10
399.9061725
 20
308.5758158333333
 30
0.0
 10
397.0557280555556
 20
309.7357491666666
 30
0.0
 10
395.7539780555555
 20
309.1854158333333
 30
0.0
 10
395.7539780555555
 20
309.1363797222222
 30
0.0
 10
394.6356724999999
 20
308.6844713888889
 30
0.0
 10
393.2527836111111
 20
308.6844713888889
 30
0.0
 10
391.8698947222222
 20
308.6844713888889
 30
0.0
 10
391.0937836111111
 20
308.7342130555555
 30
0.0
 10
390.7515891666666
 20
308.7342130555555
 30
0.0
 10
389.7520521296296
 20
308.7342130555555
 30
0.0
 10
388.7525150925925
 20
308.7342130555555
 30
0.0
 10
387.7529780555555
 20
308.7342130555555
 30
0.0
 10
387.7529780555555
 20
308.2932408333333
 30
0.0
 10
387.7529780555555
 20
307.8522686111111
 30
0.0
 10
387.7529780555555
 20
307.4112963888888
 30
0.0
  0
SPLINE
  5
116
330
1F
100
AcDbEntity
  8
DEFAULT
 62
     1
100
AcDbSpline
210
0.0
220
0.0
230
1.0
 70
     8
 71
     3
 72
    44
 73
    40
 74
     0
 42
0.000000001
 43
0.0000000001
 40
0.0
 40
0.0
 40
0.0
 40
0.0
 40
3.759000000000015
 40
3.759000000000015
 40
3.759000000000015
 40
12.25900000000001
 40
12.25900000000001
 40
12.25900000000001
 40
13.25900000000001
 40
13.25900000000001
 40
13.25900000000001
 40
14.25900000000001
 40
14.25900000000001
 40
14.25900000000001
 40
15.25900000000001
 40
15.25900000000001
 40
15.25900000000001
 40
16.25900000000001
 40
16.25900000000001
 40
16.25900000000001
 40
17.25900000000001
 40
17.25900000000001
 40
17.25900000000001
 40
20.44975226239838
 40
20.44975226239838
 40
20.44975226239838
 40
21.44975226239838
 40
21.44975226239838
 40
21.44975226239838
 40
21.49975226239834
 40
21.49975226239834
 40
21.49975226239834
 40
22.49975226239834
 40
22.49975226239834
 40
22.49975226239834
 40
23.49975226239834
 40
23.49975226239834
 40
23.49975226239834
 40
24.49975226239834
 40
24.49975226239834
 40
24.49975226239834
 40
24.49975226239834
 10
371.7543999999999
 20
307.0617288888889
 30
0.0
 10
371.7544
 20
306.6196983333333
 30
0.0
 10
371.7544
 20
306.1776677777777
 30
0.0
 10
371.7544
 20
305.7356372222222
 30
0.0
 10
370.7548629629629
 20
305.7356372222222
 30
0.0
 10
369.7553259259259
 20
305.7356372222222
 30
0.0
 10
368.7557888888888
 20
305.7356372222222
 30
0.0
 10
368.4135944444444
 20
305.7356372222222
 30
0.0
 10
367.6374833333333
 20
305.7850261111111
 30
0.0
 10
366.2545944444444
 20
305.7850261111111
 30
0.0
 10
364.8717055555555
 20
305.7850261111111
 30
0.0
 10
363.7533999999999
 20
305.337351111111
 30
0.0
 10
363.7533999999999
 20
305.2840816666666
 30
0.0
 10
363.1187527777777
 20
304.9277761111111
 30
0.0
 10
362.9878722222222
 20
304.5820538888889
 30
0.0
 10
363.1113444444444
 20
304.2395066666666
 30
0.0
 10
363.4680027777777
 20
303.2411455555555
 30
0.0
 10
365.9374472222221
 20
302.2392566666667
 30
0.0
 10
364.4522527777777
 20
300.9308038888889
 30
0.0
 10
362.7374
 20
299.4170344444444
 30
0.0
 10
360.6101499999999
 20
300.9308038888889
 30
0.0
 10
361.1569555555555
 20
300.0308677777778
 30
0.0
 10
361.3368722222222
 20
299.7016085185185
 30
0.0
 10
361.5167888888888
 20
299.3723492592592
 30
0.0
 10
361.6967055555555
 20
299.0430899999999
 30
0.0
 10
362.5296138888889
 20
298.0658955555555
 30
0.0
 10
363.418261111111
 20
297.8193038888889
 30
0.0
 10
364.3425388888888
 20
297.9777011111111
 30
0.0
 10
364.3484185185184
 20
297.9777011111111
 30
0.0
 10
364.3542981481481
 20
297.9777011111111
 30
0.0
 10
364.3601777777777
 20
297.9777011111111
 30
0.0
 10
366.9283999999999
 20
298.43349
 30
0.0
 10
369.7015861111111
 20
302.0741566666666
 30
0.0
 10
371.9487805555555
 20
302.0741566666666
 30
0.0
 10
377.4485861111111
 20
302.0741566666666
 30
0.0
 10
373.8043916666666
 20
296.6332649999999
 30
0.0
 10
372.2733361111111
 20
298.7499316666666
 30
0.0
 10
371.465475
 20
299.8724705555555
 30
0.0
 10
371.2852055555555
 20
296.6547844444444
 30
0.0
 10
372.7033722222222
 20
295.6391372222222
 30
0.0
  0
SPLINE
  5
117
330
1F
100
AcDbEntity
  8
DEFAULT
 62
     1
100
AcDbSpline
210
0.0
220
0.0
230
1.0
 70
     8
 71
     3
 72
    44
 73
    40
 74
     0
 42
0.000000001
 43
0.0000000001
 40
0.0
 40
0.0
 40
0.0
 40
0.0
 40
3.75
 40
3.75
 40
3.75
 40
12.25
 40
12.25
 40
12.25
 40
13.25
 40
13.25
 40
13.25
 40
14.25
 40
14.25
 40
14.25
 40
15.25
 40
15.25
 40
15.25
 40
16.25
 40
16.25
 40
16.25
 40
17.25
 40
17.25
 40
17.25
 40
20.44162983442632
 40
20.44162983442632
 40
20.44162983442632
 40
21.44162983442632
 40
21.44162983442632
 40
21.44162983442632
 40
21.49162983442627
 40
21.49162983442627
 40
21.49162983442627
 40
22.49162983442627
 40
22.49162983442627
 40
22.49162983442627
 40
23.49162983442627
 40
23.49162983442627
 40
23.49162983442627
 40
24.49162983442627
 40
24.49162983442627
 40
24.49162983442627
 40
24.49162983442627
 10
371.7543999999999
 20
307.4112258333333
 30
0.0
 10
371.7544
 20
307.8521980555554
 30
0.0
 10
371.7544
 20
308.2931702777777
 30
0.0
 10
371.7544
 20
308.7341425
 30
0.0
 10
370.7548629629629
 20
308.7341425
 30
0.0
 10
369.7553259259259
 20
308.7341425
 30
0.0
 10
368.7557888888888
 20
308.7341425
 30
0.0
 10
368.4135944444444
 20
308.7341425
 30
0.0
 10
367.6374833333333
 20
308.6844008333333
 30
0.0
 10
366.2545944444444
 20
308.6844008333333
 30
0.0
 10
364.8717055555555
 20
308.6844008333333
 30
0.0
 10
363.7533999999999
 20
309.1296063888888
 30
0.0
 10
363.7533999999999
 20
309.1853452777777
 30
0.0
 10
363.1187527777777
 20
309.5423563888889
 30
0.0
 10
362.9878722222222
 20
309.8873730555555
 30
0.0
 10
363.1113444444444
 20
310.2299202777778
 30
0.0
 10
363.4680027777777
 20
311.2282813888889
 30
0.0
 10
365.9374472222221
 20
312.2333452777777
 30
0.0
 10
364.4522527777777
 20
313.542503611111
 30
0.0
 10
362.7374
 20
315.0523924999999
 30
0.0
 10
360.6101499999999
 20
313.542503611111
 30
0.0
 10
361.1569555555555
 20
314.4382063888888
 30
0.0
 10
361.3368722222222
 20
314.7675832407407
 30
0.0
 10
361.5167888888888
 20
315.0969600925926
 30
0.0
 10
361.6967055555555
 20
315.4263369444444
 30
0.0
 10
362.5296138888889
 20
316.4035313888888
 30
0.0
 10
363.418261111111
 20
316.6501230555555
 30
0.0
 10
364.3425388888888
 20
316.4917258333333
 30
0.0
 10
364.3472425925925
 20
316.4917258333333
 30
0.0
 10
364.3519462962963
 20
316.4917258333333
 30
0.0
 10
364.3601777777777
 20
316.4917258333333
 30
0.0
 10
366.9283999999999
 20
316.0362897222221
 30
0.0
 10
369.7015861111111
 20
312.3959758333333
 30
0.0
 10
371.9487805555555
 20
312.3959758333333
 30
0.0
 10
377.4485861111111
 20
312.3959758333333
 30
0.0
 10
373.8043916666666
 20
317.8361619444444
 30
0.0
 10
372.2733361111111
 20
315.7194952777778
 30
0.0
 10
371.465475
 20
314.5976619444444
 30
0.0
 10
371.2852055555555
 20
317.8146424999999
 30
0.0
 10
372.7033722222222
 20
318.8309952777777
 30
0.0
  0
SPLINE
  5
118
330
1F
100
AcDbEntity
  8
DEFAULT
 62
     1
100
AcDbSpline
210
0.0
220
0.0
230
1.0
 70
     8
 71
     3
 72
    26
 73
    22
 74
     0
 42
0.000000001
 43
0.0000000001
 40
0.0
 40
0.0
 40
0.0
 40
0.0
 40
1.0
 40
1.0
 40
1.0
 40
2.0
 40
2.0
 40
2.0
 40
3.0
 40
3.0
 40
3.0
 40
4.0
 40
4.0
 40
4.0
 40
5.0
 40
5.0
 40
5.0
 40
6.0
 40
6.0
 40
6.0
 40
7.0
 40
7.0
 40
7.0
 40
7.0
 10
341.8496041666667
 20
290.5941680555555
 30
0.0
 10
340.0045763888889
 20
291.0316125
 30
0.0
 10
339.9481319444444
 20
291.8359458333333
 30
0.0
 10
339.8775763888889
 20
292.4564819444444
 30
0.0
 10
339.8705208333333
 20
292.5062236111111
 30
0.0
 10
339.8669930555556
 20
292.5559652777778
 30
0.0
 10
339.8599375
 20
292.6011208333333
 30
0.0
 10
339.7470486111111
 20
293.3461875
 30
0.0
 10
339.3872152777777
 20
293.7374180555555
 30
0.0
 10
335.1538819444444
 20
292.6826124999999
 30
0.0
 10
327.1952152777778
 20
290.6925930555555
 30
0.0
 10
333.7000847222222
 20
292.3160763888889
 30
0.0
 10
327.3433819444444
 20
287.5571041666666
 30
0.0
 10
320.9863263888889
 20
282.8013069444444
 30
0.0
 10
325.9530847222222
 20
283.3022513888889
 30
0.0
 10
328.7192152777778
 20
282.4238347222222
 30
0.0
 10
331.4849930555555
 20
281.5418902777778
 30
0.0
 10
333.4605486111111
 20
279.4499180555555
 30
0.0
 10
331.2345208333333
 20
283.6232791666666
 30
0.0
 10
329.0296597222222
 20
287.7581875
 30
0.0
 10
332.5433263888889
 20
287.2463069444444
 30
0.0
 10
338.9356597222222
 20
284.2692152777777
 30
0.0
  0
SPLINE
  5
119
330
1F
100
AcDbEntity
  8
DEFAULT
 62
     1
100
AcDbSpline
210
0.0
220
0.0
230
1.0
 70
     8
 71
     3
 72
    59
 73
    55
 74
     0
 42
0.000000001
 43
0.0000000001
 40
0.0
 40
0.0
 40
0.0
 40
0.0
 40
1.0
 40
1.0
 40
1.0
 40
2.0
 40
2.0
 40
2.0
 40
3.0
 40
3.0
 40
3.0
 40
4.0
 40
4.0
 40
4.0
 40
9.655554791530234
 40
9.655554791530234
 40
9.655554791530234
 40
18.15274974045307
 40
18.15274974045307
 40
18.15274974045307
 40
23.82719085830771
 40
23.82719085830771
 40
23.82719085830771
 40
24.82719085830771
 40
24.82719085830771
 40
24.82719085830771
 40
25.82719085830771
 40
25.82719085830771
 40
25.82719085830771
 40
26.82719085830771
 40
26.82719085830771
 40
26.82719085830771
 40
27.82719085830771
 40
27.82719085830771
 40
27.82719085830771
 40
28.82719085830771
 40
28.82719085830771
 40
28.82719085830771
 40
29.82719085830771
 40
29.82719085830771
 40
29.82719085830771
 40
30.82719085830771
 40
30.82719085830771
 40
30.82719085830771
 40
31.82719085830771
 40
31.82719085830771
 40
31.82719085830771
 40
32.82719085830771
 40
32.82719085830771
 40
32.82719085830771
 40
33.82719085830771
 40
33.82719085830771
 40
33.82719085830771
 40
34.82719085830771
 40
34.82719085830771
 40
34.82719085830771
 40
34.82719085830771
 10
339.2705869444444
 20
284.109795
 30
0.0
 10
345.4124480555555
 20
281.09037
 30
0.0
 10
334.5363091666667
 20
278.1411477777777
 30
0.0
 10
337.6269952777778
 20
275.3189255555556
 30
0.0
 10
340.7487258333333
 20
272.4681283333333
 30
0.0
 10
340.1031425
 20
268.6020366666666
 30
0.0
 10
342.0928091666667
 20
270.9730561111111
 30
0.0
 10
342.1492536111111
 20
270.9730561111111
 30
0.0
 10
342.7771980555556
 20
271.9887033333333
 30
0.0
 10
343.0170869444444
 20
273.34337
 30
0.0
 10
343.2573286111111
 20
274.7089727777777
 30
0.0
 10
343.3416425
 20
275.4812033333333
 30
0.0
 10
343.4016147222222
 20
275.8195172222222
 30
0.0
 10
343.516855462963
 20
276.4745079629629
 30
0.0
 10
343.6320962037037
 20
277.1294987037037
 30
0.0
 10
343.7473369444444
 20
277.7844894444444
 30
0.0
 10
344.731704537037
 20
277.6129218518518
 30
0.0
 10
345.7160721296296
 20
277.4413542592592
 30
0.0
 10
346.7004397222222
 20
277.2697866666666
 30
0.0
 10
346.5850813888889
 20
276.6125616666666
 30
0.0
 10
346.4697230555556
 20
275.9553366666667
 30
0.0
 10
346.3543647222222
 20
275.2981116666667
 30
0.0
 10
346.2943925
 20
274.9622672222222
 30
0.0
 10
346.1144758333333
 20
274.2080283333333
 30
0.0
 10
345.8749397222222
 20
272.8424255555556
 30
0.0
 10
345.6385786111111
 20
271.4842311111111
 30
0.0
 10
345.8816425
 20
270.3024255555555
 30
0.0
 10
345.9380869444444
 20
270.2957227777778
 30
0.0
 10
347.3036897222222
 20
266.4709061111111
 30
0.0
 10
346.8694202777777
 20
271.9851755555555
 30
0.0
 10
349.0601702777777
 20
269.4060172222222
 30
0.0
 10
351.2509202777778
 20
266.831445
 30
0.0
 10
350.4218925
 20
269.4173061111111
 30
0.0
 10
353.5901897222222
 20
270.5387866666666
 30
0.0
 10
356.7546063888889
 20
271.6641477777778
 30
0.0
 10
348.7253841666666
 20
272.6095922222222
 30
0.0
 10
353.2409397222222
 20
277.7777866666667
 30
0.0
 10
354.3200869444444
 20
279.0125088888889
 30
0.0
 10
354.7716425
 20
280.0990644444444
 30
0.0
 10
354.8284397222222
 20
281.0476838888889
 30
0.0
 10
354.8598369444445
 20
281.6689255555555
 30
0.0
 10
354.7293091666667
 20
282.230195
 30
0.0
 10
354.4964758333333
 20
282.7378422222222
 30
0.0
 10
354.4929480555555
 20
282.74137
 30
0.0
 10
354.4929480555555
 20
282.7448977777777
 30
0.0
 10
354.4897730555555
 20
282.7484255555555
 30
0.0
 10
353.6960230555555
 20
284.4911477777778
 30
0.0
 10
351.7165869444444
 20
285.633795
 30
0.0
 10
351.1133369444444
 20
286.3711005555555
 30
0.0
 10
350.0659397222222
 20
287.6555644444445
 30
0.0
 10
350.4501147222222
 20
287.9346116666666
 30
0.0
 10
347.7619480555555
 20
287.2780922222222
 30
0.0
 10
345.1094119444444
 20
286.6325088888888
 30
0.0
 10
346.6189480555556
 20
289.4938894444444
 30
0.0
 10
342.1989952777778
 20
290.5162394444444
 30
0.0
  0
SPLINE
  5
11A
330
1F
100
AcDbEntity
  8
DEFAULT
 62
     1
100
AcDbSpline
210
0.0
220
0.0
230
1.0
 70
     8
 71
     3
 72
     8
 73
     4
 74
     0
 42
0.000000001
 43
0.0000000001
 40
0.0
 40
0.0
 40
0.0
 40
0.0
 40
1.0
 40
1.0
 40
1.0
 40
1.0
 10
361.3615666666666
 20
288.3963625
 30
0.0
 10
361.4427055555556
 20
289.1654180555555
 30
0.0
 10
361.2310388888889
 20
289.8466319444444
 30
0.0
 10
361.3439277777778
 20
290.5162041666666
 30
0.0
  0
SPLINE
  5
11B
330
1F
100
AcDbEntity
  8
DEFAULT
 62
     1
100
AcDbSpline
210
0.0
220
0.0
230
1.0
 70
     8
 71
     3
 72
     8
 73
     4
 74
     0
 42
0.000000001
 43
0.0000000001
 40
0.0
 40
0.0
 40
0.0
 40
0.0
 40
1.0
 40
1.0
 40
1.0
 40
1.0
 10
362.4657258333333
 20
292.1184502777778
 30
0.0
 10
361.8730591666666
 20
291.6806530555555
 30
0.0
 10
361.5735508333333
 20
291.2679030555555
 30
0.0
 10
361.4289119444444
 20
290.8551530555555
 30
0.0
  0
SPLINE
  5
11C
330
1F
100
AcDbEntity
  8
DEFAULT
 62
     1
100
AcDbSpline
210
0.0
220
0.0
230
1.0
 70
     8
 71
     3
 72
    47
 73
    43
 74
     0
 42
0.000000001
 43
0.0000000001
 40
0.0
 40
0.0
 40
0.0
 40
0.0
 40
1.0
 40
1.0
 40
1.0
 40
2.0
 40
2.0
 40
2.0
 40
3.0
 40
3.0
 40
3.0
 40
4.0
 40
4.0
 40
4.0
 40
5.0
 40
5.0
 40
5.0
 40
6.0
 40
6.0
 40
6.0
 40
7.0
 40
7.0
 40
7.0
 40
15.5
 40
15.5
 40
15.5
 40
24.0
 40
24.0
 40
24.0
 40
32.5
 40
32.5
 40
32.5
 40
33.5
 40
33.5
 40
33.5
 40
34.5
 40
34.5
 40
34.5
 40
35.5
 40
35.5
 40
35.5
 40
36.5
 40
36.5
 40
36.5
 40
36.5
 10
360.0565711111111
 20
275.9437302777778
 30
0.0
 10
361.2733016666666
 20
274.2080636111111
 30
0.0
 10
360.3737183333333
 20
269.7450719444444
 30
0.0
 10
364.7908488888888
 20
268.1364052777778
 30
0.0
 10
376.39371
 20
263.9030719444444
 30
0.0
 10
375.15546
 20
259.2287663888889
 30
0.0
 10
375.15546
 20
267.7836275
 30
0.0
 10
375.15546
 20
275.0155719444444
 30
0.0
 10
370.2091627777777
 20
265.0742941666667
 30
0.0
 10
370.0684044444444
 20
271.2443775
 30
0.0
 10
370.0363016666666
 20
272.7327469444444
 30
0.0
 10
363.9089044444444
 20
271.4031275
 30
0.0
 10
367.0133488888888
 20
274.0489608333334
 30
0.0
 10
368.4703211111111
 20
275.2868580555556
 30
0.0
 10
379.4664044444444
 20
277.3368497222222
 30
0.0
 10
375.8327933333333
 20
279.3900163888889
 30
0.0
 10
375.8327933333333
 20
279.4499886111111
 30
0.0
 10
374.7144877777778
 20
279.8944886111111
 30
0.0
 10
373.3315988888888
 20
279.8944886111111
 30
0.0
 10
371.9487099999999
 20
279.8909608333333
 30
0.0
 10
371.1725988888889
 20
279.8447469444444
 30
0.0
 10
370.8300516666666
 20
279.8415719444444
 30
0.0
 10
369.8305146296296
 20
279.8415719444444
 30
0.0
 10
368.8309775925925
 20
279.8415719444444
 30
0.0
 10
367.8314405555556
 20
279.8415719444444
 30
0.0
 10
367.8314405555555
 20
280.8411089814815
 30
0.0
 10
367.8314405555555
 20
281.8406460185185
 30
0.0
 10
367.8314405555556
 20
282.8401830555555
 30
0.0
 10
368.8309775925925
 20
282.8401830555555
 30
0.0
 10
369.8305146296296
 20
282.8401830555555
 30
0.0
 10
370.8300516666666
 20
282.8401830555555
 30
0.0
 10
371.1725988888889
 20
282.8401830555555
 30
0.0
 10
371.9522377777777
 20
282.7911469444444
 30
0.0
 10
373.3315988888888
 20
282.7911469444444
 30
0.0
 10
374.7144877777778
 20
282.7946747222222
 30
0.0
 10
375.8327933333333
 20
283.2423497222222
 30
0.0
 10
375.8327933333333
 20
283.2952663888889
 30
0.0
 10
380.5952933333332
 20
287.1546552777777
 30
0.0
 10
362.3108211111111
 20
286.5792747222222
 30
0.0
 10
369.4894961111111
 20
290.3081358333333
 30
0.0
 10
372.4598849999999
 20
291.8501275
 30
0.0
 10
373.8325433333333
 20
288.0365997222222
 30
0.0
 10
374.2343572222222
 20
290.6404525
 30
0.0
  0
SPLINE
  5
11D
330
1F
100
AcDbEntity
  8
DEFAULT
 62
     1
100
AcDbSpline
210
0.0
220
0.0
230
1.0
 70
     8
 71
     3
 72
     8
 73
     4
 74
     0
 42
0.000000001
 43
0.0000000001
 40
0.0
 40
0.0
 40
0.0
 40
0.0
 40
1.0
 40
1.0
 40
1.0
 40
1.0
 10
359.8340388888888
 20
276.2150163888889
 30
0.0
 10
357.9258638888888
 20
278.3172191666666
 30
0.0
 10
354.828475
 20
277.9609136111111
 30
0.0
 10
354.828475
 20
281.0477191666666
 30
0.0
  0
SPLINE
  5
11E
330
1F
100
AcDbEntity
  8
DEFAULT
 62
     7
100
AcDbSpline
210
0.0
220
0.0
230
1.0
 70
    11
 71
     3
 72
    26
 73
    22
 74
     0
 42
0.000000001
 43
0.0000000001
 40
1.0
 40
1.0
 40
1.0
 40
1.0
 40
2.0
 40
2.0
 40
2.0
 40
3.0
 40
3.0
 40
3.0
 40
4.0
 40
4.0
 40
4.0
 40
11.7675682810001
 40
11.7675682810001
 40
11.7675682810001
 40
19.12713905652764
 40
19.12713905652764
 40
19.12713905652764
 40
37.30119804179563
 40
37.30119804179563
 40
37.30119804179563
 40
38.30119804179563
 40
38.30119804179563
 40
38.30119804179563
 40
38.30119804179563
 10
248.1835058333333
 20
350.4640847222222
 30
0.0
 10
246.6626808333333
 20
348.9414958333333
 30
0.0
 10
246.6619752777777
 20
346.4755791666666
 30
0.0
 10
248.1842113888889
 20
344.9536958333333
 30
0.0
 10
249.7060947222222
 20
343.4314597222222
 30
0.0
 10
252.1734225
 20
343.4314597222222
 30
0.0
 10
253.6956586111111
 20
344.9536958333333
 30
0.0
 10
254.0145697222222
 20
345.2747236111111
 30
0.0
 10
254.2710391666666
 20
345.6384375
 30
0.0
 10
254.4569530555555
 20
346.0286097222221
 30
0.0
 10
255.1026539814815
 20
345.3825560185185
 30
0.0
 10
255.7483549074074
 20
344.7365023148147
 30
0.0
 10
256.3940558333333
 20
344.0904486111111
 30
0.0
 10
257.0054197222223
 20
344.7029884259259
 30
0.0
 10
257.6167836111111
 20
345.3155282407407
 30
0.0
 10
258.2281475
 20
345.9280680555555
 30
0.0
 10
256.7173178703703
 20
347.4396032407407
 30
0.0
 10
255.2064882407407
 20
348.9511384259259
 30
0.0
 10
253.6956586111111
 20
350.4626736111111
 30
0.0
 10
252.1737752777778
 20
351.986673611111
 30
0.0
 10
249.7060947222222
 20
351.986673611111
 30
0.0
 10
248.1835058333333
 20
350.4640847222222
 30
0.0
  0
SPLINE
  5
11F
330
1F
100
AcDbEntity
  8
DEFAULT
 62
     7
100
AcDbSpline
210
0.0
220
0.0
230
1.0
 70
    11
 71
     3
 72
    17
 73
    13
 74
     0
 42
0.000000001
 43
0.0000000001
 40
1.0
 40
1.0
 40
1.0
 40
1.0
 40
2.0
 40
2.0
 40
2.0
 40
3.0
 40
3.0
 40
3.0
 40
4.0
 40
4.0
 40
4.0
 40
5.0
 40
5.0
 40
5.0
 40
5.0
 10
251.8573336111111
 20
346.7895513888889
 30
0.0
 10
251.3521558333333
 20
346.2826097222222
 30
0.0
 10
250.5287725
 20
346.2826097222222
 30
0.0
 10
250.0204197222222
 20
346.7895513888889
 30
0.0
 10
249.5131252777778
 20
347.2989625
 30
0.0
 10
249.5141836111111
 20
348.1198763888888
 30
0.0
 10
250.0200669444444
 20
348.6278763888889
 30
0.0
 10
250.5280669444444
 20
349.1341125
 30
0.0
 10
251.3503919444444
 20
349.1341125
 30
0.0
 10
251.8576863888889
 20
348.6271708333333
 30
0.0
 10
252.3649808333333
 20
348.1205819444444
 30
0.0
 10
252.3653336111111
 20
347.2989625
 30
0.0
 10
251.8573336111111
 20
346.7895513888889
 30
0.0
  0
SPLINE
  5
120
330
1F
100
AcDbEntity
  8
DEFAULT
 62
     7
100
AcDbSpline
210
0.0
220
0.0
230
1.0
 70
    11
 71
     3
 72
    29
 73
    25
 74
     0
 42
0.000000001
 43
0.0000000001
 40
0.0
 40
0.0
 40
0.0
 40
0.0
 40
1.0
 40
1.0
 40
1.0
 40
2.0
 40
2.0
 40
2.0
 40
3.0
 40
3.0
 40
3.0
 40
13.414976380194
 40
13.414976380194
 40
13.414976380194
 40
14.414976380194
 40
14.414976380194
 40
14.414976380194
 40
15.414976380194
 40
15.414976380194
 40
15.414976380194
 40
25.83773119837907
 40
25.83773119837907
 40
25.83773119837907
 40
26.83773119837907
 40
26.83773119837907
 40
26.83773119837907
 40
26.83773119837907
 10
247.8609963888889
 20
344.6304808333333
 30
0.0
 10
249.3835852777778
 20
343.1103613888889
 30
0.0
 10
249.3835852777778
 20
340.6430336111111
 30
0.0
 10
247.8627602777778
 20
339.1211502777778
 30
0.0
 10
246.3405241666667
 20
337.5989141666666
 30
0.0
 10
243.8731963888889
 20
337.5982086111111
 30
0.0
 10
242.3523713888889
 20
339.1204447222222
 30
0.0
 10
241.1522213888889
 20
340.3234169444444
 30
0.0
 10
240.8985741666667
 20
342.1074141666666
 30
0.0
 10
241.5903713888889
 20
343.5569780555555
 30
0.0
 10
242.4560880555556
 20
342.6906734259259
 30
0.0
 10
243.3218047222223
 20
341.8243687962963
 30
0.0
 10
244.1875213888889
 20
340.9580641666666
 30
0.0
 10
244.6941102777778
 20
340.4521808333333
 30
0.0
 10
245.5171408333333
 20
340.4504169444444
 30
0.0
 10
246.0265519444444
 20
340.9594752777778
 30
0.0
 10
246.5324352777778
 20
341.4657113888888
 30
0.0
 10
246.5334936111111
 20
342.2869780555555
 30
0.0
 10
246.0247880555555
 20
342.7942725
 30
0.0
 10
245.1584834259259
 20
343.6612826851851
 30
0.0
 10
244.2921787962963
 20
344.5282928703703
 30
0.0
 10
243.4258741666667
 20
345.3953030555555
 30
0.0
 10
244.8761436111111
 20
346.0856891666666
 30
0.0
 10
246.6622575
 20
345.8320419444444
 30
0.0
 10
247.8609963888889
 20
344.6304808333333
 30
0.0
  0
SPLINE
  5
121
330
1F
100
AcDbEntity
  8
DEFAULT
 62
     7
100
AcDbSpline
210
0.0
220
0.0
230
1.0
 70
    11
 71
     3
 72
    26
 73
    22
 74
     0
 42
0.000000001
 43
0.0000000001
 40
1.0
 40
1.0
 40
1.0
 40
1.0
 40
2.0
 40
2.0
 40
2.0
 40
9.764032972624566
 40
9.764032972624566
 40
9.764032972624566
 40
17.12430749196146
 40
17.12430749196146
 40
17.12430749196146
 40
35.30897369731142
 40
35.30897369731142
 40
35.30897369731142
 40
36.30897369731142
 40
36.30897369731142
 40
36.30897369731142
 40
37.30897369731142
 40
37.30897369731142
 40
37.30897369731142
 40
38.30897369731142
 40
38.30897369731142
 40
38.30897369731142
 40
38.30897369731142
 10
236.519085
 20
338.7996286111111
 30
0.0
 10
236.1980572222222
 20
338.4782480555555
 30
0.0
 10
235.9440572222222
 20
338.1131230555555
 30
0.0
 10
235.7581433333333
 20
337.7254202777777
 30
0.0
 10
235.1123248148148
 20
338.3707684259259
 30
0.0
 10
234.4665062962963
 20
339.016116574074
 30
0.0
 10
233.8206877777777
 20
339.6614647222222
 30
0.0
 10
233.2086183333333
 20
339.0495128703703
 30
0.0
 10
232.5965488888889
 20
338.4375610185185
 30
0.0
 10
231.9844794444444
 20
337.8256091666667
 30
0.0
 10
233.4960146296296
 20
336.3130156481482
 30
0.0
 10
235.0075498148148
 20
334.8004221296296
 30
0.0
 10
236.519085
 20
333.2878286111111
 30
0.0
 10
238.0416738888889
 20
331.7673563888889
 30
0.0
 10
240.5090016666666
 20
331.7684147222222
 30
0.0
 10
242.0298266666667
 20
333.2892397222222
 30
0.0
 10
243.5520627777777
 20
334.8107702777777
 30
0.0
 10
243.5506516666666
 20
337.2795091666666
 30
0.0
 10
242.030885
 20
338.7999813888889
 30
0.0
 10
240.5072377777778
 20
340.3208063888889
 30
0.0
 10
238.0409683333333
 20
340.3208063888889
 30
0.0
 10
236.519085
 20
338.7996286111111
 30
0.0
  0
SPLINE
  5
122
330
1F
100
AcDbEntity
  8
DEFAULT
 62
     7
100
AcDbSpline
210
0.0
220
0.0
230
1.0
 70
    11
 71
     3
 72
    17
 73
    13
 74
     0
 42
0.000000001
 43
0.0000000001
 40
1.0
 40
1.0
 40
1.0
 40
1.0
 40
2.0
 40
2.0
 40
2.0
 40
3.0
 40
3.0
 40
3.0
 40
4.0
 40
4.0
 40
4.0
 40
5.0
 40
5.0
 40
5.0
 40
5.0
 10
240.1936183333333
 20
335.1268591666666
 30
0.0
 10
239.68456
 20
334.6185063888889
 30
0.0
 10
238.8632933333333
 20
334.6185063888889
 30
0.0
 10
238.3563516666667
 20
335.1275647222222
 30
0.0
 10
237.8487044444444
 20
335.6338008333333
 30
0.0
 10
237.8504683333333
 20
336.4554202777778
 30
0.0
 10
238.3563516666667
 20
336.9641258333333
 30
0.0
 10
238.8625877777777
 20
337.4710674999999
 30
0.0
 10
239.6838544444444
 20
337.4710674999999
 30
0.0
 10
240.1929127777778
 20
336.9623619444444
 30
0.0
 10
240.70056
 20
336.4571841666667
 30
0.0
 10
240.6995016666666
 20
335.6327424999999
 30
0.0
 10
240.1936183333333
 20
335.1268591666666
 30
0.0
  0
SPLINE
  5
123
330
1F
100
AcDbEntity
  8
DEFAULT
 62
     7
100
AcDbSpline
210
0.0
220
0.0
230
1.0
 70
    11
 71
     3
 72
    17
 73
    13
 74
     0
 42
0.000000001
 43
0.0000000001
 40
1.0
 40
1.0
 40
1.0
 40
1.0
 40
2.0
 40
2.0
 40
2.0
 40
3.0
 40
3.0
 40
3.0
 40
4.0
 40
4.0
 40
4.0
 40
5.0
 40
5.0
 40
5.0
 40
5.0
 10
230.6883033333333
 20
332.9674005555555
 30
0.0
 10
229.1660672222222
 20
331.4469283333333
 30
0.0
 10
229.16642
 20
328.9796005555555
 30
0.0
 10
230.6879505555556
 20
327.45807
 30
0.0
 10
232.2098338888889
 20
325.9354811111111
 30
0.0
 10
234.6761033333333
 20
325.9354811111111
 30
0.0
 10
236.1986922222222
 20
327.4573644444444
 30
0.0
 10
237.7191644444444
 20
328.9774838888889
 30
0.0
 10
237.71987
 20
331.4469283333333
 30
0.0
 10
236.1965755555555
 20
332.9695172222222
 30
0.0
 10
234.6761033333333
 20
334.4889311111111
 30
0.0
 10
232.2084227777778
 20
334.4889311111111
 30
0.0
 10
230.6883033333333
 20
332.9674005555555
 30
0.0
  0
SPLINE
  5
124
330
1F
100
AcDbEntity
  8
DEFAULT
 62
     7
100
AcDbSpline
210
0.0
220
0.0
230
1.0
 70
    11
 71
     3
 72
    17
 73
    13
 74
     0
 42
0.000000001
 43
0.0000000001
 40
0.0
 40
0.0
 40
0.0
 40
0.0
 40
1.0
 40
1.0
 40
1.0
 40
2.0
 40
2.0
 40
2.0
 40
3.0
 40
3.0
 40
3.0
 40
4.0
 40
4.0
 40
4.0
 40
4.0
 10
234.36072
 20
329.2956894444444
 30
0.0
 10
233.8537783333333
 20
328.7880422222222
 30
0.0
 10
233.0300422222222
 20
328.7880422222222
 30
0.0
 10
232.5241588888889
 20
329.2942783333333
 30
0.0
 10
232.01757
 20
329.8022783333333
 30
0.0
 10
232.0165116666667
 20
330.6249561111111
 30
0.0
 10
232.5248644444445
 20
331.1318977777777
 30
0.0
 10
233.030395
 20
331.6377811111111
 30
0.0
 10
233.8537783333333
 20
331.6377811111111
 30
0.0
 10
234.3596616666667
 20
331.1318977777777
 30
0.0
 10
234.8680144444444
 20
330.6228394444444
 30
0.0
 10
234.8676616666667
 20
329.8015727777777
 30
0.0
 10
234.36072
 20
329.2956894444444
 30
0.0
  0
SPLINE
  5
125
330
1F
100
AcDbEntity
  8
DEFAULT
 62
     1
100
AcDbSpline
210
0.0
220
0.0
230
1.0
 70
     8
 71
     3
 72
     8
 73
     4
 74
     0
 42
0.000000001
 43
0.0000000001
 40
0.0
 40
0.0
 40
0.0
 40
0.0
 40
1.0
 40
1.0
 40
1.0
 40
1.0
 10
247.1678586111111
 20
292.8267575
 30
0.0
 10
247.4850058333333
 20
292.1914047222222
 30
0.0
 10
246.9173863888888
 20
291.9053019444444
 30
0.0
 10
246.8503586111111
 20
290.9954880555555
 30
0.0
  0
SPLINE
  5
126
330
1F
100
AcDbEntity
  8
DEFAULT
 62
     1
100
AcDbSpline
210
0.0
220
0.0
230
1.0
 70
     8
 71
     3
 72
     8
 73
     4
 74
     0
 42
0.000000001
 43
0.0000000001
 40
0.0
 40
0.0
 40
0.0
 40
0.0
 40
1.0
 40
1.0
 40
1.0
 40
1.0
 10
246.8502175
 20
290.64585
 30
0.0
 10
246.9172452777778
 20
289.7501472222222
 30
0.0
 10
247.4816897222222
 20
289.5522388888889
 30
0.0
 10
247.1677175
 20
288.9214722222222
 30
0.0
  0
SPLINE
  5
127
330
1F
100
AcDbEntity
  8
DEFAULT
 62
     1
100
AcDbSpline
210
0.0
220
0.0
230
1.0
 70
     8
 71
     3
 72
    47
 73
    43
 74
     0
 42
0.000000001
 43
0.0000000001
 40
0.0
 40
0.0
 40
0.0
 40
0.0
 40
1.0
 40
1.0
 40
1.0
 40
2.0
 40
2.0
 40
2.0
 40
3.0
 40
3.0
 40
3.0
 40
4.0
 40
4.0
 40
4.0
 40
9.669999999999959
 40
9.669999999999959
 40
9.669999999999959
 40
18.16999999999996
 40
18.16999999999996
 40
18.16999999999996
 40
23.83999999999992
 40
23.83999999999992
 40
23.83999999999992
 40
24.83999999999992
 40
24.83999999999992
 40
24.83999999999992
 40
25.83999999999992
 40
25.83999999999992
 40
25.83999999999992
 40
26.83999999999992
 40
26.83999999999992
 40
26.83999999999992
 40
27.83999999999992
 40
27.83999999999992
 40
27.83999999999992
 40
28.83999999999992
 40
28.83999999999992
 40
28.83999999999992
 40
34.50999999999988
 40
34.50999999999988
 40
34.50999999999988
 40
38.29099999999983
 40
38.29099999999983
 40
38.29099999999983
 40
38.29099999999983
 10
246.0461311111111
 20
300.7530744444445
 30
0.0
 10
246.2084088888889
 20
302.9861577777777
 30
0.0
 10
250.1274172222222
 20
303.6564355555556
 30
0.0
 10
255.1721394444444
 20
303.6564355555556
 30
0.0
 10
261.0744644444445
 20
303.6564355555556
 30
0.0
 10
261.0776394444445
 20
303.1061022222222
 30
0.0
 10
261.0776394444445
 20
300.6758161111111
 30
0.0
 10
261.0776394444445
 20
300.6264272222222
 30
0.0
 10
259.9593338888889
 20
300.1752244444444
 30
0.0
 10
258.5767977777778
 20
300.1752244444444
 30
0.0
 10
257.1939088888889
 20
300.1752244444444
 30
0.0
 10
256.417445
 20
300.2239077777778
 30
0.0
 10
256.0756033333333
 20
300.2239077777778
 30
0.0
 10
255.4088533333333
 20
300.2239077777778
 30
0.0
 10
254.7421033333333
 20
300.2239077777778
 30
0.0
 10
254.0753533333333
 20
300.2239077777778
 30
0.0
 10
254.0753533333333
 20
299.2243707407407
 30
0.0
 10
254.0753533333333
 20
298.2248337037037
 30
0.0
 10
254.0753533333333
 20
297.2252966666667
 30
0.0
 10
254.7421033333333
 20
297.2252966666667
 30
0.0
 10
255.4088533333333
 20
297.2252966666667
 30
0.0
 10
256.0756033333333
 20
297.2252966666667
 30
0.0
 10
256.417445
 20
297.2252966666667
 30
0.0
 10
257.1939088888889
 20
297.2750383333333
 30
0.0
 10
258.5767977777778
 20
297.2750383333333
 30
0.0
 10
259.9593338888889
 20
297.2750383333333
 30
0.0
 10
261.0776394444445
 20
296.8305383333333
 30
0.0
 10
261.0776394444445
 20
296.7740938888889
 30
0.0
 10
261.1485477777778
 20
295.8671022222222
 30
0.0
 10
261.1658338888889
 20
293.9091855555556
 30
0.0
 10
261.1732422222222
 20
292.7838244444444
 30
0.0
 10
261.1732422222222
 20
292.7309077777778
 30
0.0
 10
260.0549366666667
 20
292.2832327777778
 30
0.0
 10
258.671695
 20
292.2832327777778
 30
0.0
 10
257.2888061111111
 20
292.2832327777778
 30
0.0
 10
256.5130477777778
 20
292.3290938888888
 30
0.0
 10
256.1705005555555
 20
292.3290938888888
 30
0.0
 10
255.5037505555555
 20
292.3290938888888
 30
0.0
 10
254.8370005555555
 20
292.3290938888888
 30
0.0
 10
254.1702505555556
 20
292.3290938888888
 30
0.0
 10
254.1702505555556
 20
291.8844762962963
 30
0.0
 10
254.1702505555556
 20
291.4398587037037
 30
0.0
 10
254.1702505555556
 20
290.9952411111111
 30
0.0
  0
SPLINE
  5
128
330
1F
100
AcDbEntity
  8
DEFAULT
 62
     1
100
AcDbSpline
210
0.0
220
0.0
230
1.0
 70
     8
 71
     3
 72
    47
 73
    43
 74
     0
 42
0.000000001
 43
0.0000000001
 40
0.0
 40
0.0
 40
0.0
 40
0.0
 40
3.729000000000042
 40
3.729000000000042
 40
3.729000000000042
 40
9.399000000000001
 40
9.399000000000001
 40
9.399000000000001
 40
10.399
 40
10.399
 40
10.399
 40
11.399
 40
11.399
 40
11.399
 40
12.399
 40
12.399
 40
12.399
 40
13.399
 40
13.399
 40
13.399
 40
14.399
 40
14.399
 40
14.399
 40
20.06899999999996
 40
20.06899999999996
 40
20.06899999999996
 40
28.56899999999996
 40
28.56899999999996
 40
28.56899999999996
 40
34.23899999999992
 40
34.23899999999992
 40
34.23899999999992
 40
35.23899999999992
 40
35.23899999999992
 40
35.23899999999992
 40
36.23899999999992
 40
36.23899999999992
 40
36.23899999999992
 40
37.23899999999992
 40
37.23899999999992
 40
37.23899999999992
 40
38.23899999999992
 40
38.23899999999992
 40
38.23899999999992
 40
38.23899999999992
 10
254.1703563888888
 20
290.64585
 30
0.0
 10
254.1703563888888
 20
290.2073472222222
 30
0.0
 10
254.1703563888888
 20
289.7688444444444
 30
0.0
 10
254.1703563888888
 20
289.3303416666666
 30
0.0
 10
254.8371063888889
 20
289.3303416666666
 30
0.0
 10
255.5038563888888
 20
289.3303416666666
 30
0.0
 10
256.1706063888888
 20
289.3303416666666
 30
0.0
 10
256.5131536111111
 20
289.3303416666666
 30
0.0
 10
257.2889119444444
 20
289.3793777777777
 30
0.0
 10
258.6718008333333
 20
289.3793777777777
 30
0.0
 10
260.0550425
 20
289.3793777777777
 30
0.0
 10
261.1733480555555
 20
288.9348777777778
 30
0.0
 10
261.1733480555555
 20
288.8787861111111
 30
0.0
 10
261.1659397222222
 20
287.7918777777778
 30
0.0
 10
261.1451258333333
 20
285.8625361111111
 30
0.0
 10
261.0812730555555
 20
284.9774166666667
 30
0.0
 10
261.0812730555555
 20
284.9241472222222
 30
0.0
 10
259.9629674999999
 20
284.4764722222222
 30
0.0
 10
258.5800786111111
 20
284.4764722222222
 30
0.0
 10
257.1971897222222
 20
284.4764722222222
 30
0.0
 10
256.4210786111111
 20
284.5251555555556
 30
0.0
 10
256.0788841666666
 20
284.5251555555556
 30
0.0
 10
255.4121341666666
 20
284.5251555555556
 30
0.0
 10
254.7453841666666
 20
284.5251555555556
 30
0.0
 10
254.0786341666666
 20
284.5251555555556
 30
0.0
 10
254.0786341666666
 20
283.5256185185185
 30
0.0
 10
254.0786341666666
 20
282.5260814814815
 30
0.0
 10
254.0786341666666
 20
281.5265444444444
 30
0.0
 10
254.7453841666666
 20
281.5265444444444
 30
0.0
 10
255.4121341666666
 20
281.5265444444444
 30
0.0
 10
256.0788841666666
 20
281.5265444444444
 30
0.0
 10
256.4210786111111
 20
281.5265444444444
 30
0.0
 10
257.1971897222222
 20
281.5762861111111
 30
0.0
 10
258.5800786111111
 20
281.5762861111111
 30
0.0
 10
259.9629674999999
 20
281.5762861111111
 30
0.0
 10
261.0812730555555
 20
281.1282583333333
 30
0.0
 10
261.0812730555555
 20
281.0721666666666
 30
0.0
 10
261.0812730555555
 20
277.5546194444444
 30
0.0
 10
261.1694675
 20
278.0058222222222
 30
0.0
 10
255.1722452777778
 20
278.0058222222222
 30
0.0
 10
250.1275230555555
 20
278.0058222222222
 30
0.0
 10
246.2085147222222
 20
278.6761
 30
0.0
 10
246.0462369444444
 20
280.9091833333333
 30
0.0
  0
SPLINE
  5
129
330
1F
100
AcDbEntity
  8
DEFAULT
 62
     1
100
AcDbSpline
210
0.0
220
0.0
230
1.0
 70
     8
 71
     3
 72
    44
 73
    40
 74
     0
 42
0.000000001
 43
0.0000000001
 40
0.0
 40
0.0
 40
0.0
 40
0.0
 40
3.900999999999954
 40
3.900999999999954
 40
3.900999999999954
 40
9.570999999999913
 40
9.570999999999913
 40
9.570999999999913
 40
10.57099999999991
 40
10.57099999999991
 40
10.57099999999991
 40
11.57099999999991
 40
11.57099999999991
 40
11.57099999999991
 40
12.57099999999991
 40
12.57099999999991
 40
12.57099999999991
 40
13.57099999999991
 40
13.57099999999991
 40
13.57099999999991
 40
14.57099999999991
 40
14.57099999999991
 40
14.57099999999991
 40
15.57099999999991
 40
15.57099999999991
 40
15.57099999999991
 40
16.57099999999991
 40
16.57099999999991
 40
16.57099999999991
 40
17.57099999999991
 40
17.57099999999991
 40
17.57099999999991
 40
18.57099999999991
 40
18.57099999999991
 40
18.57099999999991
 40
19.57099999999991
 40
19.57099999999991
 40
19.57099999999991
 40
20.57099999999991
 40
20.57099999999991
 40
20.57099999999991
 40
20.57099999999991
 10
240.1686416666666
 20
290.9952763888889
 30
0.0
 10
240.1686416666666
 20
291.4540050925926
 30
0.0
 10
240.1686416666666
 20
291.9127337962963
 30
0.0
 10
240.1686416666666
 20
292.3714625
 30
0.0
 10
240.8353916666667
 20
292.3714625
 30
0.0
 10
241.5021416666666
 20
292.3714625
 30
0.0
 10
242.1688916666666
 20
292.3714625
 30
0.0
 10
242.5110861111111
 20
292.3714625
 30
0.0
 10
243.2871972222222
 20
292.3217208333333
 30
0.0
 10
244.6665583333333
 20
292.3259541666666
 30
0.0
 10
246.0494472222222
 20
292.3259541666666
 30
0.0
 10
247.1677527777777
 20
292.7736291666666
 30
0.0
 10
247.1677527777777
 20
292.8268986111111
 30
0.0
 10
246.2046694444444
 20
294.7805819444444
 30
0.0
 10
245.9224472222222
 20
297.7760180555555
 30
0.0
 10
246.0462722222222
 20
300.7531097222222
 30
0.0
 10
246.1552805555555
 20
303.4306930555555
 30
0.0
 10
246.5927249999999
 20
306.0945180555555
 30
0.0
 10
247.1571694444444
 20
307.9748236111111
 30
0.0
 10
247.2206694444444
 20
308.1829625
 30
0.0
 10
246.8999944444444
 20
308.4895263888889
 30
0.0
 10
246.6915027777777
 20
308.4440180555555
 30
0.0
 10
243.5059194444444
 20
307.7733875
 30
0.0
 10
241.7490861111111
 20
306.1047486111111
 30
0.0
 10
240.2254388888888
 20
306.1509624999999
 30
0.0
 10
240.6307805555555
 20
307.5088041666666
 30
0.0
 10
241.3719666666666
 20
308.1543875
 30
0.0
 10
241.9043083333333
 20
308.4542486111111
 30
0.0
 10
242.2817805555555
 20
308.6623875
 30
0.0
 10
242.1124472222222
 20
308.736823611111
 30
0.0
 10
241.9043083333333
 20
308.7403513888888
 30
0.0
 10
238.2777527777777
 20
308.8532402777777
 30
0.0
 10
236.464475
 20
307.5620736111111
 30
0.0
 10
234.8487527777777
 20
304.8382763888889
 30
0.0
 10
233.3776694444444
 20
306.4825736111111
 30
0.0
 10
229.5465027777778
 20
303.7979347222222
 30
0.0
 10
229.5465027777778
 20
303.7979347222222
 30
0.0
 10
232.8911888888889
 20
302.9050541666667
 30
0.0
 10
229.7969749999999
 20
295.5778597222222
 30
0.0
 10
233.2439666666666
 20
290.9952763888889
 30
0.0
  0
SPLINE
  5
12A
330
1F
100
AcDbEntity
  8
DEFAULT
 62
     1
100
AcDbSpline
210
0.0
220
0.0
230
1.0
 70
     8
 71
     3
 72
    44
 73
    40
 74
     0
 42
0.000000001
 43
0.0000000001
 40
0.0
 40
0.0
 40
0.0
 40
0.0
 40
1.0
 40
1.0
 40
1.0
 40
2.0
 40
2.0
 40
2.0
 40
3.0
 40
3.0
 40
3.0
 40
4.0
 40
4.0
 40
4.0
 40
5.0
 40
5.0
 40
5.0
 40
6.0
 40
6.0
 40
6.0
 40
7.0
 40
7.0
 40
7.0
 40
8.0
 40
8.0
 40
8.0
 40
9.0
 40
9.0
 40
9.0
 40
10.0
 40
10.0
 40
10.0
 40
11.0
 40
11.0
 40
11.0
 40
16.66999999999996
 40
16.66999999999996
 40
16.66999999999996
 40
20.279
 40
20.279
 40
20.279
 40
20.279
 10
233.2400861111111
 20
290.6460263888889
 30
0.0
 10
229.8005027777777
 20
286.0641486111111
 30
0.0
 10
232.8911888888889
 20
278.7440097222222
 30
0.0
 10
229.5465027777778
 20
277.8507763888888
 30
0.0
 10
229.5465027777778
 20
277.8507763888888
 30
0.0
 10
233.3776694444444
 20
275.1664902777778
 30
0.0
 10
234.8487527777777
 20
276.8069069444444
 30
0.0
 10
236.464475
 20
274.0901652777777
 30
0.0
 10
238.2777527777777
 20
272.7954708333333
 30
0.0
 10
241.9043083333333
 20
272.9051847222222
 30
0.0
 10
242.1124472222222
 20
272.9118875
 30
0.0
 10
242.2817805555555
 20
272.9831486111111
 30
0.0
 10
241.9043083333333
 20
273.1944625
 30
0.0
 10
241.3719666666666
 20
273.4978513888889
 30
0.0
 10
240.6307805555555
 20
274.1399069444444
 30
0.0
 10
240.2254388888888
 20
275.4977486111111
 30
0.0
 10
241.7490861111111
 20
275.5439625
 30
0.0
 10
243.5059194444444
 20
273.8784986111111
 30
0.0
 10
246.6844472222222
 20
273.2046930555555
 30
0.0
 10
246.8999944444444
 20
273.1595375
 30
0.0
 10
247.2206694444444
 20
273.4692763888888
 30
0.0
 10
247.1571694444444
 20
273.6774152777778
 30
0.0
 10
246.5927249999999
 20
275.5510180555556
 30
0.0
 10
246.1588083333333
 20
278.2215458333333
 30
0.0
 10
246.0462722222222
 20
280.9093597222222
 30
0.0
 10
245.9189194444444
 20
283.9224347222222
 30
0.0
 10
246.2011416666666
 20
286.9594986111111
 30
0.0
 10
247.1677527777777
 20
288.9212958333333
 30
0.0
 10
247.1677527777777
 20
288.9777402777777
 30
0.0
 10
246.0494472222222
 20
289.4222402777777
 30
0.0
 10
244.6665583333333
 20
289.4222402777777
 30
0.0
 10
243.2871972222222
 20
289.4222402777777
 30
0.0
 10
242.5110861111111
 20
289.3728513888889
 30
0.0
 10
242.1688916666666
 20
289.3728513888889
 30
0.0
 10
241.5021416666666
 20
289.3728513888889
 30
0.0
 10
240.8353916666667
 20
289.3728513888889
 30
0.0
 10
240.1686416666666
 20
289.3728513888889
 30
0.0
 10
240.1686416666666
 20
289.7972430555556
 30
0.0
 10
240.1686416666666
 20
290.2216347222222
 30
0.0
 10
240.1686416666666
 20
290.6460263888889
 30
0.0
  0
SPLINE
  5
12B
330
1F
100
AcDbEntity
  8
DEFAULT
 62
     1
100
AcDbSpline
210
0.0
220
0.0
230
1.0
 70
     8
 71
     3
 72
    17
 73
    13
 74
     0
 42
0.000000001
 43
0.0000000001
 40
0.0
 40
0.0
 40
0.0
 40
0.0
 40
1.0
 40
1.0
 40
1.0
 40
2.0
 40
2.0
 40
2.0
 40
3.0
 40
3.0
 40
3.0
 40
4.0
 40
4.0
 40
4.0
 40
4.0
 10
236.8031416666666
 20
298.3016569444444
 30
0.0
 10
238.0237527777777
 20
297.0806930555556
 30
0.0
 10
239.2443638888889
 20
295.9204069444444
 30
0.0
 10
240.4790861111111
 20
297.148073611111
 30
0.0
 10
241.7455583333333
 20
298.4180736111111
 30
0.0
 10
241.7455583333333
 20
300.4712402777778
 30
0.0
 10
240.4790861111111
 20
301.7377124999999
 30
0.0
 10
239.2020305555555
 20
303.0144152777777
 30
0.0
 10
237.1488638888889
 20
303.0144152777777
 30
0.0
 10
235.8823916666666
 20
301.7447680555555
 30
0.0
 10
234.6511972222222
 20
300.5100458333333
 30
0.0
 10
235.3567527777777
 20
299.7445180555555
 30
0.0
 10
236.5561972222222
 20
298.5482486111111
 30
0.0
  0
SPLINE
  5
12C
330
1F
100
AcDbEntity
  8
DEFAULT
 62
     1
100
AcDbSpline
210
0.0
220
0.0
230
1.0
 70
     8
 71
     3
 72
    17
 73
    13
 74
     0
 42
0.000000001
 43
0.0000000001
 40
0.0
 40
0.0
 40
0.0
 40
0.0
 40
1.0
 40
1.0
 40
1.0
 40
2.0
 40
2.0
 40
2.0
 40
3.0
 40
3.0
 40
3.0
 40
4.0
 40
4.0
 40
4.0
 40
4.0
 10
236.5738361111111
 20
283.7742680555555
 30
0.0
 10
237.8159666666666
 20
284.9980541666666
 30
0.0
 10
239.2443638888889
 20
286.0426291666666
 30
0.0
 10
240.4790861111111
 20
284.8114347222222
 30
0.0
 10
241.7455583333333
 20
283.5449625
 30
0.0
 10
241.7455583333333
 20
281.4914430555555
 30
0.0
 10
240.4759111111111
 20
280.2217958333333
 30
0.0
 10
239.2020305555555
 20
278.9517958333333
 30
0.0
 10
237.1488638888889
 20
278.9517958333333
 30
0.0
 10
235.8823916666666
 20
280.2217958333333
 30
0.0
 10
234.6550777777778
 20
281.4498152777777
 30
0.0
 10
235.1415583333333
 20
282.3239986111111
 30
0.0
 10
236.3268916666666
 20
283.5269708333333
 30
0.0
  0
SPLINE
  5
12D
330
1F
100
AcDbEntity
  8
DEFAULT
 62
     1
100
AcDbSpline
210
0.0
220
0.0
230
1.0
 70
     8
 71
     3
 72
     8
 73
     4
 74
     0
 42
0.000000001
 43
0.0000000001
 40
0.0
 40
0.0
 40
0.0
 40
0.0
 40
1.0
 40
1.0
 40
1.0
 40
1.0
 10
289.5259922222222
 20
278.6727486111111
 30
0.0
 10
290.4463894444444
 20
278.5563319444444
 30
0.0
 10
290.7568338888889
 20
278.1682763888889
 30
0.0
 10
291.3001116666667
 20
278.0941930555555
 30
0.0
  0
SPLINE
  5
12E
330
1F
100
AcDbEntity
  8
DEFAULT
 62
     1
100
AcDbSpline
210
0.0
220
0.0
230
1.0
 70
     8
 71
     3
 72
     8
 73
     4
 74
     0
 42
0.000000001
 43
0.0000000001
 40
0.0
 40
0.0
 40
0.0
 40
0.0
 40
1.0
 40
1.0
 40
1.0
 40
1.0
 10
291.6495380555555
 20
278.0941577777778
 30
0.0
 10
292.1963436111111
 20
278.1650661111111
 30
0.0
 10
292.5032602777778
 20
278.5562966666666
 30
0.0
 10
293.4275380555555
 20
278.6727133333333
 30
0.0
  0
SPLINE
  5
12F
330
1F
100
AcDbEntity
  8
DEFAULT
 62
     1
100
AcDbSpline
210
0.0
220
0.0
230
1.0
 70
     8
 71
     3
 72
    38
 73
    34
 74
     0
 42
0.000000001
 43
0.0000000001
 40
0.0
 40
0.0
 40
0.0
 40
0.0
 40
1.0
 40
1.0
 40
1.0
 40
2.0
 40
2.0
 40
2.0
 40
3.0
 40
3.0
 40
3.0
 40
4.0
 40
4.0
 40
4.0
 40
5.0
 40
5.0
 40
5.0
 40
6.0
 40
6.0
 40
6.0
 40
7.009999999999991
 40
7.009999999999991
 40
7.009999999999991
 40
8.009999999999991
 40
8.009999999999991
 40
8.009999999999991
 40
9.009999999999991
 40
9.009999999999991
 40
9.009999999999991
 40
14.66999999999996
 40
14.66999999999996
 40
14.66999999999996
 40
18.42999999999995
 40
18.42999999999995
 40
18.42999999999995
 40
18.42999999999995
 10
295.5159825
 20
277.4561238888888
 30
0.0
 10
297.0928991666667
 20
278.3063183333333
 30
0.0
 10
295.9745936111111
 20
271.3072072222222
 30
0.0
 10
297.7384824999999
 20
273.3074572222222
 30
0.0
 10
299.6399547222222
 20
275.4629294444444
 30
0.0
 10
298.5287047222222
 20
278.3945127777777
 30
0.0
 10
300.1095019444444
 20
274.7785405555555
 30
0.0
 10
301.1286769444444
 20
272.4498544444444
 30
0.0
 10
299.2907047222222
 20
271.6102433333333
 30
0.0
 10
299.8233991666667
 20
270.072485
 30
0.0
 10
301.5061491666667
 20
265.2002711111111
 30
0.0
 10
295.2020102777777
 20
267.4548738888888
 30
0.0
 10
295.8087880555555
 20
264.6284183333333
 30
0.0
 10
296.0733713888889
 20
263.3979294444444
 30
0.0
 10
295.9393158333333
 20
262.9393183333333
 30
0.0
 10
295.5688991666666
 20
262.8722905555555
 30
0.0
 10
295.5442047222222
 20
262.8722905555555
 30
0.0
 10
295.5195102777777
 20
262.8687627777777
 30
0.0
 10
295.4948158333333
 20
262.8645294444444
 30
0.0
 10
294.7433991666666
 20
262.8225488888888
 30
0.0
 10
294.6904825
 20
264.0819655555555
 30
0.0
 10
293.4275380555555
 20
264.0858461111111
 30
0.0
 10
293.3746213888888
 20
264.0858461111111
 30
0.0
 10
292.9265936111111
 20
265.2037988888889
 30
0.0
 10
292.9265936111111
 20
266.5902155555555
 30
0.0
 10
292.9265936111111
 20
267.9731044444444
 30
0.0
 10
292.9759824999999
 20
268.7456877777777
 30
0.0
 10
292.9759824999999
 20
269.0914099999999
 30
0.0
 10
292.9759824999999
 20
269.7569840740741
 30
0.0
 10
292.9759824999999
 20
270.4225581481481
 30
0.0
 10
292.9759824999999
 20
271.0881322222222
 30
0.0
 10
292.5338343518518
 20
271.0881322222222
 30
0.0
 10
292.0916862037037
 20
271.0881322222222
 30
0.0
 10
291.6495380555555
 20
271.0881322222222
 30
0.0
  0
SPLINE
  5
130
330
1F
100
AcDbEntity
  8
DEFAULT
 62
     1
100
AcDbSpline
210
0.0
220
0.0
230
1.0
 70
     8
 71
     3
 72
    38
 73
    34
 74
     0
 42
0.000000001
 43
0.0000000001
 40
0.0
 40
0.0
 40
0.0
 40
0.0
 40
1.0
 40
1.0
 40
1.0
 40
2.0
 40
2.0
 40
2.0
 40
3.0
 40
3.0
 40
3.0
 40
4.0
 40
4.0
 40
4.0
 40
5.0
 40
5.0
 40
5.0
 40
6.0
 40
6.0
 40
6.0
 40
7.0
 40
7.0
 40
7.0
 40
8.0
 40
8.0
 40
8.0
 40
9.0
 40
9.0
 40
9.0
 40
14.65999999999997
 40
14.65999999999997
 40
14.65999999999997
 40
18.40999999999997
 40
18.40999999999997
 40
18.40999999999997
 40
18.40999999999997
 10
287.4372302777778
 20
277.4561238888888
 30
0.0
 10
285.8603136111111
 20
278.3063183333333
 30
0.0
 10
286.9786191666666
 20
271.3072072222222
 30
0.0
 10
285.2147302777777
 20
273.3074572222222
 30
0.0
 10
283.3136108333333
 20
275.4629294444444
 30
0.0
 10
284.4245080555555
 20
278.3945127777777
 30
0.0
 10
282.8440636111111
 20
274.7785405555555
 30
0.0
 10
281.8248886111111
 20
272.4498544444444
 30
0.0
 10
283.6628608333333
 20
271.6102433333333
 30
0.0
 10
283.129813611111
 20
270.072485
 30
0.0
 10
281.4474163888888
 20
265.2002711111111
 30
0.0
 10
287.7515552777778
 20
267.4548738888888
 30
0.0
 10
287.1447775
 20
264.6284183333333
 30
0.0
 10
286.8801941666666
 20
263.3979294444444
 30
0.0
 10
287.0142497222222
 20
262.9393183333333
 30
0.0
 10
287.3846663888888
 20
262.8722905555555
 30
0.0
 10
287.4093608333333
 20
262.8722905555555
 30
0.0
 10
287.4337025
 20
262.8687627777777
 30
0.0
 10
287.4587497222222
 20
262.8645294444444
 30
0.0
 10
288.2098136111111
 20
262.8225488888888
 30
0.0
 10
288.2666108333333
 20
264.0819655555555
 30
0.0
 10
289.5260275
 20
264.0858461111111
 30
0.0
 10
289.5821191666666
 20
264.0858461111111
 30
0.0
 10
290.0269719444444
 20
265.2037988888889
 30
0.0
 10
290.0269719444444
 20
266.5902155555555
 30
0.0
 10
290.0269719444444
 20
267.9731044444444
 30
0.0
 10
289.9772302777778
 20
268.7456877777777
 30
0.0
 10
289.9772302777778
 20
269.0914099999999
 30
0.0
 10
289.9772302777778
 20
269.7569840740741
 30
0.0
 10
289.9772302777778
 20
270.4225581481481
 30
0.0
 10
289.9772302777778
 20
271.0881322222222
 30
0.0
 10
290.4182025
 20
271.0881322222222
 30
0.0
 10
290.8591747222222
 20
271.0881322222222
 30
0.0
 10
291.3001469444444
 20
271.0881322222222
 30
0.0
  0
SPLINE
  5
131
330
1F
100
AcDbEntity
  8
DEFAULT
 62
     1
100
AcDbSpline
210
0.0
220
0.0
230
1.0
 70
     8
 71
     3
 72
     8
 73
     4
 74
     0
 42
0.000000001
 43
0.0000000001
 40
0.0
 40
0.0
 40
0.0
 40
0.0
 40
1.0
 40
1.0
 40
1.0
 40
1.0
 10
289.5259922222222
 20
293.2599686111111
 30
0.0
 10
290.4463894444444
 20
293.1435519444444
 30
0.0
 10
290.7568338888889
 20
292.7554963888889
 30
0.0
 10
291.3001116666667
 20
292.6817658333333
 30
0.0
  0
SPLINE
  5
132
330
1F
100
AcDbEntity
  8
DEFAULT
 62
     1
100
AcDbSpline
210
0.0
220
0.0
230
1.0
 70
     8
 71
     3
 72
     8
 73
     4
 74
     0
 42
0.000000001
 43
0.0000000001
 40
0.0
 40
0.0
 40
0.0
 40
0.0
 40
1.0
 40
1.0
 40
1.0
 40
1.0
 10
291.6495380555555
 20
292.6819069444444
 30
0.0
 10
292.1963436111111
 20
292.7521097222222
 30
0.0
 10
292.5032602777778
 20
293.1436930555555
 30
0.0
 10
293.4275380555555
 20
293.2601097222222
 30
0.0
  0
SPLINE
  5
133
330
1F
100
AcDbEntity
  8
DEFAULT
 62
     1
100
AcDbSpline
210
0.0
220
0.0
230
1.0
 70
     8
 71
     3
 72
    38
 73
    34
 74
     0
 42
0.000000001
 43
0.0000000001
 40
0.0
 40
0.0
 40
0.0
 40
0.0
 40
3.759999999999991
 40
3.759999999999991
 40
3.759999999999991
 40
9.419999999999959
 40
9.419999999999959
 40
9.419999999999959
 40
10.41999999999996
 40
10.41999999999996
 40
10.41999999999996
 40
11.42999999999995
 40
11.42999999999995
 40
11.42999999999995
 40
12.42999999999995
 40
12.42999999999995
 40
12.42999999999995
 40
13.42999999999995
 40
13.42999999999995
 40
13.42999999999995
 40
14.42999999999995
 40
14.42999999999995
 40
14.42999999999995
 40
15.42999999999995
 40
15.42999999999995
 40
15.42999999999995
 40
16.42999999999995
 40
16.42999999999995
 40
16.42999999999995
 40
17.42999999999995
 40
17.42999999999995
 40
17.42999999999995
 40
18.42999999999995
 40
18.42999999999995
 40
18.42999999999995
 40
18.42999999999995
 10
291.6495380555555
 20
285.6752463888889
 30
0.0
 10
292.0916862037037
 20
285.6752463888889
 30
0.0
 10
292.5338343518519
 20
285.6752463888889
 30
0.0
 10
292.9759825
 20
285.6752463888889
 30
0.0
 10
292.9759825
 20
285.0096723148147
 30
0.0
 10
292.9759825
 20
284.3440982407407
 30
0.0
 10
292.9759825
 20
283.6785241666666
 30
0.0
 10
292.9759825
 20
283.3331547222222
 30
0.0
 10
292.9265936111111
 20
282.5602186111111
 30
0.0
 10
292.9265936111111
 20
281.1773297222222
 30
0.0
 10
292.9265936111111
 20
279.7909130555556
 30
0.0
 10
293.3746213888889
 20
278.6726075
 30
0.0
 10
293.4310658333333
 20
278.6726075
 30
0.0
 10
294.6904825
 20
278.6694325
 30
0.0
 10
294.7433991666667
 20
277.4096630555555
 30
0.0
 10
295.4948158333333
 20
277.4523491666666
 30
0.0
 10
295.5195102777778
 20
277.4562297222222
 30
0.0
 10
295.5442047222222
 20
277.4594047222222
 30
0.0
 10
295.5688991666667
 20
277.4594047222222
 30
0.0
 10
295.9393158333333
 20
277.5260797222222
 30
0.0
 10
296.0733713888889
 20
277.9853963888888
 30
0.0
 10
295.8087880555555
 20
279.2162380555556
 30
0.0
 10
295.2020102777778
 20
282.0423408333333
 30
0.0
 10
301.5061491666667
 20
279.7877380555556
 30
0.0
 10
299.8233991666667
 20
284.6595991666666
 30
0.0
 10
299.2907047222222
 20
286.1977102777777
 30
0.0
 10
301.1286769444444
 20
287.0373213888889
 30
0.0
 10
300.1091491666667
 20
289.3656547222222
 30
0.0
 10
298.5287047222222
 20
292.9816269444444
 30
0.0
 10
299.6399547222222
 20
290.0496908333333
 30
0.0
 10
297.7384825
 20
287.8945713888889
 30
0.0
 10
295.9745936111111
 20
285.8943213888888
 30
0.0
 10
297.0928991666667
 20
292.8934325
 30
0.0
 10
295.5159825
 20
292.0432380555555
 30
0.0
  0
SPLINE
  5
134
330
1F
100
AcDbEntity
  8
DEFAULT
 62
     1
100
AcDbSpline
210
0.0
220
0.0
230
1.0
 70
     8
 71
     3
 72
    38
 73
    34
 74
     0
 42
0.000000001
 43
0.0000000001
 40
0.0
 40
0.0
 40
0.0
 40
0.0
 40
1.0
 40
1.0
 40
1.0
 40
2.0
 40
2.0
 40
2.0
 40
3.0
 40
3.0
 40
3.0
 40
4.0
 40
4.0
 40
4.0
 40
5.0
 40
5.0
 40
5.0
 40
6.0
 40
6.0
 40
6.0
 40
7.0
 40
7.0
 40
7.0
 40
8.0
 40
8.0
 40
8.0
 40
9.0
 40
9.0
 40
9.0
 40
14.65999999999997
 40
14.65999999999997
 40
14.65999999999997
 40
18.40999999999997
 40
18.40999999999997
 40
18.40999999999997
 40
18.40999999999997
 10
287.4372302777778
 20
292.0433438888888
 30
0.0
 10
285.8603136111111
 20
292.8935383333333
 30
0.0
 10
286.9786191666666
 20
285.8944272222222
 30
0.0
 10
285.2147302777777
 20
287.8946772222222
 30
0.0
 10
283.3136108333333
 20
290.0497966666666
 30
0.0
 10
284.4245080555555
 20
292.9817327777777
 30
0.0
 10
282.8440636111111
 20
289.3657605555555
 30
0.0
 10
281.8248886111111
 20
287.0374272222222
 30
0.0
 10
283.6628608333333
 20
286.197816111111
 30
0.0
 10
283.129813611111
 20
284.659705
 30
0.0
 10
281.4474163888888
 20
279.7874911111111
 30
0.0
 10
287.7515552777778
 20
282.0420938888888
 30
0.0
 10
287.1447775
 20
279.2163438888888
 30
0.0
 10
286.8801941666666
 20
277.9851494444444
 30
0.0
 10
287.0142497222222
 20
277.5261855555555
 30
0.0
 10
287.3846663888888
 20
277.4595105555555
 30
0.0
 10
287.4093608333333
 20
277.4595105555555
 30
0.0
 10
287.4337025
 20
277.4559827777777
 30
0.0
 10
287.4587497222222
 20
277.4524549999999
 30
0.0
 10
288.2098136111111
 20
277.4097688888888
 30
0.0
 10
288.2666108333333
 20
278.6691855555555
 30
0.0
 10
289.5260275
 20
278.6727133333333
 30
0.0
 10
289.5821191666666
 20
278.6727133333333
 30
0.0
 10
290.0269719444444
 20
279.7910188888889
 30
0.0
 10
290.0269719444444
 20
281.1774355555555
 30
0.0
 10
290.0269719444444
 20
282.5603244444444
 30
0.0
 10
289.9772302777778
 20
283.3332605555555
 30
0.0
 10
289.9772302777778
 20
283.6786299999999
 30
0.0
 10
289.9772302777778
 20
284.344204074074
 30
0.0
 10
289.9772302777778
 20
285.0097781481481
 30
0.0
 10
289.9772302777778
 20
285.6753522222222
 30
0.0
 10
290.4182025
 20
285.6753522222222
 30
0.0
 10
290.8591747222222
 20
285.6753522222222
 30
0.0
 10
291.3001469444444
 20
285.6753522222222
 30
0.0
  0
SPLINE
  5
135
330
1F
100
AcDbEntity
  8
DEFAULT
 62
     1
100
AcDbSpline
210
0.0
220
0.0
230
1.0
 70
     8
 71
     3
 72
     8
 73
     4
 74
     0
 42
0.000000001
 43
0.0000000001
 40
0.0
 40
0.0
 40
0.0
 40
0.0
 40
1.0
 40
1.0
 40
1.0
 40
1.0
 10
289.5259922222222
 20
307.8480705555555
 30
0.0
 10
290.4463894444444
 20
307.7313011111111
 30
0.0
 10
290.7568338888889
 20
307.3428927777778
 30
0.0
 10
291.3001116666667
 20
307.2691622222222
 30
0.0
  0
SPLINE
  5
136
330
1F
100
AcDbEntity
  8
DEFAULT
 62
     1
100
AcDbSpline
210
0.0
220
0.0
230
1.0
 70
     8
 71
     3
 72
     8
 73
     4
 74
     0
 42
0.000000001
 43
0.0000000001
 40
0.0
 40
0.0
 40
0.0
 40
0.0
 40
1.0
 40
1.0
 40
1.0
 40
1.0
 10
291.6495380555555
 20
307.2691269444444
 30
0.0
 10
292.1963436111111
 20
307.3393297222222
 30
0.0
 10
292.5032602777778
 20
307.7316186111111
 30
0.0
 10
293.4275380555555
 20
307.8480352777777
 30
0.0
  0
SPLINE
  5
137
330
1F
100
AcDbEntity
  8
DEFAULT
 62
     1
100
AcDbSpline
210
0.0
220
0.0
230
1.0
 70
     8
 71
     3
 72
    38
 73
    34
 74
     0
 42
0.000000001
 43
0.0000000001
 40
0.0
 40
0.0
 40
0.0
 40
0.0
 40
3.759999999999991
 40
3.759999999999991
 40
3.759999999999991
 40
9.420999999999935
 40
9.420999999999935
 40
9.420999999999935
 40
10.42099999999994
 40
10.42099999999994
 40
10.42099999999994
 40
11.43099999999993
 40
11.43099999999993
 40
11.43099999999993
 40
12.43099999999993
 40
12.43099999999993
 40
12.43099999999993
 40
13.43099999999993
 40
13.43099999999993
 40
13.43099999999993
 40
14.43099999999993
 40
14.43099999999993
 40
14.43099999999993
 40
15.43099999999993
 40
15.43099999999993
 40
15.43099999999993
 40
16.43099999999993
 40
16.43099999999993
 40
16.43099999999993
 40
17.43099999999993
 40
17.43099999999993
 40
17.43099999999993
 40
18.43099999999993
 40
18.43099999999993
 40
18.43099999999993
 40
18.43099999999993
 10
291.6495380555555
 20
300.2633483333333
 30
0.0
 10
292.0916862037037
 20
300.2633483333333
 30
0.0
 10
292.5338343518519
 20
300.2633483333333
 30
0.0
 10
292.9759825
 20
300.2633483333333
 30
0.0
 10
292.9759825
 20
299.5976566666666
 30
0.0
 10
292.9759825
 20
298.931965
 30
0.0
 10
292.9759825
 20
298.2662733333333
 30
0.0
 10
292.9759825
 20
297.9205511111111
 30
0.0
 10
292.9265936111111
 20
297.1479677777778
 30
0.0
 10
292.9265936111111
 20
295.7654316666666
 30
0.0
 10
292.9265936111111
 20
294.3783094444444
 30
0.0
 10
293.3746213888889
 20
293.2600038888889
 30
0.0
 10
293.4310658333333
 20
293.2600038888889
 30
0.0
 10
294.6904825
 20
293.2564761111111
 30
0.0
 10
294.7433991666667
 20
291.9970594444444
 30
0.0
 10
295.4948158333333
 20
292.0397455555556
 30
0.0
 10
295.5195102777778
 20
292.0432733333333
 30
0.0
 10
295.5442047222222
 20
292.0464483333333
 30
0.0
 10
295.5688991666667
 20
292.0464483333333
 30
0.0
 10
295.9393158333333
 20
292.1134761111111
 30
0.0
 10
296.0733713888889
 20
292.57244
 30
0.0
 10
295.8087880555555
 20
293.8036344444444
 30
0.0
 10
295.2020102777778
 20
296.6293844444444
 30
0.0
 10
301.5061491666667
 20
294.3747816666666
 30
0.0
 10
299.8233991666667
 20
299.2469955555555
 30
0.0
 10
299.2907047222222
 20
300.7851066666666
 30
0.0
 10
301.1286769444444
 20
301.6247177777778
 30
0.0
 10
300.1091491666667
 20
303.9526983333333
 30
0.0
 10
298.5287047222222
 20
307.5686705555555
 30
0.0
 10
299.6399547222222
 20
304.6370872222222
 30
0.0
 10
297.7384825
 20
302.4819677777778
 30
0.0
 10
295.9745936111111
 20
300.4817177777778
 30
0.0
 10
297.0928991666667
 20
307.4804761111111
 30
0.0
 10
295.5159825
 20
306.6302816666666
 30
0.0
  0
SPLINE
  5
138
330
1F
100
AcDbEntity
  8
DEFAULT
 62
     1
100
AcDbSpline
210
0.0
220
0.0
230
1.0
 70
     8
 71
     3
 72
    38
 73
    34
 74
     0
 42
0.000000001
 43
0.0000000001
 40
0.0
 40
0.0
 40
0.0
 40
0.0
 40
1.0
 40
1.0
 40
1.0
 40
2.0
 40
2.0
 40
2.0
 40
3.0
 40
3.0
 40
3.0
 40
4.0
 40
4.0
 40
4.0
 40
5.0
 40
5.0
 40
5.0
 40
6.0
 40
6.0
 40
6.0
 40
7.0
 40
7.0
 40
7.0
 40
8.0
 40
8.0
 40
8.0
 40
9.0
 40
9.0
 40
9.0
 40
14.66099999999994
 40
14.66099999999994
 40
14.66099999999994
 40
18.41099999999994
 40
18.41099999999994
 40
18.41099999999994
 40
18.41099999999994
 10
287.4372302777778
 20
306.6303875
 30
0.0
 10
285.8603136111111
 20
307.4805819444444
 30
0.0
 10
286.9786191666666
 20
300.4814708333333
 30
0.0
 10
285.2147302777777
 20
302.4817208333333
 30
0.0
 10
283.3136108333333
 20
304.6371930555555
 30
0.0
 10
284.4245080555555
 20
307.5687763888889
 30
0.0
 10
282.8440636111111
 20
303.9528041666666
 30
0.0
 10
281.8248886111111
 20
301.6248236111111
 30
0.0
 10
283.6628608333333
 20
300.7848597222222
 30
0.0
 10
283.129813611111
 20
299.2467486111111
 30
0.0
 10
281.4474163888888
 20
294.3748874999999
 30
0.0
 10
287.7515552777778
 20
296.6294902777777
 30
0.0
 10
287.1447775
 20
293.8037402777777
 30
0.0
 10
286.8801941666666
 20
292.5725458333333
 30
0.0
 10
287.0142497222222
 20
292.1135819444444
 30
0.0
 10
287.3846663888888
 20
292.0465541666666
 30
0.0
 10
287.4093608333333
 20
292.0465541666666
 30
0.0
 10
287.4337025
 20
292.0433791666666
 30
0.0
 10
287.4587497222222
 20
292.0398513888888
 30
0.0
 10
288.2098136111111
 20
291.9971652777778
 30
0.0
 10
288.2666108333333
 20
293.2565819444444
 30
0.0
 10
289.5260275
 20
293.2601097222222
 30
0.0
 10
289.5821191666666
 20
293.2601097222222
 30
0.0
 10
290.0269719444444
 20
294.3784152777777
 30
0.0
 10
290.0269719444444
 20
295.7655374999999
 30
0.0
 10
290.0269719444444
 20
297.148073611111
 30
0.0
 10
289.9772302777778
 20
297.9206569444444
 30
0.0
 10
289.9772302777778
 20
298.2663791666666
 30
0.0
 10
289.9772302777778
 20
298.9320708333333
 30
0.0
 10
289.9772302777778
 20
299.5977625
 30
0.0
 10
289.9772302777778
 20
300.2634541666666
 30
0.0
 10
290.4182025
 20
300.2634541666666
 30
0.0
 10
290.8591747222222
 20
300.2634541666666
 30
0.0
 10
291.3001469444444
 20
300.2634541666666
 30
0.0
  0
SPLINE
  5
139
330
1F
100
AcDbEntity
  8
DEFAULT
 62
     1
100
AcDbSpline
210
0.0
220
0.0
230
1.0
 70
     8
 71
     3
 72
     8
 73
     4
 74
     0
 42
0.000000001
 43
0.0000000001
 40
0.0
 40
0.0
 40
0.0
 40
0.0
 40
1.0
 40
1.0
 40
1.0
 40
1.0
 10
289.5259922222222
 20
322.4352905555555
 30
0.0
 10
290.4463894444444
 20
322.3153461111111
 30
0.0
 10
290.7568338888889
 20
321.9301127777777
 30
0.0
 10
291.3001116666667
 20
321.8563822222222
 30
0.0
  0
SPLINE
  5
13A
330
1F
100
AcDbEntity
  8
DEFAULT
 62
     1
100
AcDbSpline
210
0.0
220
0.0
230
1.0
 70
     8
 71
     3
 72
     8
 73
     4
 74
     0
 42
0.000000001
 43
0.0000000001
 40
0.0
 40
0.0
 40
0.0
 40
0.0
 40
1.0
 40
1.0
 40
1.0
 40
1.0
 10
291.6495380555555
 20
321.8563469444444
 30
0.0
 10
292.1963436111111
 20
321.9269025
 30
0.0
 10
292.5032602777778
 20
322.3153108333333
 30
0.0
 10
293.4275380555555
 20
322.4352552777777
 30
0.0
  0
SPLINE
  5
13B
330
1F
100
AcDbEntity
  8
DEFAULT
 62
     1
100
AcDbSpline
210
0.0
220
0.0
230
1.0
 70
     8
 71
     3
 72
    38
 73
    34
 74
     0
 42
0.000000001
 43
0.0000000001
 40
0.0
 40
0.0
 40
0.0
 40
0.0
 40
3.759999999999991
 40
3.759999999999991
 40
3.759999999999991
 40
9.42999999999995
 40
9.42999999999995
 40
9.42999999999995
 40
10.42999999999995
 40
10.42999999999995
 40
10.42999999999995
 40
11.43999999999994
 40
11.43999999999994
 40
11.43999999999994
 40
12.43999999999994
 40
12.43999999999994
 40
12.43999999999994
 40
13.43999999999994
 40
13.43999999999994
 40
13.43999999999994
 40
14.43999999999994
 40
14.43999999999994
 40
14.43999999999994
 40
15.43999999999994
 40
15.43999999999994
 40
15.43999999999994
 40
16.43999999999994
 40
16.43999999999994
 40
16.43999999999994
 40
17.43999999999994
 40
17.43999999999994
 40
17.43999999999994
 40
18.43999999999994
 40
18.43999999999994
 40
18.43999999999994
 40
18.43999999999994
 10
291.6495380555555
 20
314.8505683333333
 30
0.0
 10
292.0916862037037
 20
314.8505683333333
 30
0.0
 10
292.5338343518519
 20
314.8505683333333
 30
0.0
 10
292.9759825
 20
314.8505683333333
 30
0.0
 10
292.9759825
 20
314.1838183333332
 30
0.0
 10
292.9759825
 20
313.5170683333333
 30
0.0
 10
292.9759825
 20
312.8503183333333
 30
0.0
 10
292.9759825
 20
312.5077711111111
 30
0.0
 10
292.9265936111111
 20
311.7351877777777
 30
0.0
 10
292.9265936111111
 20
310.3526516666666
 30
0.0
 10
292.9265936111111
 20
308.966235
 30
0.0
 10
293.3746213888889
 20
307.8479294444444
 30
0.0
 10
293.4310658333333
 20
307.8479294444444
 30
0.0
 10
294.6904825
 20
307.8405211111111
 30
0.0
 10
294.7433991666667
 20
306.584985
 30
0.0
 10
295.4948158333333
 20
306.6269655555555
 30
0.0
 10
295.5195102777778
 20
306.6304933333333
 30
0.0
 10
295.5442047222222
 20
306.6336683333333
 30
0.0
 10
295.5688991666667
 20
306.6336683333333
 30
0.0
 10
295.9393158333333
 20
306.7014016666666
 30
0.0
 10
296.0733713888889
 20
307.1596599999999
 30
0.0
 10
295.8087880555555
 20
308.3908544444444
 30
0.0
 10
295.2020102777778
 20
311.2166044444444
 30
0.0
 10
301.5061491666667
 20
308.9584738888888
 30
0.0
 10
299.8233991666667
 20
313.8342155555555
 30
0.0
 10
299.2907047222222
 20
315.3726794444444
 30
0.0
 10
301.1286769444444
 20
316.2119377777777
 30
0.0
 10
300.1091491666667
 20
318.5399183333333
 30
0.0
 10
298.5287047222222
 20
322.1558905555555
 30
0.0
 10
299.6399547222222
 20
319.2243072222222
 30
0.0
 10
297.7384825
 20
317.0691877777777
 30
0.0
 10
295.9745936111111
 20
315.0689377777778
 30
0.0
 10
297.0928991666667
 20
322.067696111111
 30
0.0
 10
295.5159825
 20
321.2143266666666
 30
0.0
  0
SPLINE
  5
13C
330
1F
100
AcDbEntity
  8
DEFAULT
 62
     1
100
AcDbSpline
210
0.0
220
0.0
230
1.0
 70
     8
 71
     3
 72
    38
 73
    34
 74
     0
 42
0.000000001
 43
0.0000000001
 40
0.0
 40
0.0
 40
0.0
 40
0.0
 40
1.0
 40
1.0
 40
1.0
 40
2.0
 40
2.0
 40
2.0
 40
3.0
 40
3.0
 40
3.0
 40
4.0
 40
4.0
 40
4.0
 40
5.0
 40
5.0
 40
5.0
 40
6.0
 40
6.0
 40
6.0
 40
7.0
 40
7.0
 40
7.0
 40
8.0
 40
8.0
 40
8.0
 40
9.0
 40
9.0
 40
9.0
 40
14.66999999999996
 40
14.66999999999996
 40
14.66999999999996
 40
18.41999999999996
 40
18.41999999999996
 40
18.41999999999996
 40
18.41999999999996
 10
287.4372302777778
 20
321.2141855555556
 30
0.0
 10
285.8603136111111
 20
322.0679077777777
 30
0.0
 10
286.9786191666666
 20
315.0687966666667
 30
0.0
 10
285.2147302777777
 20
317.0690466666666
 30
0.0
 10
283.3136108333333
 20
319.2241661111111
 30
0.0
 10
284.4245080555555
 20
322.1561022222222
 30
0.0
 10
282.8440636111111
 20
318.54013
 30
0.0
 10
281.8248886111111
 20
316.2117966666667
 30
0.0
 10
283.6628608333333
 20
315.3725383333334
 30
0.0
 10
283.129813611111
 20
313.8340744444445
 30
0.0
 10
281.4474163888888
 20
308.9586855555555
 30
0.0
 10
287.7515552777778
 20
311.2164633333333
 30
0.0
 10
287.1447775
 20
308.3907133333333
 30
0.0
 10
286.8801941666666
 20
307.1595188888888
 30
0.0
 10
287.0142497222222
 20
306.7016133333333
 30
0.0
 10
287.3846663888888
 20
306.63388
 30
0.0
 10
287.4093608333333
 20
306.63388
 30
0.0
 10
287.4337025
 20
306.6303522222222
 30
0.0
 10
287.4587497222222
 20
306.6268244444444
 30
0.0
 10
288.2098136111111
 20
306.5848438888888
 30
0.0
 10
288.2666108333333
 20
307.84038
 30
0.0
 10
289.5260275
 20
307.8481411111111
 30
0.0
 10
289.5821191666666
 20
307.8481411111111
 30
0.0
 10
290.0269719444444
 20
308.9660938888888
 30
0.0
 10
290.0269719444444
 20
310.3525105555556
 30
0.0
 10
290.0269719444444
 20
311.7353994444444
 30
0.0
 10
289.9772302777778
 20
312.50763
 30
0.0
 10
289.9772302777778
 20
312.8501772222222
 30
0.0
 10
289.9772302777778
 20
313.5169272222223
 30
0.0
 10
289.9772302777778
 20
314.1836772222222
 30
0.0
 10
289.9772302777778
 20
314.8504272222222
 30
0.0
 10
290.4182025
 20
314.8504272222222
 30
0.0
 10
290.8591747222222
 20
314.8504272222222
 30
0.0
 10
291.3001469444444
 20
314.8504272222222
 30
0.0
  0
SPLINE
  5
13D
330
1F
100
AcDbEntity
  8
DEFAULT
 62
     1
100
AcDbSpline
210
0.0
220
0.0
230
1.0
 70
     8
 71
     3
 72
     8
 73
     4
 74
     0
 42
0.000000001
 43
0.0000000001
 40
0.0
 40
0.0
 40
0.0
 40
0.0
 40
1.0
 40
1.0
 40
1.0
 40
1.0
 10
289.5259922222222
 20
337.0189122222222
 30
0.0
 10
290.4463894444444
 20
336.9024955555555
 30
0.0
 10
290.7568338888889
 20
336.51444
 30
0.0
 10
291.3001116666667
 20
336.4400038888889
 30
0.0
  0
SPLINE
  5
13E
330
1F
100
AcDbEntity
  8
DEFAULT
 62
     1
100
AcDbSpline
210
0.0
220
0.0
230
1.0
 70
     8
 71
     3
 72
     8
 73
     4
 74
     0
 42
0.000000001
 43
0.0000000001
 40
0.0
 40
0.0
 40
0.0
 40
0.0
 40
1.0
 40
1.0
 40
1.0
 40
1.0
 10
291.6495380555555
 20
336.4401097222222
 30
0.0
 10
292.1963436111111
 20
336.5113708333333
 30
0.0
 10
292.5032602777778
 20
336.9026013888889
 30
0.0
 10
293.4275380555555
 20
337.0190180555555
 30
0.0
  0
SPLINE
  5
13F
330
1F
100
AcDbEntity
  8
DEFAULT
 62
     1
100
AcDbSpline
210
0.0
220
0.0
230
1.0
 70
     8
 71
     3
 72
    38
 73
    34
 74
     0
 42
0.000000001
 43
0.0000000001
 40
0.0
 40
0.0
 40
0.0
 40
0.0
 40
3.759999999999991
 40
3.759999999999991
 40
3.759999999999991
 40
9.419999999999959
 40
9.419999999999959
 40
9.419999999999959
 40
10.41999999999996
 40
10.41999999999996
 40
10.41999999999996
 40
11.42999999999995
 40
11.42999999999995
 40
11.42999999999995
 40
12.42999999999995
 40
12.42999999999995
 40
12.42999999999995
 40
13.42999999999995
 40
13.42999999999995
 40
13.42999999999995
 40
14.42999999999995
 40
14.42999999999995
 40
14.42999999999995
 40
15.42999999999995
 40
15.42999999999995
 40
15.42999999999995
 40
16.42999999999995
 40
16.42999999999995
 40
16.42999999999995
 40
17.42999999999995
 40
17.42999999999995
 40
17.42999999999995
 40
18.42999999999995
 40
18.42999999999995
 40
18.42999999999995
 40
18.42999999999995
 10
291.6495380555555
 20
329.43419
 30
0.0
 10
292.0916862037037
 20
329.43419
 30
0.0
 10
292.5338343518519
 20
329.43419
 30
0.0
 10
292.9759825
 20
329.43419
 30
0.0
 10
292.9759825
 20
328.7686159259259
 30
0.0
 10
292.9759825
 20
328.1030418518519
 30
0.0
 10
292.9759825
 20
327.4374677777778
 30
0.0
 10
292.9759825
 20
327.0949205555555
 30
0.0
 10
292.9265936111111
 20
326.3191622222222
 30
0.0
 10
292.9265936111111
 20
324.9362733333333
 30
0.0
 10
292.9265936111111
 20
323.5533844444444
 30
0.0
 10
293.3746213888889
 20
322.4354316666666
 30
0.0
 10
293.4310658333333
 20
322.4354316666666
 30
0.0
 10
294.6904825
 20
322.4276705555556
 30
0.0
 10
294.7433991666667
 20
321.1686066666667
 30
0.0
 10
295.4948158333333
 20
321.2141149999999
 30
0.0
 10
295.5195102777778
 20
321.2141149999999
 30
0.0
 10
295.5442047222222
 20
321.2176427777777
 30
0.0
 10
295.5688991666667
 20
321.2176427777777
 30
0.0
 10
295.9393158333333
 20
321.2889038888889
 30
0.0
 10
296.0733713888889
 20
321.7432816666666
 30
0.0
 10
295.8087880555555
 20
322.9780038888888
 30
0.0
 10
295.2020102777778
 20
325.800226111111
 30
0.0
 10
301.5061491666667
 20
323.5459761111111
 30
0.0
 10
299.8233991666667
 20
328.4178372222222
 30
0.0
 10
299.2907047222222
 20
329.9598288888889
 30
0.0
 10
301.1286769444444
 20
330.7990872222222
 30
0.0
 10
300.1091491666667
 20
333.1238927777777
 30
0.0
 10
298.5287047222222
 20
336.739865
 30
0.0
 10
299.6399547222222
 20
333.812515
 30
0.0
 10
297.7384825
 20
331.6531622222222
 30
0.0
 10
295.9745936111111
 20
329.6525594444444
 30
0.0
 10
297.0928991666667
 20
336.6516705555555
 30
0.0
 10
295.5159825
 20
335.8021816666667
 30
0.0
  0
SPLINE
  5
140
330
1F
100
AcDbEntity
  8
DEFAULT
 62
     1
100
AcDbSpline
210
0.0
220
0.0
230
1.0
 70
     8
 71
     3
 72
    38
 73
    34
 74
     0
 42
0.000000001
 43
0.0000000001
 40
0.0
 40
0.0
 40
0.0
 40
0.0
 40
1.0
 40
1.0
 40
1.0
 40
2.0
 40
2.0
 40
2.0
 40
3.0
 40
3.0
 40
3.0
 40
4.0
 40
4.0
 40
4.0
 40
5.0
 40
5.0
 40
5.0
 40
6.0
 40
6.0
 40
6.0
 40
7.0
 40
7.0
 40
7.0
 40
8.0
 40
8.0
 40
8.0
 40
9.0
 40
9.0
 40
9.0
 40
14.65999999999997
 40
14.65999999999997
 40
14.65999999999997
 40
18.40999999999997
 40
18.40999999999997
 40
18.40999999999997
 40
18.40999999999997
 10
287.4372302777778
 20
335.8020758333333
 30
0.0
 10
285.8603136111111
 20
336.6515647222222
 30
0.0
 10
286.9786191666666
 20
329.6524536111111
 30
0.0
 10
285.2147302777777
 20
331.6530563888889
 30
0.0
 10
283.3136108333333
 20
333.8124091666667
 30
0.0
 10
284.4245080555555
 20
336.7397591666667
 30
0.0
 10
282.8440636111111
 20
333.1237869444444
 30
0.0
 10
281.8248886111111
 20
330.7989813888889
 30
0.0
 10
283.6628608333333
 20
329.9597230555555
 30
0.0
 10
283.129813611111
 20
328.4177313888889
 30
0.0
 10
281.4474163888888
 20
323.5458702777778
 30
0.0
 10
287.7515552777778
 20
325.8001202777778
 30
0.0
 10
287.1447775
 20
322.9778980555556
 30
0.0
 10
286.8801941666666
 20
321.7431758333333
 30
0.0
 10
287.0142497222222
 20
321.2887980555556
 30
0.0
 10
287.3846663888888
 20
321.2175369444444
 30
0.0
 10
287.4093608333333
 20
321.2175369444444
 30
0.0
 10
287.4337025
 20
321.2140091666666
 30
0.0
 10
287.4587497222222
 20
321.2140091666666
 30
0.0
 10
288.2098136111111
 20
321.1688536111111
 30
0.0
 10
288.2666108333333
 20
322.4275647222222
 30
0.0
 10
289.5260275
 20
322.4353258333333
 30
0.0
 10
289.5821191666666
 20
322.4353258333333
 30
0.0
 10
290.0269719444444
 20
323.5532786111111
 30
0.0
 10
290.0269719444444
 20
324.9361675
 30
0.0
 10
290.0269719444444
 20
326.3190563888889
 30
0.0
 10
289.9772302777778
 20
327.0948147222222
 30
0.0
 10
289.9772302777778
 20
327.4373619444444
 30
0.0
 10
289.9772302777778
 20
328.1029360185185
 30
0.0
 10
289.9772302777778
 20
328.7685100925925
 30
0.0
 10
289.9772302777778
 20
329.4340841666667
 30
0.0
 10
290.4182025
 20
329.4340841666667
 30
0.0
 10
290.8591747222222
 20
329.4340841666667
 30
0.0
 10
291.3001469444444
 20
329.4340841666667
 30
0.0
  0
SPLINE
  5
141
330
1F
100
AcDbEntity
  8
DEFAULT
 62
     1
100
AcDbSpline
210
0.0
220
0.0
230
1.0
 70
     8
 71
     3
 72
    44
 73
    40
 74
     0
 42
0.000000001
 43
0.0000000001
 40
0.0
 40
0.0
 40
0.0
 40
0.0
 40
1.0
 40
1.0
 40
1.0
 40
2.0
 40
2.0
 40
2.0
 40
3.0
 40
3.0
 40
3.0
 40
4.0
 40
4.0
 40
4.0
 40
5.0
 40
5.0
 40
5.0
 40
6.0
 40
6.0
 40
6.0
 40
7.0
 40
7.0
 40
7.0
 40
8.0
 40
8.0
 40
8.0
 40
9.0
 40
9.0
 40
9.0
 40
10.0
 40
10.0
 40
10.0
 40
11.0
 40
11.0
 40
11.0
 40
16.65999999999997
 40
16.65999999999997
 40
16.65999999999997
 40
20.41999999999996
 40
20.41999999999996
 40
20.41999999999996
 40
20.41999999999996
 10
291.3002175
 20
351.0273297222222
 30
0.0
 10
290.7534119444445
 20
351.0985908333333
 30
0.0
 10
290.4464952777777
 20
351.4898213888889
 30
0.0
 10
289.5222175
 20
351.6062380555555
 30
0.0
 10
288.2490425
 20
351.6062380555555
 30
0.0
 10
288.0934675
 20
350.0332019444444
 30
0.0
 10
287.4337730555555
 20
350.3891547222222
 30
0.0
 10
285.8568563888888
 20
351.2397019444444
 30
0.0
 10
286.9751619444444
 20
344.2405908333333
 30
0.0
 10
285.2112730555555
 20
346.2408408333333
 30
0.0
 10
283.310153611111
 20
348.3959602777778
 30
0.0
 10
284.4210508333333
 20
351.3278963888889
 30
0.0
 10
282.8409591666666
 20
347.7119241666666
 30
0.0
 10
281.8210786111111
 20
345.3828852777777
 30
0.0
 10
283.6590508333333
 20
344.5436269444444
 30
0.0
 10
283.1263563888889
 20
343.0058686111111
 30
0.0
 10
281.4439591666666
 20
338.1340074999999
 30
0.0
 10
287.7480980555555
 20
340.3882575
 30
0.0
 10
287.1409675
 20
337.5621547222222
 30
0.0
 10
286.8763841666666
 20
336.3313130555555
 30
0.0
 10
287.0104397222222
 20
335.8723491666666
 30
0.0
 10
287.3812091666666
 20
335.8056741666666
 30
0.0
 10
287.4055508333333
 20
335.8056741666666
 30
0.0
 10
287.4302452777777
 20
335.8021463888888
 30
0.0
 10
287.4552925
 20
335.7982658333333
 30
0.0
 10
288.2063563888889
 20
335.7559325
 30
0.0
 10
288.2631536111111
 20
337.0153491666666
 30
0.0
 10
289.5222175
 20
337.0188769444444
 30
0.0
 10
289.5786619444444
 20
337.0188769444444
 30
0.0
 10
290.0231619444444
 20
338.1371825
 30
0.0
 10
290.0231619444444
 20
339.5235991666666
 30
0.0
 10
290.0231619444444
 20
340.9064880555555
 30
0.0
 10
289.9737730555555
 20
341.6787186111111
 30
0.0
 10
289.9737730555555
 20
342.0247936111111
 30
0.0
 10
289.9737730555555
 20
342.6903676851852
 30
0.0
 10
289.9737730555555
 20
343.3559417592592
 30
0.0
 10
289.9737730555555
 20
344.0215158333333
 30
0.0
 10
290.4159212037036
 20
344.0215158333333
 30
0.0
 10
290.8580693518518
 20
344.0215158333333
 30
0.0
 10
291.3002175
 20
344.0215158333333
 30
0.0
  0
SPLINE
  5
142
330
1F
100
AcDbEntity
  8
DEFAULT
 62
     1
100
AcDbSpline
210
0.0
220
0.0
230
1.0
 70
     8
 71
     3
 72
    44
 73
    40
 74
     0
 42
0.000000001
 43
0.0000000001
 40
0.0
 40
0.0
 40
0.0
 40
0.0
 40
1.0
 40
1.0
 40
1.0
 40
2.0
 40
2.0
 40
2.0
 40
3.0
 40
3.0
 40
3.0
 40
4.0
 40
4.0
 40
4.0
 40
5.0
 40
5.0
 40
5.0
 40
6.0
 40
6.0
 40
6.0
 40
7.0
 40
7.0
 40
7.0
 40
8.0
 40
8.0
 40
8.0
 40
9.009999999999991
 40
9.009999999999991
 40
9.009999999999991
 40
10.00999999999999
 40
10.00999999999999
 40
10.00999999999999
 40
11.00999999999999
 40
11.00999999999999
 40
11.00999999999999
 40
16.66999999999996
 40
16.66999999999996
 40
16.66999999999996
 40
20.41999999999996
 40
20.41999999999996
 40
20.41999999999996
 40
20.41999999999996
 10
291.6495380555555
 20
351.0273297222222
 30
0.0
 10
292.1928158333333
 20
351.1017658333333
 30
0.0
 10
292.5032602777778
 20
351.4898213888889
 30
0.0
 10
293.4240102777778
 20
351.6062380555555
 30
0.0
 10
294.6975380555555
 20
351.6062380555555
 30
0.0
 10
294.8527602777778
 20
350.0332019444444
 30
0.0
 10
295.5124547222222
 20
350.3891547222222
 30
0.0
 10
297.0893713888889
 20
351.2397019444444
 30
0.0
 10
295.9710658333333
 20
344.2405908333333
 30
0.0
 10
297.7349547222222
 20
346.2408408333333
 30
0.0
 10
299.6364269444445
 20
348.3959602777778
 30
0.0
 10
298.5251769444444
 20
351.3278963888889
 30
0.0
 10
300.1056213888889
 20
347.7119241666666
 30
0.0
 10
301.1251491666667
 20
345.3828852777777
 30
0.0
 10
299.2871769444444
 20
344.5436269444444
 30
0.0
 10
299.8198713888889
 20
343.0058686111111
 30
0.0
 10
301.5026213888889
 20
338.1340074999999
 30
0.0
 10
295.1984825
 20
340.3882575
 30
0.0
 10
295.8052602777777
 20
337.5621547222222
 30
0.0
 10
296.0698436111111
 20
336.3313130555555
 30
0.0
 10
295.9357880555555
 20
335.8723491666666
 30
0.0
 10
295.5653713888889
 20
335.8056741666666
 30
0.0
 10
295.5406769444444
 20
335.8056741666666
 30
0.0
 10
295.5159825
 20
335.8021463888888
 30
0.0
 10
295.4912880555555
 20
335.7982658333333
 30
0.0
 10
294.7398713888889
 20
335.7559325
 30
0.0
 10
294.6869547222222
 20
337.0153491666666
 30
0.0
 10
293.4240102777778
 20
337.0188769444444
 30
0.0
 10
293.3710936111111
 20
337.0188769444444
 30
0.0
 10
292.9230658333333
 20
338.1371825
 30
0.0
 10
292.9230658333333
 20
339.5235991666666
 30
0.0
 10
292.9230658333333
 20
340.9064880555555
 30
0.0
 10
292.9724547222222
 20
341.6787186111111
 30
0.0
 10
292.9724547222222
 20
342.0247936111111
 30
0.0
 10
292.9724547222222
 20
342.6903676851852
 30
0.0
 10
292.9724547222222
 20
343.3559417592592
 30
0.0
 10
292.9724547222222
 20
344.0215158333333
 30
0.0
 10
292.5314825
 20
344.0215158333333
 30
0.0
 10
292.0905102777778
 20
344.0215158333333
 30
0.0
 10
291.6495380555555
 20
344.0215158333333
 30
0.0
  0
POLYLINE
  5
143
330
1F
100
AcDbEntity
  8
DEFAULT
 62
     1
100
AcDb2dPolyline
 66
     1
 10
0.0
 20
0.0
 30
0.0
  0
VERTEX
  5
144
330
143
100
AcDbEntity
  8
DEFAULT
 62
     1
100
AcDbVertex
100
AcDb2dVertex
 10
421.1077994444444
 20
242.2333088888888
 30
0.0
  0
VERTEX
  5
145
330
143
100
AcDbEntity
  8
DEFAULT
 62
     1
100
AcDbVertex
100
AcDb2dVertex
 10
211.4586688888889
 20
242.2333088888888
 30
0.0
  0
SEQEND
  5
146
330
143
100
AcDbEntity
  8
DEFAULT
 62
     1
  0
POLYLINE
  5
147
330
1F
100
AcDbEntity
  8
DEFAULT
 62
     1
100
AcDb2dPolyline
 66
     1
 10
0.0
 20
0.0
 30
0.0
  0
VERTEX
  5
148
330
147
100
AcDbEntity
  8
DEFAULT
 62
     1
100
AcDbVertex
100
AcDb2dVertex
 10
206.2835247222222
 20
367.0602683333333
 30
0.0
  0
VERTEX
  5
149
330
147
100
AcDbEntity
  8
DEFAULT
 62
     1
100
AcDbVertex
100
AcDb2dVertex
 10
206.2835247222222
 20
247.4086294444444
 30
0.0
  0
SEQEND
  5
14A
330
147
100
AcDbEntity
  8
DEFAULT
 62
     1
  0
POLYLINE
  5
14B
330
1F
100
AcDbEntity
  8
DEFAULT
 62
     1
100
AcDb2dPolyline
 66
     1
 10
0.0
 20
0.0
 30
0.0
  0
VERTEX
  5
14C
330
14B
100
AcDbEntity
  8
DEFAULT
 62
     1
100
AcDbVertex
100
AcDb2dVertex
 10
426.2830141666666
 20
247.4085236111111
 30
0.0
  0
VERTEX
  5
14D
330
14B
100
AcDbEntity
  8
DEFAULT
 62
     1
100
AcDbVertex
100
AcDb2dVertex
 10
426.2830141666666
 20
367.0601625
 30
0.0
  0
SEQEND
  5
14E
330
14B
100
AcDbEntity
  8
DEFAULT
 62
     1
  0
POLYLINE
  5
14F
330
1F
100
AcDbEntity
  8
DEFAULT
 62
     1
100
AcDb2dPolyline
 66
     1
 10
0.0
 20
0.0
 30
0.0
  0
VERTEX
  5
150
330
14F
100
AcDbEntity
  8
DEFAULT
 62
     1
100
AcDbVertex
100
AcDb2dVertex
 10
421.1077994444444
 20
372.2360122222222
 30
0.0
  0
VERTEX
  5
151
330
14F
100
AcDbEntity
  8
DEFAULT
 62
     1
100
AcDbVertex
100
AcDb2dVertex
 10
211.4586688888889
 20
372.2360122222222
 30
0.0
  0
SEQEND
  5
152
330
14F
100
AcDbEntity
  8
DEFAULT
 62
     1
  0
SPLINE
  5
153
330
1F
100
AcDbEntity
  8
DEFAULT
 62
     1
100
AcDbSpline
210
0.0
220
0.0
230
1.0
 70
     8
 71
     3
 72
     8
 73
     4
 74
     0
 42
0.000000001
 43
0.0000000001
 40
0.0
 40
0.0
 40
0.0
 40
0.0
 40
1.0
 40
1.0
 40
1.0
 40
1.0
 10
206.2869819444444
 20
367.4094477777778
 30
0.0
 10
206.3751763888889
 20
370.0312922222222
 30
0.0
 10
208.4816125
 20
372.1401977777778
 30
0.0
 10
211.1059263888889
 20
372.23192
 30
0.0
  0
SPLINE
  5
154
330
1F
100
AcDbEntity
  8
DEFAULT
 62
     1
100
AcDbSpline
210
0.0
220
0.0
230
1.0
 70
     8
 71
     3
 72
     8
 73
     4
 74
     0
 42
0.000000001
 43
0.0000000001
 40
0.0
 40
0.0
 40
0.0
 40
0.0
 40
1.0
 40
1.0
 40
1.0
 40
1.0
 10
211.1059616666667
 20
242.2374363888889
 30
0.0
 10
208.4848227777778
 20
242.3291586111111
 30
0.0
 10
206.3787394444444
 20
244.4380641666667
 30
0.0
 10
206.2870172222222
 20
247.0599086111111
 30
0.0
  0
SPLINE
  5
155
330
1F
100
AcDbEntity
  8
DEFAULT
 62
     1
100
AcDbSpline
210
0.0
220
0.0
230
1.0
 70
     8
 71
     3
 72
     8
 73
     4
 74
     0
 42
0.000000001
 43
0.0000000001
 40
0.0
 40
0.0
 40
0.0
 40
0.0
 40
1.0
 40
1.0
 40
1.0
 40
1.0
 10
421.4564497222221
 20
242.2374363888889
 30
0.0
 10
424.0782941666666
 20
242.3256308333333
 30
0.0
 10
426.1871997222222
 20
244.4348891666666
 30
0.0
 10
426.2789219444444
 20
247.0599086111111
 30
0.0
  0
SPLINE
  5
156
330
1F
100
AcDbEntity
  8
DEFAULT
 62
     1
100
AcDbSpline
210
0.0
220
0.0
230
1.0
 70
     8
 71
     3
 72
     8
 73
     4
 74
     0
 42
0.000000001
 43
0.0000000001
 40
0.0
 40
0.0
 40
0.0
 40
0.0
 40
1.0
 40
1.0
 40
1.0
 40
1.0
 10
426.2788866666666
 20
367.4094477777778
 30
0.0
 10
426.1906922222222
 20
370.0312922222222
 30
0.0
 10
424.0782588888889
 20
372.1437255555555
 30
0.0
 10
421.4564144444444
 20
372.23192
 30
0.0
  0
ENDSEC
  0
SECTION
  2
OBJECTS
  0
DICTIONARY
  5
C
330
0
100
AcDbDictionary
  3
ACAD_GROUP
350
D
  3
ACAD_LAYOUT
350
1A
  3
ACAD_MATERIAL
350
43
  3
ACAD_MLEADERSTYLE
350
179
  3
ACAD_MLINESTYLE
350
17
  3
ACAD_PLOTSETTINGS
350
19
  3
ACAD_SCALELIST
350
47
  3
ACAD_VISUALSTYLE
350
2A
  3
ACDBHEADERROUNDTRIPXREC
350
157
  3
ACDBVARIABLEDICTIONARY
350
177
  0
DICTIONARY
  5
D
102
{ACAD_REACTORS
330
C
102
}
330
C
100
AcDbDictionary
  0
DICTIONARY
  5
1A
102
{ACAD_REACTORS
330
C
102
}
330
C
100
AcDbDictionary
  0
DICTIONARY
  5
43
102
{ACAD_REACTORS
330
C
102
}
330
C
100
AcDbDictionary
  3
BYBLOCK
350
45
  3
BYLAYER
350
44
  3
GLOBAL
350
46
  0
DICTIONARY
  5
179
102
{ACAD_REACTORS
330
C
102
}
330
C
100
AcDbDictionary
  0
DICTIONARY
  5
17
102
{ACAD_REACTORS
330
C
102
}
330
C
100
AcDbDictionary
  3
STANDARD
350
18
  0
DICTIONARY
  5
19
102
{ACAD_REACTORS
330
C
102
}
330
C
100
AcDbDictionary
  0
DICTIONARY
  5
47
102
{ACAD_REACTORS
330
C
102
}
330
C
100
AcDbDictionary
  3
A0
350
48
  3
A1
350
49
  3
A2
350
4A
  3
A3
350
4B
  3
A4
350
4C
  3
A5
350
4D
  3
A6
350
4E
  3
A7
350
4F
  3
A8
350
50
  3
A9
350
51
  3
B0
350
52
  3
B1
350
53
  3
B2
350
54
  3
B3
350
55
  3
B4
350
56
  3
B5
350
57
  3
B6
350
58
  3
B7
350
59
  3
B8
350
5A
  3
B9
350
5B
  3
C0
350
5C
  3
C1
350
5D
  3
C2
350
5E
  3
C3
350
5F
  3
C4
350
60
  3
C5
350
61
  3
C6
350
62
  3
C7
350
63
  3
C8
350
64
  3
C9
350
65
  3
D0
350
66
  3
D1
350
67
  3
D2
350
68
  0
DICTIONARY
  5
2A
102
{ACAD_REACTORS
330
C
102
}
330
C
100
AcDbDictionary
  3
2DWIREFRAME
350
2F
  3
BASIC
350
32
  3
BRIGHTEN
350
36
  3
COLORCHANGE
350
3A
  3
CONCEPTUAL
350
34
  3
DIM
350
35
  3
EDGECOLOROFF
350
3D
  3
FACEPATTERN
350
39
  3
FLAT
350
2B
  3
FLATWITHEDGES
350
2C
  3
GOURAUD
350
2D
  3
GOURAUDWITHEDGES
350
2E
  3
HIDDEN
350
31
  3
JITTEROFF
350
3B
  3
LINEPATTERN
350
38
  3
OVERHANGOFF
350
3C
  3
REALISTIC
350
33
  3
SHADED
350
42
  3
SHADED_WITH_EDGES
350
41
  3
SHADES_OF_GRAY
350
3E
  3
SKETCHY
350
3F
  3
THICKEN
350
37
  3
WIREFRAME
350
30
  3
X-RAY
350
40
  0
DICTIONARY
  5
157
102
{ACAD_REACTORS
330
C
102
}
330
C
100
AcDbDictionary
  3
CEPSNTYPE
350
160
  3
DIMSTYLEDATA
350
176
  3
FINGERPRINTGUID
350
161
  3
HYPERLINKBASE
350
15A
  3
INSUNITS
350
15F
  3
LAYOUTDICT
350
15C
  3
LWETCUNION
350
15E
  3
PLOTSETDICT
350
15D
  3
PSVPSCALE
350
163
  3
PUCSBASE
350
166
  3
PUCSORGBACK
350
16C
  3
PUCSORGBOTTOM
350
168
  3
PUCSORGFRONT
350
16B
  3
PUCSORGLEFT
350
169
  3
PUCSORGRIGHT
350
16A
  3
PUCSORGTOP
350
167
  3
PUCSORTHOREF
350
164
  3
PUCSORTHOVIEW
350
165
  3
STYLESHEET
350
15B
  3
TSTACKALIGN
350
158
  3
TSTACKSIZE
350
159
  3
UCSBASE
350
16F
  3
UCSORGBACK
350
175
  3
UCSORGBOTTOM
350
171
  3
UCSORGFRONT
350
174
  3
UCSORGLEFT
350
172
  3
UCSORGRIGHT
350
173
  3
UCSORGTOP
350
170
  3
UCSORTHOREF
350
16D
  3
UCSORTHOVIEW
350
16E
  3
VERSIONGUID
350
162
  0
DICTIONARY
  5
177
102
{ACAD_REACTORS
330
C
102
}
330
C
100
AcDbDictionary
  3
CANNOSCALE
350
17E
  3
DIMASSOC
350
17C
  3
HIDETEXT
350
17D
  3
MSLTSCALE
350
17F
  0
MATERIAL
  5
45
102
{ACAD_REACTORS
330
43
102
}
102
{ACAD_XDICTIONARY
360
182
102
}
330
43
100
AcDbMaterial
  1
BYBLOCK
  0
MATERIAL
  5
44
102
{ACAD_REACTORS
330
43
102
}
102
{ACAD_XDICTIONARY
360
180
102
}
330
43
100
AcDbMaterial
  1
BYLAYER
  0
MATERIAL
  5
46
102
{ACAD_REACTORS
330
43
102
}
102
{ACAD_XDICTIONARY
360
184
102
}
330
43
100
AcDbMaterial
  1
GLOBAL
  0
MLINESTYLE
  5
18
102
{ACAD_REACTORS
330
17
102
}
330
17
100
AcDbMlineStyle
  2
Standard
 70
     0
  3

 62
   256
 51
90.0
 52
90.0
 71
     2
 49
0.5
 62
   256
  6
BYLAYER
 49
-0.5
 62
   256
  6
BYLAYER
  0
ACAD_PROXY_OBJECT
  5
48
102
{ACAD_REACTORS
330
47
102
}
330
47
100
AcDbProxyObject
 90
      499
 91
      503
 93
       41
310
903313A31580
  0
ACAD_PROXY_OBJECT
  5
49
102
{ACAD_REACTORS
330
47
102
}
330
47
100
AcDbProxyObject
 90
      499
 91
      503
 93
      105
310
903313A324000000000000004000
  0
ACAD_PROXY_OBJECT
  5
4A
102
{ACAD_REACTORS
330
47
102
}
330
47
100
AcDbProxyObject
 90
      499
 91
      503
 93
      105
310
903313A344000000000000104000
  0
ACAD_PROXY_OBJECT
  5
4B
102
{ACAD_REACTORS
330
47
102
}
330
47
100
AcDbProxyObject
 90
      499
 91
      503
 93
      105
310
903313A354000000000000144000
  0
ACAD_PROXY_OBJECT
  5
4C
102
{ACAD_REACTORS
330
47
102
}
330
47
100
AcDbProxyObject
 90
      499
 91
      503
 93
      105
310
903313A384000000000000204000
  0
ACAD_PROXY_OBJECT
  5
4D
102
{ACAD_REACTORS
330
47
102
}
330
47
100
AcDbProxyObject
 90
      499
 91
      503
 93
      113
310
904313A31304000000000000244000
  0
ACAD_PROXY_OBJECT
  5
4E
102
{ACAD_REACTORS
330
47
102
}
330
47
100
AcDbProxyObject
 90
      499
 91
      503
 93
      113
310
904313A31364000000000000304000
  0
ACAD_PROXY_OBJECT
  5
4F
102
{ACAD_REACTORS
330
47
102
}
330
47
100
AcDbProxyObject
 90
      499
 91
      503
 93
      113
310
904313A32304000000000000344000
  0
ACAD_PROXY_OBJECT
  5
50
102
{ACAD_REACTORS
330
47
102
}
330
47
100
AcDbProxyObject
 90
      499
 91
      503
 93
      113
310
904313A333040000000000003E4000
  0
ACAD_PROXY_OBJECT
  5
51
102
{ACAD_REACTORS
330
47
102
}
330
47
100
AcDbProxyObject
 90
      499
 91
      503
 93
      113
310
904313A34304000000000000444000
  0
ACAD_PROXY_OBJECT
  5
52
102
{ACAD_REACTORS
330
47
102
}
330
47
100
AcDbProxyObject
 90
      499
 91
      503
 93
      113
310
904313A35304000000000000494000
  0
ACAD_PROXY_OBJECT
  5
53
102
{ACAD_REACTORS
330
47
102
}
330
47
100
AcDbProxyObject
 90
      499
 91
      503
 93
      121
310
905313A3130304000000000000594000
  0
ACAD_PROXY_OBJECT
  5
54
102
{ACAD_REACTORS
330
47
102
}
330
47
100
AcDbProxyObject
 90
      499
 91
      503
 93
      105
310
903323A310000000000000010100
  0
ACAD_PROXY_OBJECT
  5
55
102
{ACAD_REACTORS
330
47
102
}
330
47
100
AcDbProxyObject
 90
      499
 91
      503
 93
      105
310
903343A310000000000000410100
  0
ACAD_PROXY_OBJECT
  5
56
102
{ACAD_REACTORS
330
47
102
}
330
47
100
AcDbProxyObject
 90
      499
 91
      503
 93
      105
310
903383A310000000000000810100
  0
ACAD_PROXY_OBJECT
  5
57
102
{ACAD_REACTORS
330
47
102
}
330
47
100
AcDbProxyObject
 90
      499
 91
      503
 93
      113
310
90431303A310000000000000910100
  0
ACAD_PROXY_OBJECT
  5
58
102
{ACAD_REACTORS
330
47
102
}
330
47
100
AcDbProxyObject
 90
      499
 91
      503
 93
      121
310
9053130303A310000000000001650100
  0
ACAD_PROXY_OBJECT
  5
59
102
{ACAD_REACTORS
330
47
102
}
330
47
100
AcDbProxyObject
 90
      499
 91
      503
 93
      257
310
90E312F31323822203D2031272D3022000000000000200FC000000000000284000
  0
ACAD_PROXY_OBJECT
  5
5A
102
{ACAD_REACTORS
330
47
102
}
330
47
100
AcDbProxyObject
 90
      499
 91
      503
 93
      249
310
90D312F363422203D2031272D3022000000000000240FC000000000000284000
  0
ACAD_PROXY_OBJECT
  5
5B
102
{ACAD_REACTORS
330
47
102
}
330
47
100
AcDbProxyObject
 90
      499
 91
      503
 93
      249
310
90D312F333222203D2031272D3022000000000000280FC000000000000284000
  0
ACAD_PROXY_OBJECT
  5
5C
102
{ACAD_REACTORS
330
47
102
}
330
47
100
AcDbProxyObject
 90
      499
 91
      503
 93
      249
310
90D312F313622203D2031272D30220000000000002C0FC000000000000284000
  0
ACAD_PROXY_OBJECT
  5
5D
102
{ACAD_REACTORS
330
47
102
}
330
47
100
AcDbProxyObject
 90
      499
 91
      503
 93
      249
310
90D332F333222203D2031272D30220000000000002E0FC000000000000284000
  0
ACAD_PROXY_OBJECT
  5
5E
102
{ACAD_REACTORS
330
47
102
}
330
47
100
AcDbProxyObject
 90
      499
 91
      503
 93
      241
310
90C312F3822203D2031272D3022000000000000300FC000000000000284000
  0
ACAD_PROXY_OBJECT
  5
5F
102
{ACAD_REACTORS
330
47
102
}
330
47
100
AcDbProxyObject
 90
      499
 91
      503
 93
      249
310
90D332F313622203D2031272D3022000000000000320FC000000000000284000
  0
ACAD_PROXY_OBJECT
  5
60
102
{ACAD_REACTORS
330
47
102
}
330
47
100
AcDbProxyObject
 90
      499
 91
      503
 93
      241
310
90C312F3422203D2031272D3022000000000000340FC000000000000284000
  0
ACAD_PROXY_OBJECT
  5
61
102
{ACAD_REACTORS
330
47
102
}
330
47
100
AcDbProxyObject
 90
      499
 91
      503
 93
      241
310
90C332F3822203D2031272D3022000000000000360FC000000000000284000
  0
ACAD_PROXY_OBJECT
  5
62
102
{ACAD_REACTORS
330
47
102
}
330
47
100
AcDbProxyObject
 90
      499
 91
      503
 93
      241
310
90C312F3222203D2031272D3022000000000000380FC000000000000284000
  0
ACAD_PROXY_OBJECT
  5
63
102
{ACAD_REACTORS
330
47
102
}
330
47
100
AcDbProxyObject
 90
      499
 91
      503
 93
      241
310
90C332F3422203D2031272D30220000000000003A0FC000000000000284000
  0
ACAD_PROXY_OBJECT
  5
64
102
{ACAD_REACTORS
330
47
102
}
330
47
100
AcDbProxyObject
 90
      499
 91
      503
 93
      161
310
90A3122203D2031272D30224000000000000284000
  0
ACAD_PROXY_OBJECT
  5
65
102
{ACAD_REACTORS
330
47
102
}
330
47
100
AcDbProxyObject
 90
      499
 91
      503
 93
      257
310
90E312D312F3222203D2031272D30220000000000003E0FC000000000000284000
  0
ACAD_PROXY_OBJECT
  5
66
102
{ACAD_REACTORS
330
47
102
}
330
47
100
AcDbProxyObject
 90
      499
 91
      503
 93
      225
310
90A3322203D2031272D302200000000000002100000000000000284000
  0
ACAD_PROXY_OBJECT
  5
67
102
{ACAD_REACTORS
330
47
102
}
330
47
100
AcDbProxyObject
 90
      499
 91
      503
 93
      225
310
90A3622203D2031272D302200000000000006100000000000000284000
  0
ACAD_PROXY_OBJECT
  5
68
102
{ACAD_REACTORS
330
47
102
}
330
47
100
AcDbProxyObject
 90
      499
 91
      503
 93
      249
310
90D31272D3022203D2031272D30220000000000000A100000000000000284000
  0
ACAD_PROXY_OBJECT
  5
2F
102
{ACAD_REACTORS
330
2A
102
}
330
2A
100
AcDbProxyObject
 90
      499
 91
      501
 93
      436
310
42CC9915DA5C99599C985B595049028333333333333E33F0000000000000F90107901411070040501600405405064090741402480A0340
1001
ACAD
1000
AcDbSavedByObjectVersion
1070
     0
  0
ACAD_PROXY_OBJECT
  5
32
102
{ACAD_REACTORS
330
2A
102
}
330
2A
100
AcDbProxyObject
 90
      499
 91
      501
 93
      388
310
4150985CDA58D07406404333333333333E33F0000000000000F90107A41107004050150841D405064090741402480A0350
1001
ACAD
1000
AcDbSavedByObjectVersion
1070
     0
  0
ACAD_PROXY_OBJECT
  5
36
102
{ACAD_REACTORS
330
2A
102
}
330
2A
100
AcDbProxyObject
 90
      499
 91
      501
 93
      428
310
42109C9A59DA1D195B90C409028333333333333E33F0000000000000F9010790141107004050150841D405064090741402480A029950
1001
ACAD
1000
AcDbSavedByObjectVersion
1070
     0
  0
ACAD_PROXY_OBJECT
  5
3A
102
{ACAD_REACTORS
330
2A
102
}
330
2A
100
AcDbProxyObject
 90
      499
 91
      501
 93
      452
310
42D0DBDB1BDC90DA185B99D95104090240C333333333333E33F0000000000000F90108901411070040501508421405064090741402480A0350
1001
ACAD
1000
AcDbSavedByObjectVersion
1070
     0
  0
ACAD_PROXY_OBJECT
  5
34
102
{ACAD_REACTORS
330
2A
102
}
330
2A
100
AcDbProxyObject
 90
      499
 91
      501
 93
      500
310
4290DBDB98D95C1D1D585B10940D028333333333333E33F0000000000000F90107902409070040501000000000018199010841D405064090740C02480A0340
1001
ACAD
1000
AcDbSavedByObjectVersion
1070
     0
  0
ACAD_PROXY_OBJECT
  5
35
102
{ACAD_REACTORS
330
2A
102
}
330
2A
100
AcDbProxyObject
 90
      499
 91
      501
 93
      412
310
40D11A5B50B409028333333333333E33F0000000000000F9010790141107004050150841D405064090741402480A02677FFFFFD0
1001
ACAD
1000
AcDbSavedByObjectVersion
1070
     0
  0
ACAD_PROXY_OBJECT
  5
3D
102
{ACAD_REACTORS
330
2A
102
}
330
2A
100
AcDbProxyObject
 90
      499
 91
      501
 93
      452
310
43115919D950DBDB1BDC93D999916409028333333333333E33F0000000000000F9010790141107004050150841D405064090741402480A0350
1001
ACAD
1000
AcDbSavedByObjectVersion
1070
     0
  0
ACAD_PROXY_OBJECT
  5
39
102
{ACAD_REACTORS
330
2A
102
}
330
2A
100
AcDbProxyObject
 90
      499
 91
      501
 93
      444
310
42D19858D95C185D1D195C9B90F409028333333333333E33F0000000000000F9010790141107004050150841D405064090741402480A0350
1001
ACAD
1000
AcDbSavedByObjectVersion
1070
     0
  0
ACAD_PROXY_OBJECT
  5
2B
102
{ACAD_REACTORS
330
2A
102
}
330
2A
100
AcDbProxyObject
 90
      499
 91
      501
 93
      380
310
41119B185D240901404333333333333E33F0000000000000F9010740A907004050150841D405064090741402480A1B50
1001
ACAD
1000
AcDbSavedByObjectVersion
1070
     0
  0
ACAD_PROXY_OBJECT
  5
2C
102
{ACAD_REACTORS
330
2A
102
}
330
2A
100
AcDbProxyObject
 90
      499
 91
      501
 93
      468
310
43519B185D15DA5D1A115919D95CD0140901404333333333333E33F0000000000000F90107409019070040501600405405064090741402480A1B50
1001
ACAD
1000
AcDbSavedByObjectVersion
1070
     0
  0
ACAD_PROXY_OBJECT
  5
2D
102
{ACAD_REACTORS
330
2A
102
}
330
2A
100
AcDbProxyObject
 90
      499
 91
      501
 93
      404
310
41D1DBDD5C985D5910240902404333333333333E33F0000000000000F9010740A9070040501641D405064090741402480A1B50
1001
ACAD
1000
AcDbSavedByObjectVersion
1070
     0
  0
ACAD_PROXY_OBJECT
  5
2E
102
{ACAD_REACTORS
330
2A
102
}
330
2A
100
AcDbProxyObject
 90
      499
 91
      501
 93
      492
310
4411DBDD5C985D5915DA5D1A115919D95CD0340902404333333333333E33F0000000000000F90107409019070040501600405405064090741402480A1B50
1001
ACAD
1000
AcDbSavedByObjectVersion
1070
     0
  0
ACAD_PROXY_OBJECT
  5
31
102
{ACAD_REACTORS
330
2A
102
}
330
2A
100
AcDbProxyObject
 90
      499
 91
      501
 93
      476
310
41921A5919195B90640502408333333333333E33F0000000000000F901079024090700405020000000000001110200405405064090740C02480A0340
1001
ACAD
1000
AcDbSavedByObjectVersion
1070
     0
  0
ACAD_PROXY_OBJECT
  5
3B
102
{ACAD_REACTORS
330
2A
102
}
330
2A
100
AcDbProxyObject
 90
      499
 91
      501
 93
      428
310
42529A5D1D195C93D999914409028333333333333E33F0000000000000F9010790141107004050150A41D405064090741402480A0350
1001
ACAD
1000
AcDbSavedByObjectVersion
1070
     0
  0
ACAD_PROXY_OBJECT
  5
38
102
{ACAD_REACTORS
330
2A
102
}
330
2A
100
AcDbProxyObject
 90
      499
 91
      501
 93
      444
310
42D31A5B995C185D1D195C9B90E409028333333333333E33F0000000000000F9010790141107004050750841D405064090741402483A0350
1001
ACAD
1000
AcDbSavedByObjectVersion
1070
     0
  0
ACAD_PROXY_OBJECT
  5
3C
102
{ACAD_REACTORS
330
2A
102
}
330
2A
100
AcDbProxyObject
 90
      499
 91
      501
 93
      444
310
42D3DD995C9A185B99D3D999915409028333333333333E33F0000000000000F9010790141107004050150941D405064090741402480A0350
1001
ACAD
1000
AcDbSavedByObjectVersion
1070
     0
  0
ACAD_PROXY_OBJECT
  5
33
102
{ACAD_REACTORS
330
2A
102
}
330
2A
100
AcDbProxyObject
 90
      499
 91
      501
 93
      428
310
425499585B1A5CDD1A58D08409038333333333333E33F0000000000000F9010740A907004050150800405405064090740C02480A1B40
1001
ACAD
1000
AcDbSavedByObjectVersion
1070
     0
  0
ACAD_PROXY_OBJECT
  5
42
102
{ACAD_REACTORS
330
2A
102
}
330
2A
100
AcDbProxyObject
 90
      499
 91
      501
 93
      420
310
4194DA1859195911B40902404333333333333E33F0000000000000F9010740A41107004050150800405405064090840C02480A0B40
1001
ACAD
1000
AcDbSavedByObjectVersion
1070
     0
  0
ACAD_PROXY_OBJECT
  5
41
102
{ACAD_REACTORS
330
2A
102
}
330
2A
100
AcDbProxyObject
 90
      499
 91
      501
 93
      516
310
4454DA18591959081DDA5D1A08195919D95CD1A40902404333333333333E33F0000000000000F901074090142907004050250800405405064090740C02480A0B40
1001
ACAD
1000
AcDbSavedByObjectVersion
1070
     0
  0
ACAD_PROXY_OBJECT
  5
3E
102
{ACAD_REACTORS
330
2A
102
}
330
2A
100
AcDbProxyObject
 90
      499
 91
      501
 93
      532
310
4394DA1859195CC81BD98811DC985E5174090240C333333333333E33F0000000000000F901079024090741D01000000000000111010841D405064090740C02480A0340
1001
ACAD
1000
AcDbSavedByObjectVersion
1070
     0
  0
ACAD_PROXY_OBJECT
  5
3F
102
{ACAD_REACTORS
330
2A
102
}
330
2A
100
AcDbProxyObject
 90
      499
 91
      501
 93
      476
310
41D4DAD95D18DA1E51840502408333333333333E33F0000000000000F901079024090741D01000000000000111010B41D405064090741802480A0340
1001
ACAD
1000
AcDbSavedByObjectVersion
1070
     0
  0
ACAD_PROXY_OBJECT
  5
37
102
{ACAD_REACTORS
330
2A
102
}
330
2A
100
AcDbProxyObject
 90
      499
 91
      501
 93
      412
310
41D51A1A58DAD95B90D409028333333333333E33F0000000000000F9010790141107004050150C41D405064090741402480A0350
1001
ACAD
1000
AcDbSavedByObjectVersion
1070
     0
  0
ACAD_PROXY_OBJECT
  5
30
102
{ACAD_REACTORS
330
2A
102
}
330
2A
100
AcDbProxyObject
 90
      499
 91
      501
 93
      420
310
4255DA5C99599C985B595059028333333333333E33F0000000000000F90107901411070040501600405405064090740C02480A0340
1001
ACAD
1000
AcDbSavedByObjectVersion
1070
     0
  0
ACAD_PROXY_OBJECT
  5
40
102
{ACAD_REACTORS
330
2A
102
}
330
2A
100
AcDbProxyObject
 90
      499
 91
      501
 93
      404
310
41560B54985E51940902404000000000000E03F0000000000000F9010740501907004050150841D405064090740C02480A1B40
1001
ACAD
1000
AcDbSavedByObjectVersion
1070
     0
  0
XRECORD
  5
160
102
{ACAD_REACTORS
330
157
102
}
330
157
100
AcDbXrecord
 90
        0
  0
XRECORD
  5
176
102
{ACAD_REACTORS
330
157
102
}
330
157
100
AcDbXrecord
1000
DSTYLE
1002
{
1070
   279
 70
     2
1070
   340
340
11
1002
}
  0
XRECORD
  5
161
102
{ACAD_REACTORS
330
157
102
}
330
157
100
AcDbXrecord
  1
{14B90706-A4CC-4AE4-B447-9D2934B668E6}
  0
XRECORD
  5
15A
102
{ACAD_REACTORS
330
157
102
}
330
157
100
AcDbXrecord
  1

  0
XRECORD
  5
15F
102
{ACAD_REACTORS
330
157
102
}
330
157
100
AcDbXrecord
 90
        4
  0
XRECORD
  5
15C
102
{ACAD_REACTORS
330
157
102
}
330
157
100
AcDbXrecord
340
1A
  0
XRECORD
  5
15E
102
{ACAD_REACTORS
330
157
102
}
330
157
100
AcDbXrecord
 90
    10781
  0
XRECORD
  5
15D
102
{ACAD_REACTORS
330
157
102
}
330
157
100
AcDbXrecord
340
19
  0
XRECORD
  5
163
102
{ACAD_REACTORS
330
157
102
}
330
157
100
AcDbXrecord
 40
0.0
  0
XRECORD
  5
166
102
{ACAD_REACTORS
330
157
102
}
330
157
100
AcDbXrecord
340
0
  0
XRECORD
  5
16C
102
{ACAD_REACTORS
330
157
102
}
330
157
100
AcDbXrecord
 10
0.0
 20
0.0
 30
0.0
  0
XRECORD
  5
168
102
{ACAD_REACTORS
330
157
102
}
330
157
100
AcDbXrecord
 10
0.0
 20
0.0
 30
0.0
  0
XRECORD
  5
16B
102
{ACAD_REACTORS
330
157
102
}
330
157
100
AcDbXrecord
 10
0.0
 20
0.0
 30
0.0
  0
XRECORD
  5
169
102
{ACAD_REACTORS
330
157
102
}
330
157
100
AcDbXrecord
 10
0.0
 20
0.0
 30
0.0
  0
XRECORD
  5
16A
102
{ACAD_REACTORS
330
157
102
}
330
157
100
AcDbXrecord
 10
0.0
 20
0.0
 30
0.0
  0
XRECORD
  5
167
102
{ACAD_REACTORS
330
157
102
}
330
157
100
AcDbXrecord
 10
0.0
 20
0.0
 30
0.0
  0
XRECORD
  5
164
102
{ACAD_REACTORS
330
157
102
}
330
157
100
AcDbXrecord
340
0
  0
XRECORD
  5
165
102
{ACAD_REACTORS
330
157
102
}
330
157
100
AcDbXrecord
 70
     0
  0
XRECORD
  5
15B
102
{ACAD_REACTORS
330
157
102
}
330
157
100
AcDbXrecord
  1

  0
XRECORD
  5
158
102
{ACAD_REACTORS
330
157
102
}
330
157
100
AcDbXrecord
 90
        1
  0
XRECORD
  5
159
102
{ACAD_REACTORS
330
157
102
}
330
157
100
AcDbXrecord
 90
       70
  0
XRECORD
  5
16F
102
{ACAD_REACTORS
330
157
102
}
330
157
100
AcDbXrecord
340
0
  0
XRECORD
  5
175
102
{ACAD_REACTORS
330
157
102
}
330
157
100
AcDbXrecord
 10
0.0
 20
0.0
 30
0.0
  0
XRECORD
  5
171
102
{ACAD_REACTORS
330
157
102
}
330
157
100
AcDbXrecord
 10
0.0
 20
0.0
 30
0.0
  0
XRECORD
  5
174
102
{ACAD_REACTORS
330
157
102
}
330
157
100
AcDbXrecord
 10
0.0
 20
0.0
 30
0.0
  0
XRECORD
  5
172
102
{ACAD_REACTORS
330
157
102
}
330
157
100
AcDbXrecord
 10
0.0
 20
0.0
 30
0.0
  0
XRECORD
  5
173
102
{ACAD_REACTORS
330
157
102
}
330
157
100
AcDbXrecord
 10
0.0
 20
0.0
 30
0.0
  0
XRECORD
  5
170
102
{ACAD_REACTORS
330
157
102
}
330
157
100
AcDbXrecord
 10
0.0
 20
0.0
 30
0.0
  0
XRECORD
  5
16D
102
{ACAD_REACTORS
330
157
102
}
330
157
100
AcDbXrecord
340
0
  0
XRECORD
  5
16E
102
{ACAD_REACTORS
330
157
102
}
330
157
100
AcDbXrecord
 70
     0
  0
XRECORD
  5
162
102
{ACAD_REACTORS
330
157
102
}
330
157
100
AcDbXrecord
  1
{FAEB1C32-E019-11D5-929B-00C0DF256EC4}
  0
DICTIONARYVAR
  5
17E
102
{ACAD_REACTORS
330
177
102
}
330
177
100
DictionaryVariables
280
     0
  1
1:1
  0
DICTIONARYVAR
  5
17C
102
{ACAD_REACTORS
330
177
102
}
330
177
100
DictionaryVariables
280
     0
  1
2
  0
DICTIONARYVAR
  5
17D
102
{ACAD_REACTORS
330
177
102
}
330
177
100
DictionaryVariables
280
     0
  1
1
  0
DICTIONARYVAR
  5
17F
102
{ACAD_REACTORS
330
177
102
}
330
177
100
DictionaryVariables
280
     0
  1
1
  0
DICTIONARY
  5
182
330
45
100
AcDbDictionary
280
     1
  3
ACAD_XREC_ROUNDTRIP
360
183
  0
DICTIONARY
  5
180
330
44
100
AcDbDictionary
280
     1
  3
ACAD_XREC_ROUNDTRIP
360
181
  0
DICTIONARY
  5
184
330
46
100
AcDbDictionary
280
     1
  3
ACAD_XREC_ROUNDTRIP
360
185
  0
XRECORD
  5
183
102
{ACAD_REACTORS
330
182
102
}
330
182
100
AcDbXrecord
102
MATERIAL
148
0.0
149
0.0
149
0.0
 93
        0
 94
      127
282
     0
 72
     1
 77
     1
171
     1
175
     1
179
     1
273
     0
  0
XRECORD
  5
181
102
{ACAD_REACTORS
330
180
102
}
330
180
100
AcDbXrecord
102
MATERIAL
148
0.0
149
0.0
149
0.0
 93
        0
 94
      127
282
     0
 72
     1
 77
     1
171
     1
175
     1
179
     1
273
     0
  0
XRECORD
  5
185
102
{ACAD_REACTORS
330
184
102
}
330
184
100
AcDbXrecord
102
MATERIAL
148
0.0
149
0.0
149
0.0
 93
        0
 94
      127
282
     0
 72
     1
 77
     1
171
     1
175
     1
179
     1
273
     0
  0
ENDSEC
  0
EOF
