  0
SECTION
  2
HEADER
  9
$ACADVER
  1
AC1014
  9
$ACADMAINTVER
 70
     9
  9
$DWGCODEPAGE
  3
ANSI_1252
  9
$INSBASE
 10
0.0
 20
0.0
 30
0.0
  9
$EXTMIN
 10
0.0
 20
0.0
 30
0.0
  9
$EXTMAX
 10
280.000075
 20
289.9999138888889
 30
0.0
  9
$LIMMIN
 10
0.0
 20
0.0
  9
$LIMMAX
 10
12.0
 20
9.0
  9
$ORTHOMODE
 70
     0
  9
$REGENMODE
 70
     1
  9
$FILLMODE
 70
     1
  9
$QTEXTMODE
 70
     0
  9
$MIRRTEXT
 70
     1
  9
$DRAGMODE
 70
     2
  9
$LTSCALE
 40
1.0
  9
$OSMODE
 70
    37
  9
$ATTMODE
 70
     1
  9
$TEXTSIZE
 40
0.2
  9
$TRACEWID
 40
0.05
  9
$TEXTSTYLE
  7
STANDARD
  9
$CLAYER
  8
DEFAULT
  9
$CELTYPE
  6
BYLAYER
  9
$CECOLOR
 62
   256
  9
$CELTSCALE
 40
1.0
  9
$DELOBJ
 70
     1
  9
$DISPSILH
 70
     0
  9
$DIMSCALE
 40
1.0
  9
$DIMASZ
 40
0.18
  9
$DIMEXO
 40
0.0625
  9
$DIMDLI
 40
0.38
  9
$DIMRND
 40
0.0
  9
$DIMDLE
 40
0.0
  9
$DIMEXE
 40
0.18
  9
$DIMTP
 40
0.0
  9
$DIMTM
 40
0.0
  9
$DIMTXT
 40
0.18
  9
$DIMCEN
 40
0.09
  9
$DIMTSZ
 40
0.0
  9
$DIMTOL
 70
     0
  9
$DIMLIM
 70
     0
  9
$DIMTIH
 70
     1
  9
$DIMTOH
 70
     1
  9
$DIMSE1
 70
     0
  9
$DIMSE2
 70
     0
  9
$DIMTAD
 70
     0
  9
$DIMZIN
 70
     0
  9
$DIMBLK
  1

  9
$DIMASO
 70
     1
  9
$DIMSHO
 70
     1
  9
$DIMPOST
  1

  9
$DIMAPOST
  1

  9
$DIMALT
 70
     0
  9
$DIMALTD
 70
     2
  9
$DIMALTF
 40
25.4
  9
$DIMLFAC
 40
1.0
  9
$DIMTOFL
 70
     0
  9
$DIMTVP
 40
0.0
  9
$DIMTIX
 70
     0
  9
$DIMSOXD
 70
     0
  9
$DIMSAH
 70
     0
  9
$DIMBLK1
  1

  9
$DIMBLK2
  1

  9
$DIMSTYLE
  2
STANDARD
  9
$DIMCLRD
 70
     0
  9
$DIMCLRE
 70
     0
  9
$DIMCLRT
 70
     0
  9
$DIMTFAC
 40
1.0
  9
$DIMGAP
 40
0.09
  9
$DIMJUST
 70
     0
  9
$DIMSD1
 70
     0
  9
$DIMSD2
 70
     0
  9
$DIMTOLJ
 70
     1
  9
$DIMTZIN
 70
     0
  9
$DIMALTZ
 70
     0
  9
$DIMALTTZ
 70
     0
  9
$DIMFIT
 70
     5
  9
$DIMUPT
 70
     0
  9
$DIMUNIT
 70
     2
  9
$DIMDEC
 70
     4
  9
$DIMTDEC
 70
     4
  9
$DIMALTU
 70
     2
  9
$DIMALTTD
 70
     2
  9
$DIMTXSTY
  7
STANDARD
  9
$DIMAUNIT
 70
     0
  9
$LUNITS
 70
     2
  9
$LUPREC
 70
     3
  9
$SKETCHINC
 40
0.1
  9
$FILLETRAD
 40
0.5
  9
$AUNITS
 70
     0
  9
$AUPREC
 70
     0
  9
$MENU
  1
.
  9
$ELEVATION
 40
0.0
  9
$PELEVATION
 40
0.0
  9
$THICKNESS
 40
0.0
  9
$LIMCHECK
 70
     0
  9
$CHAMFERA
 40
0.0
  9
$CHAMFERB
 40
0.0
  9
$CHAMFERC
 40
0.0
  9
$CHAMFERD
 40
0.0
  9
$SKPOLY
 70
     0
  9
$TDCREATE
 40
2460159.836162905
  9
$TDUPDATE
 40
2460159.836163368
  9
$TDINDWG
 40
0.0000000116
  9
$TDUSRTIMER
 40
0.0000000116
  9
$USRTIMER
 70
     1
  9
$ANGBASE
 50
0.0
  9
$ANGDIR
 70
     0
  9
$PDMODE
 70
     0
  9
$PDSIZE
 40
0.0
  9
$PLINEWID
 40
0.0
  9
$COORDS
 70
     1
  9
$SPLFRAME
 70
     0
  9
$SPLINETYPE
 70
     6
  9
$SPLINESEGS
 70
     8
  9
$ATTDIA
 70
     0
  9
$ATTREQ
 70
     1
  9
$HANDLING
 70
     1
  9
$HANDSEED
  5
143
  9
$SURFTAB1
 70
     6
  9
$SURFTAB2
 70
     6
  9
$SURFTYPE
 70
     6
  9
$SURFU
 70
     6
  9
$SURFV
 70
     6
  9
$UCSNAME
  2

  9
$UCSORG
 10
0.0
 20
0.0
 30
0.0
  9
$UCSXDIR
 10
1.0
 20
0.0
 30
0.0
  9
$UCSYDIR
 10
0.0
 20
1.0
 30
0.0
  9
$PUCSNAME
  2

  9
$PUCSORG
 10
0.0
 20
0.0
 30
0.0
  9
$PUCSXDIR
 10
1.0
 20
0.0
 30
0.0
  9
$PUCSYDIR
 10
0.0
 20
1.0
 30
0.0
  9
$USERI1
 70
     0
  9
$USERI2
 70
     0
  9
$USERI3
 70
     0
  9
$USERI4
 70
     0
  9
$USERI5
 70
     0
  9
$USERR1
 40
0.0
  9
$USERR2
 40
0.0
  9
$USERR3
 40
0.0
  9
$USERR4
 40
0.0
  9
$USERR5
 40
0.0
  9
$WORLDVIEW
 70
     1
  9
$SHADEDGE
 70
     3
  9
$SHADEDIF
 70
    70
  9
$TILEMODE
 70
     1
  9
$MAXACTVP
 70
    64
  9
$PINSBASE
 10
0.0
 20
0.0
 30
0.0
  9
$PLIMCHECK
 70
     0
  9
$PEXTMIN
 10
1.000000000000000E+20
 20
1.000000000000000E+20
 30
1.000000000000000E+20
  9
$PEXTMAX
 10
-1.000000000000000E+20
 20
-1.000000000000000E+20
 30
-1.000000000000000E+20
  9
$PLIMMIN
 10
0.0
 20
0.0
  9
$PLIMMAX
 10
12.0
 20
9.0
  9
$UNITMODE
 70
     0
  9
$VISRETAIN
 70
     1
  9
$PLINEGEN
 70
     0
  9
$PSLTSCALE
 70
     1
  9
$TREEDEPTH
 70
  3020
  9
$PICKSTYLE
 70
     1
  9
$CMLSTYLE
  2
STANDARD
  9
$CMLJUST
 70
     0
  9
$CMLSCALE
 40
1.0
  9
$PROXYGRAPHICS
 70
     1
  9
$MEASUREMENT
 70
     0
  0
ENDSEC
  0
SECTION
  2
CLASSES
  0
CLASS
  1
ACDBDICTIONARYWDFLT
  2
AcDbDictionaryWithDefault
  3
ObjectDBX Classes
 90
        0
280
     0
281
     0
  0
CLASS
  1
VISUALSTYLE
  2
AcDbVisualStyle
  3
ObjectDBX Classes
 90
     4095
280
     0
281
     0
  0
CLASS
  1
MATERIAL
  2
AcDbMaterial
  3
ObjectDBX Classes
 90
     1153
280
     0
281
     0
  0
CLASS
  1
SCALE
  2
AcDbScale
  3
ObjectDBX Classes
 90
     1153
280
     0
281
     0
  0
CLASS
  1
SUN
  2
AcDbSun
  3
SCENEOE
 90
     1153
280
     0
281
     0
  0
CLASS
  1
DICTIONARYVAR
  2
AcDbDictionaryVar
  3
ObjectDBX Classes
 90
        0
280
     0
281
     0
  0
CLASS
  1
XRECORD
  2
AcDbXrecord
  3
ObjectDBX Classes
 90
        0
280
     0
281
     0
  0
CLASS
  1
LWPOLYLINE
  2
AcDbPolyline
  3
ObjectDBX Classes
 90
        0
280
     0
281
     1
  0
CLASS
  1
HATCH
  2
AcDbHatch
  3
ObjectDBX Classes
 90
        0
280
     0
281
     1
  0
CLASS
  1
ACDBPLACEHOLDER
  2
AcDbPlaceHolder
  3
ObjectDBX Classes
 90
        0
280
     0
281
     0
  0
CLASS
  1
LAYOUT
  2
AcDbLayout
  3
ObjectDBX Classes
 90
        0
280
     0
281
     0
  0
ENDSEC
  0
SECTION
  2
TABLES
  0
TABLE
  2
VPORT
  5
8
330
0
100
AcDbSymbolTable
 70
     1
  0
VPORT
  5
29
330
8
100
AcDbSymbolTableRecord
100
AcDbViewportTableRecord
  2
*ACTIVE
 70
     0
 10
0.0
 20
0.0
 11
1.0
 21
1.0
 12
140.0000375
 22
144.9999569444444
 13
0.0
 23
0.0
 14
0.5
 24
0.5
 15
0.5
 25
0.5
 16
0.0
 26
0.0
 36
1.0
 17
0.0
 27
0.0
 37
0.0
 40
295.7999121666667
 41
0.9655177866958945
 42
50.0
 43
0.0
 44
0.0
 50
0.0
 51
0.0
 71
     0
 72
   100
 73
     1
 74
     3
 75
     0
 76
     0
 77
     0
 78
     0
  0
ENDTAB
  0
TABLE
  2
LTYPE
  5
5
330
0
100
AcDbSymbolTable
 70
     1
  0
LTYPE
  5
14
330
5
100
AcDbSymbolTableRecord
100
AcDbLinetypeTableRecord
  2
BYBLOCK
 70
     0
  3

 72
    65
 73
     0
 40
0.0
  0
LTYPE
  5
15
330
5
100
AcDbSymbolTableRecord
100
AcDbLinetypeTableRecord
  2
BYLAYER
 70
     0
  3

 72
    65
 73
     0
 40
0.0
  0
LTYPE
  5
16
330
5
100
AcDbSymbolTableRecord
100
AcDbLinetypeTableRecord
  2
CONTINUOUS
 70
     0
  3
Solid line
 72
    65
 73
     0
 40
0.0
  0
ENDTAB
  0
TABLE
  2
LAYER
  5
2
330
0
100
AcDbSymbolTable
 70
     2
  0
LAYER
  5
10
330
2
100
AcDbSymbolTableRecord
100
AcDbLayerTableRecord
  2
0
 70
     0
 62
     7
  6
CONTINUOUS
  0
LAYER
  5
6A
330
2
100
AcDbSymbolTableRecord
100
AcDbLayerTableRecord
  2
DEFAULT
 70
     0
 62
    18
  6
CONTINUOUS
  0
ENDTAB
  0
TABLE
  2
STYLE
  5
3
330
0
100
AcDbSymbolTable
 70
     1
  0
STYLE
  5
11
330
3
100
AcDbSymbolTableRecord
100
AcDbTextStyleTableRecord
  2
STANDARD
 70
     0
 40
0.0
 41
1.0
 50
0.0
 71
     0
 42
0.2
  3
txt
  4

  0
ENDTAB
  0
TABLE
  2
VIEW
  5
6
330
0
100
AcDbSymbolTable
 70
     0
  0
ENDTAB
  0
TABLE
  2
UCS
  5
7
330
0
100
AcDbSymbolTable
 70
     0
  0
ENDTAB
  0
TABLE
  2
APPID
  5
9
330
0
100
AcDbSymbolTable
 70
     1
  0
APPID
  5
12
330
9
100
AcDbSymbolTableRecord
100
AcDbRegAppTableRecord
  2
ACAD
 70
     0
  0
ENDTAB
  0
TABLE
  2
DIMSTYLE
  5
A
330
0
100
AcDbSymbolTable
 70
     1
  0
DIMSTYLE
105
27
330
A
100
AcDbSymbolTableRecord
100
AcDbDimStyleTableRecord
  2
STANDARD
 70
     0
  3

  4

  5

  6

  7

 40
1.0
 41
0.18
 42
0.0625
 43
0.38
 44
0.18
 45
0.0
 46
0.0
 47
0.0
 48
0.0
140
0.18
141
0.09
142
0.0
143
25.4
144
1.0
145
0.0
146
1.0
147
0.09
 71
     0
 72
     0
 73
     1
 74
     1
 75
     0
 76
     0
 77
     0
 78
     0
170
     0
171
     2
172
     0
173
     0
174
     0
175
     0
176
     0
177
     0
178
     0
270
     2
271
     4
272
     4
273
     2
274
     2
340
11
275
     0
280
     0
281
     0
282
     0
283
     1
284
     0
285
     0
286
     0
287
     3
288
     0
  0
ENDTAB
  0
TABLE
  2
BLOCK_RECORD
  5
1
330
0
100
AcDbSymbolTable
 70
     1
  0
BLOCK_RECORD
  5
1F
330
1
100
AcDbSymbolTableRecord
100
AcDbBlockTableRecord
  2
*MODEL_SPACE
  0
BLOCK_RECORD
  5
1B
330
1
100
AcDbSymbolTableRecord
100
AcDbBlockTableRecord
  2
*PAPER_SPACE
  0
ENDTAB
  0
ENDSEC
  0
SECTION
  2
BLOCKS
  0
BLOCK
  5
20
330
1F
100
AcDbEntity
  8
0
100
AcDbBlockBegin
  2
*MODEL_SPACE
 70
     0
 10
0.0
 20
0.0
 30
0.0
  3
*MODEL_SPACE
  1

  0
ENDBLK
  5
21
330
1F
100
AcDbEntity
  8
0
100
AcDbBlockEnd
  0
BLOCK
  5
1C
330
1B
100
AcDbEntity
 67
     1
  8
0
100
AcDbBlockBegin
  2
*PAPER_SPACE
 70
     0
 10
0.0
 20
0.0
 30
0.0
  3
*PAPER_SPACE
  1

  0
ENDBLK
  5
1D
330
1B
100
AcDbEntity
 67
     1
  8
0
100
AcDbBlockEnd
  0
ENDSEC
  0
SECTION
  2
ENTITIES
  0
POLYLINE
  5
6B
330
1F
100
AcDbEntity
  8
DEFAULT
 62
    18
100
AcDb2dPolyline
 66
     1
 10
0.0
 20
0.0
 30
0.0
 70
     1
  0
VERTEX
  5
6C
330
6B
100
AcDbEntity
  8
DEFAULT
 62
    18
100
AcDbVertex
100
AcDb2dVertex
 10
280.000075
 20
0.0
 30
0.0
  0
VERTEX
  5
6D
330
6B
100
AcDbEntity
  8
DEFAULT
 62
    18
100
AcDbVertex
100
AcDb2dVertex
 10
0.0
 20
0.0
 30
0.0
  0
VERTEX
  5
6E
330
6B
100
AcDbEntity
  8
DEFAULT
 62
    18
100
AcDbVertex
100
AcDb2dVertex
 10
0.0
 20
289.9999138888889
 30
0.0
  0
VERTEX
  5
6F
330
6B
100
AcDbEntity
  8
DEFAULT
 62
    18
100
AcDbVertex
100
AcDb2dVertex
 10
280.000075
 20
289.9999138888889
 30
0.0
  0
SEQEND
  5
70
330
6B
100
AcDbEntity
  8
DEFAULT
 62
    18
  0
POLYLINE
  5
71
330
1F
100
AcDbEntity
  8
DEFAULT
 62
    18
100
AcDb2dPolyline
 66
     1
 10
0.0
 20
0.0
 30
0.0
 70
     1
  0
VERTEX
  5
72
330
71
100
AcDbEntity
  8
DEFAULT
 62
    18
100
AcDbVertex
100
AcDb2dVertex
 10
70.02434277777778
 20
259.0002369444444
 30
0.0
  0
VERTEX
  5
73
330
71
100
AcDbEntity
  8
DEFAULT
 62
    18
100
AcDbVertex
100
AcDb2dVertex
 10
70.00282333333332
 20
259.0002369444444
 30
0.0
  0
VERTEX
  5
74
330
71
100
AcDbEntity
  8
DEFAULT
 62
    18
100
AcDbVertex
100
AcDb2dVertex
 10
68.80725944444444
 20
258.3546536111111
 30
0.0
  0
VERTEX
  5
75
330
71
100
AcDbEntity
  8
DEFAULT
 62
    18
100
AcDbVertex
100
AcDb2dVertex
 10
68.62734277777777
 20
259.0637369444444
 30
0.0
  0
VERTEX
  5
76
330
71
100
AcDbEntity
  8
DEFAULT
 62
    18
100
AcDbVertex
100
AcDb2dVertex
 10
70.13017611111111
 20
259.8680702777777
 30
0.0
  0
VERTEX
  5
77
330
71
100
AcDbEntity
  8
DEFAULT
 62
    18
100
AcDbVertex
100
AcDb2dVertex
 10
70.92392611111111
 20
259.8680702777777
 30
0.0
  0
VERTEX
  5
78
330
71
100
AcDbEntity
  8
DEFAULT
 62
    18
100
AcDbVertex
100
AcDb2dVertex
 10
70.92392611111111
 20
252.9892563888889
 30
0.0
  0
VERTEX
  5
79
330
71
100
AcDbEntity
  8
DEFAULT
 62
    18
100
AcDbVertex
100
AcDb2dVertex
 10
70.02434277777778
 20
252.9892563888889
 30
0.0
  0
SEQEND
  5
7A
330
71
100
AcDbEntity
  8
DEFAULT
 62
    18
  0
SPLINE
  5
7B
330
1F
100
AcDbEntity
  8
DEFAULT
 62
    18
100
AcDbSpline
210
0.0
220
0.0
230
1.0
 70
    11
 71
     3
 72
    59
 73
    55
 74
     0
 42
0.000000001
 43
0.0000000001
 40
0.0
 40
0.0
 40
0.0
 40
0.0
 40
3.74423556951209
 40
3.74423556951209
 40
3.74423556951209
 40
4.744235569512091
 40
4.744235569512091
 40
4.744235569512091
 40
4.834235569512094
 40
4.834235569512094
 40
4.834235569512094
 40
5.834235569512094
 40
5.834235569512094
 40
5.834235569512094
 40
9.536896774645541
 40
9.536896774645541
 40
9.536896774645541
 40
12.38789677464554
 40
12.38789677464554
 40
12.38789677464554
 40
20.97759409178076
 40
20.97759409178076
 40
20.97759409178076
 40
30.04593473381668
 40
30.04593473381668
 40
30.04593473381668
 40
33.04593473381668
 40
33.04593473381668
 40
33.04593473381668
 40
36.94847236976587
 40
36.94847236976587
 40
36.94847236976587
 40
37.94847236976587
 40
37.94847236976587
 40
37.94847236976587
 40
38.00947236976585
 40
38.00947236976585
 40
38.00947236976585
 40
39.00947236976585
 40
39.00947236976585
 40
39.00947236976585
 40
42.89625780248527
 40
42.89625780248527
 40
42.89625780248527
 40
45.80525780248529
 40
45.80525780248529
 40
45.80525780248529
 40
54.83346703798709
 40
54.83346703798709
 40
54.83346703798709
 40
63.47862892195435
 40
63.47862892195435
 40
63.47862892195435
 40
66.41762892195433
 40
66.41762892195433
 40
66.41762892195433
 40
66.41762892195433
 10
63.83316333333334
 20
258.1114133333332
 30
0.0
 10
64.07658000000002
 20
257.7445244444444
 30
0.0
 10
64.31999666666668
 20
257.3776355555555
 30
0.0
 10
64.56341333333336
 20
257.0107466666666
 30
0.0
 10
64.75356055555555
 20
256.7249966666666
 30
0.0
 10
64.91231055555555
 20
256.4604133333333
 30
0.0
 10
65.08199666666665
 20
256.1746633333333
 30
0.0
 10
65.09258
 20
256.1746633333333
 30
0.0
 10
65.10316333333333
 20
256.1746633333333
 30
0.0
 10
65.11374666666666
 20
256.1746633333333
 30
0.0
 10
65.28272722222222
 20
256.48158
 30
0.0
 10
65.45241333333333
 20
256.7461633333333
 30
0.0
 10
65.62139388888887
 20
257.02133
 30
0.0
 10
65.86128277777777
 20
257.3846911111111
 30
0.0
 10
66.10117166666667
 20
257.7480522222222
 30
0.0
 10
66.34106055555556
 20
258.1114133333333
 30
0.0
 10
66.67631703703704
 20
258.1114133333333
 30
0.0
 10
67.01157351851852
 20
258.1114133333333
 30
0.0
 10
67.34683
 20
258.1114133333333
 30
0.0
 10
66.76474666666667
 20
257.2859133333333
 30
0.0
 10
66.18266333333332
 20
256.4604133333333
 30
0.0
 10
65.60058
 20
255.6349133333333
 30
0.0
 10
66.20018462962962
 20
254.7530864814815
 30
0.0
 10
66.79978925925924
 20
253.8712596296296
 30
0.0
 10
67.39939388888888
 20
252.9894327777778
 30
0.0
 10
67.0466161111111
 20
252.9894327777778
 30
0.0
 10
66.69383833333333
 20
252.9894327777778
 30
0.0
 10
66.34106055555556
 20
252.9894327777778
 30
0.0
 10
66.09058833333334
 20
253.3739605555555
 30
0.0
 10
65.84011611111112
 20
253.7584883333333
 30
0.0
 10
65.58964388888889
 20
254.1430161111111
 30
0.0
 10
65.38891333333332
 20
254.4389966666667
 30
0.0
 10
65.21958
 20
254.7247466666666
 30
0.0
 10
65.03966333333332
 20
255.0316633333333
 30
0.0
 10
65.03249018518518
 20
255.0316633333333
 30
0.0
 10
65.02531703703703
 20
255.0316633333333
 30
0.0
 10
65.01814388888889
 20
255.0316633333333
 30
0.0
 10
64.84916333333332
 20
254.7247466666666
 30
0.0
 10
64.66924666666667
 20
254.44958
 30
0.0
 10
64.47874666666667
 20
254.1430161111111
 30
0.0
 10
64.23168462962963
 20
253.7584883333333
 30
0.0
 10
63.98462259259259
 20
253.3739605555555
 30
0.0
 10
63.73756055555555
 20
252.9894327777778
 30
0.0
 10
63.3954837037037
 20
252.9894327777778
 30
0.0
 10
63.05340685185185
 20
252.9894327777778
 30
0.0
 10
62.71132999999999
 20
252.9894327777778
 30
0.0
 10
63.31799018518518
 20
253.8606762962962
 30
0.0
 10
63.92465037037037
 20
254.7319198148148
 30
0.0
 10
64.53131055555555
 20
255.6031633333333
 30
0.0
 10
63.95299018518518
 20
256.4392466666666
 30
0.0
 10
63.37466981481481
 20
257.27533
 30
0.0
 10
62.79634944444444
 20
258.1114133333333
 30
0.0
 10
63.14195407407408
 20
258.1114133333333
 30
0.0
 10
63.48755870370371
 20
258.1114133333333
 30
0.0
 10
63.83316333333334
 20
258.1114133333332
 30
0.0
  0
POLYLINE
  5
7C
330
1F
100
AcDbEntity
  8
DEFAULT
 62
    18
100
AcDb2dPolyline
 66
     1
 10
0.0
 20
0.0
 30
0.0
 70
     1
  0
VERTEX
  5
7D
330
7C
100
AcDbEntity
  8
DEFAULT
 62
    18
100
AcDbVertex
100
AcDb2dVertex
 10
95.8008625
 20
19.49598166666667
 30
0.0
  0
VERTEX
  5
7E
330
7C
100
AcDbEntity
  8
DEFAULT
 62
    18
100
AcDbVertex
100
AcDb2dVertex
 10
95.77969583333334
 20
19.49598166666667
 30
0.0
  0
VERTEX
  5
7F
330
7C
100
AcDbEntity
  8
DEFAULT
 62
    18
100
AcDbVertex
100
AcDb2dVertex
 10
94.58377916666667
 20
18.85075111111111
 30
0.0
  0
VERTEX
  5
80
330
7C
100
AcDbEntity
  8
DEFAULT
 62
    18
100
AcDbVertex
100
AcDb2dVertex
 10
94.4038625
 20
19.55983444444444
 30
0.0
  0
VERTEX
  5
81
330
7C
100
AcDbEntity
  8
DEFAULT
 62
    18
100
AcDbVertex
100
AcDb2dVertex
 10
95.90669583333333
 20
20.363815
 30
0.0
  0
VERTEX
  5
82
330
7C
100
AcDbEntity
  8
DEFAULT
 62
    18
100
AcDbVertex
100
AcDb2dVertex
 10
96.70044583333333
 20
20.363815
 30
0.0
  0
VERTEX
  5
83
330
7C
100
AcDbEntity
  8
DEFAULT
 62
    18
100
AcDbVertex
100
AcDb2dVertex
 10
96.70044583333333
 20
13.48500111111111
 30
0.0
  0
VERTEX
  5
84
330
7C
100
AcDbEntity
  8
DEFAULT
 62
    18
100
AcDbVertex
100
AcDb2dVertex
 10
95.8008625
 20
13.48500111111111
 30
0.0
  0
SEQEND
  5
85
330
7C
100
AcDbEntity
  8
DEFAULT
 62
    18
  0
SPLINE
  5
86
330
1F
100
AcDbEntity
  8
DEFAULT
 62
    18
100
AcDbSpline
210
0.0
220
0.0
230
1.0
 70
    11
 71
     3
 72
    59
 73
    55
 74
     0
 42
0.000000001
 43
0.0000000001
 40
0.0
 40
0.0
 40
0.0
 40
0.0
 40
3.744235569512142
 40
3.744235569512142
 40
3.744235569512142
 40
4.744235569512142
 40
4.744235569512142
 40
4.744235569512142
 40
4.834235569512117
 40
4.834235569512117
 40
4.834235569512117
 40
5.834235569512117
 40
5.834235569512117
 40
5.834235569512117
 40
9.536896774645536
 40
9.536896774645536
 40
9.536896774645536
 40
12.3868967746455
 40
12.3868967746455
 40
12.3868967746455
 40
20.97659409178072
 40
20.97659409178072
 40
20.97659409178072
 40
30.04632396647931
 40
30.04632396647931
 40
30.04632396647931
 40
33.04632396647931
 40
33.04632396647931
 40
33.04632396647931
 40
36.94969955691383
 40
36.94969955691383
 40
36.94969955691383
 40
37.94969955691383
 40
37.94969955691383
 40
37.94969955691383
 40
38.00969955691383
 40
38.00969955691383
 40
38.00969955691383
 40
39.00969955691383
 40
39.00969955691383
 40
39.00969955691383
 40
42.89732633941237
 40
42.89732633941237
 40
42.89732633941237
 40
45.80632633941239
 40
45.80632633941239
 40
45.80632633941239
 40
54.83617694725748
 40
54.83617694725748
 40
54.83617694725748
 40
63.48051642462647
 40
63.48051642462647
 40
63.48051642462647
 40
66.41951642462647
 40
66.41951642462647
 40
66.41951642462647
 40
66.41951642462647
 10
89.60954194444442
 20
18.60715805555555
 30
0.0
 10
89.85295861111108
 20
18.24026916666666
 30
0.0
 10
90.09637527777774
 20
17.87338027777777
 30
0.0
 10
90.33979194444441
 20
17.50649138888889
 30
0.0
 10
90.52993916666665
 20
17.22074138888889
 30
0.0
 10
90.68904194444444
 20
16.95615805555556
 30
0.0
 10
90.85837527777778
 20
16.67076083333333
 30
0.0
 10
90.86895861111111
 20
16.67076083333333
 30
0.0
 10
90.87954194444444
 20
16.67076083333333
 30
0.0
 10
90.89012527777777
 20
16.67076083333333
 30
0.0
 10
91.05945861111111
 20
16.97732472222222
 30
0.0
 10
91.22879194444442
 20
17.24190805555556
 30
0.0
 10
91.39812527777777
 20
17.51707472222222
 30
0.0
 10
91.63801416666666
 20
17.88043583333333
 30
0.0
 10
91.87790305555556
 20
18.24379694444444
 30
0.0
 10
92.11779194444445
 20
18.60715805555555
 30
0.0
 10
92.45293083333333
 20
18.60715805555555
 30
0.0
 10
92.78806972222223
 20
18.60715805555555
 30
0.0
 10
93.1232086111111
 20
18.60715805555555
 30
0.0
 10
92.54112527777777
 20
17.78165805555555
 30
0.0
 10
91.95904194444444
 20
16.95615805555555
 30
0.0
 10
91.3769586111111
 20
16.13065805555555
 30
0.0
 10
91.97668083333332
 20
15.24871361111111
 30
0.0
 10
92.57640305555555
 20
14.36676916666666
 30
0.0
 10
93.17612527777777
 20
13.48482472222222
 30
0.0
 10
92.8233475
 20
13.48482472222222
 30
0.0
 10
92.47056972222224
 20
13.48482472222222
 30
0.0
 10
92.11779194444445
 20
13.48482472222222
 30
0.0
 10
91.86731972222223
 20
13.86947009259259
 30
0.0
 10
91.6168475
 20
14.25411546296296
 30
0.0
 10
91.36637527777778
 20
14.63876083333333
 30
0.0
 10
91.16564472222221
 20
14.93509416666667
 30
0.0
 10
90.9959586111111
 20
15.22049138888889
 30
0.0
 10
90.81604194444445
 20
15.52740805555556
 30
0.0
 10
90.8089863888889
 20
15.52740805555556
 30
0.0
 10
90.80193083333332
 20
15.52740805555556
 30
0.0
 10
90.79487527777778
 20
15.52740805555556
 30
0.0
 10
90.62554194444444
 20
15.22049138888889
 30
0.0
 10
90.44562527777778
 20
14.94532472222222
 30
0.0
 10
90.25512527777778
 20
14.63876083333333
 30
0.0
 10
90.00806324074074
 20
14.25411546296296
 30
0.0
 10
89.7610012037037
 20
13.86947009259259
 30
0.0
 10
89.51393916666666
 20
13.48482472222222
 30
0.0
 10
89.1718623148148
 20
13.48482472222222
 30
0.0
 10
88.82978546296295
 20
13.48482472222222
 30
0.0
 10
88.4877086111111
 20
13.48482472222222
 30
0.0
 10
89.0943687962963
 20
14.35630342592592
 30
0.0
 10
89.70102898148149
 20
15.22778212962963
 30
0.0
 10
90.30768916666666
 20
16.09926083333333
 30
0.0
 10
89.72936879629628
 20
16.93522657407408
 30
0.0
 10
89.15104842592592
 20
17.77119231481482
 30
0.0
 10
88.57272805555556
 20
18.60715805555555
 30
0.0
 10
88.91833268518518
 20
18.60715805555555
 30
0.0
 10
89.26393731481478
 20
18.60715805555555
 30
0.0
 10
89.60954194444442
 20
18.60715805555555
 30
0.0
  0
POLYLINE
  5
87
330
1F
100
AcDbEntity
  8
DEFAULT
 62
    18
100
AcDb2dPolyline
 66
     1
 10
0.0
 20
0.0
 30
0.0
 70
     1
  0
VERTEX
  5
88
330
87
100
AcDbEntity
  8
DEFAULT
 62
    18
100
AcDbVertex
100
AcDb2dVertex
 10
52.84967416666667
 20
71.41358166666666
 30
0.0
  0
VERTEX
  5
89
330
87
100
AcDbEntity
  8
DEFAULT
 62
    18
100
AcDbVertex
100
AcDb2dVertex
 10
52.82815472222222
 20
71.41358166666666
 30
0.0
  0
VERTEX
  5
8A
330
87
100
AcDbEntity
  8
DEFAULT
 62
    18
100
AcDbVertex
100
AcDb2dVertex
 10
51.63259083333333
 20
70.76799833333332
 30
0.0
  0
VERTEX
  5
8B
330
87
100
AcDbEntity
  8
DEFAULT
 62
    18
100
AcDbVertex
100
AcDb2dVertex
 10
51.45267416666666
 20
71.47708166666666
 30
0.0
  0
VERTEX
  5
8C
330
87
100
AcDbEntity
  8
DEFAULT
 62
    18
100
AcDbVertex
100
AcDb2dVertex
 10
52.9555075
 20
72.281415
 30
0.0
  0
VERTEX
  5
8D
330
87
100
AcDbEntity
  8
DEFAULT
 62
    18
100
AcDbVertex
100
AcDb2dVertex
 10
53.7492575
 20
72.281415
 30
0.0
  0
VERTEX
  5
8E
330
87
100
AcDbEntity
  8
DEFAULT
 62
    18
100
AcDbVertex
100
AcDb2dVertex
 10
53.7492575
 20
65.4026011111111
 30
0.0
  0
VERTEX
  5
8F
330
87
100
AcDbEntity
  8
DEFAULT
 62
    18
100
AcDbVertex
100
AcDb2dVertex
 10
52.84967416666667
 20
65.4026011111111
 30
0.0
  0
SEQEND
  5
90
330
87
100
AcDbEntity
  8
DEFAULT
 62
    18
  0
SPLINE
  5
91
330
1F
100
AcDbEntity
  8
DEFAULT
 62
    18
100
AcDbSpline
210
0.0
220
0.0
230
1.0
 70
    11
 71
     3
 72
    59
 73
    55
 74
     0
 42
0.000000001
 43
0.0000000001
 40
0.0
 40
0.0
 40
0.0
 40
0.0
 40
3.744235569512153
 40
3.744235569512153
 40
3.744235569512153
 40
4.744235569512153
 40
4.744235569512153
 40
4.744235569512153
 40
4.834235569512156
 40
4.834235569512156
 40
4.834235569512156
 40
5.834235569512156
 40
5.834235569512156
 40
5.834235569512156
 40
9.53689677464558
 40
9.53689677464558
 40
9.53689677464558
 40
12.38789677464558
 40
12.38789677464558
 40
12.38789677464558
 40
20.97841136924351
 40
20.97841136924351
 40
20.97841136924351
 40
30.04675201127943
 40
30.04675201127943
 40
30.04675201127943
 40
33.04675201127943
 40
33.04675201127943
 40
33.04675201127943
 40
36.94928964722864
 40
36.94928964722864
 40
36.94928964722864
 40
37.94928964722864
 40
37.94928964722864
 40
37.94928964722864
 40
38.01028964722862
 40
38.01028964722862
 40
38.01028964722862
 40
39.01028964722862
 40
39.01028964722862
 40
39.01028964722862
 40
42.89707507994806
 40
42.89707507994806
 40
42.89707507994806
 40
45.80607507994808
 40
45.80607507994808
 40
45.80607507994808
 40
54.83510498354238
 40
54.83510498354238
 40
54.83510498354238
 40
63.48026686750963
 40
63.48026686750963
 40
63.48026686750963
 40
66.41926686750963
 40
66.41926686750963
 40
66.41926686750963
 40
66.41926686750963
 10
46.65849472222222
 20
70.52475805555554
 30
0.0
 10
46.90191138888888
 20
70.15786916666666
 30
0.0
 10
47.14532805555555
 20
69.79098027777776
 30
0.0
 10
47.38874472222221
 20
69.42409138888887
 30
0.0
 10
47.57889194444444
 20
69.1379886111111
 30
0.0
 10
47.73764194444444
 20
68.87375805555554
 30
0.0
 10
47.90732805555555
 20
68.58800805555555
 30
0.0
 10
47.91791138888888
 20
68.58800805555555
 30
0.0
 10
47.92849472222221
 20
68.58800805555555
 30
0.0
 10
47.93907805555555
 20
68.58800805555555
 30
0.0
 10
48.10805861111111
 20
68.89492472222221
 30
0.0
 10
48.27774472222222
 20
69.15950805555555
 30
0.0
 10
48.44672527777777
 20
69.43467472222221
 30
0.0
 10
48.68661416666666
 20
69.79803583333332
 30
0.0
 10
48.92650305555555
 20
70.16139694444443
 30
0.0
 10
49.16639194444444
 20
70.52475805555555
 30
0.0
 10
49.50164842592593
 20
70.52475805555555
 30
0.0
 10
49.83690490740741
 20
70.52475805555555
 30
0.0
 10
50.17216138888889
 20
70.52475805555555
 30
0.0
 10
49.59007805555555
 20
69.69914046296294
 30
0.0
 10
49.00799472222221
 20
68.87352287037037
 30
0.0
 10
48.42591138888888
 20
68.04790527777777
 30
0.0
 10
49.02551601851852
 20
67.16607842592592
 30
0.0
 10
49.62512064814814
 20
66.28425157407406
 30
0.0
 10
50.22472527777778
 20
65.40242472222221
 30
0.0
 10
49.8719475
 20
65.40242472222221
 30
0.0
 10
49.51916972222222
 20
65.40242472222221
 30
0.0
 10
49.16639194444444
 20
65.40242472222221
 30
0.0
 10
48.91591972222221
 20
65.7869525
 30
0.0
 10
48.66544749999999
 20
66.17148027777777
 30
0.0
 10
48.41497527777778
 20
66.55600805555555
 30
0.0
 10
48.21424472222222
 20
66.85234138888889
 30
0.0
 10
48.04491138888888
 20
67.13809138888888
 30
0.0
 10
47.86499472222221
 20
67.44465527777777
 30
0.0
 10
47.85782157407407
 20
67.44465527777777
 30
0.0
 10
47.85064842592593
 20
67.44465527777777
 30
0.0
 10
47.84347527777778
 20
67.44465527777777
 30
0.0
 10
47.67449472222221
 20
67.13809138888888
 30
0.0
 10
47.49457805555555
 20
66.86292472222222
 30
0.0
 10
47.30407805555556
 20
66.55600805555555
 30
0.0
 10
47.05701601851852
 20
66.17148027777777
 30
0.0
 10
46.80995398148148
 20
65.7869525
 30
0.0
 10
46.56289194444444
 20
65.40242472222221
 30
0.0
 10
46.22081509259258
 20
65.40242472222221
 30
0.0
 10
45.87873824074072
 20
65.40242472222221
 30
0.0
 10
45.53666138888888
 20
65.40242472222221
 30
0.0
 10
46.14332157407407
 20
66.27378583333332
 30
0.0
 10
46.74998175925926
 20
67.14514694444443
 30
0.0
 10
47.35664194444445
 20
68.01650805555555
 30
0.0
 10
46.77832157407408
 20
68.85259138888888
 30
0.0
 10
46.2000012037037
 20
69.68867472222222
 30
0.0
 10
45.62168083333333
 20
70.52475805555555
 30
0.0
 10
45.96728546296296
 20
70.52475805555554
 30
0.0
 10
46.31289009259259
 20
70.52475805555554
 30
0.0
 10
46.65849472222222
 20
70.52475805555554
 30
0.0
  0
POLYLINE
  5
92
330
1F
100
AcDbEntity
  8
DEFAULT
 62
    18
100
AcDb2dPolyline
 66
     1
 10
0.0
 20
0.0
 30
0.0
 70
     1
  0
VERTEX
  5
93
330
92
100
AcDbEntity
  8
DEFAULT
 62
    18
100
AcDbVertex
100
AcDb2dVertex
 10
95.8008625
 20
131.2934819444444
 30
0.0
  0
VERTEX
  5
94
330
92
100
AcDbEntity
  8
DEFAULT
 62
    18
100
AcDbVertex
100
AcDb2dVertex
 10
95.77969583333334
 20
131.2934819444444
 30
0.0
  0
VERTEX
  5
95
330
92
100
AcDbEntity
  8
DEFAULT
 62
    18
100
AcDbVertex
100
AcDb2dVertex
 10
94.58377916666667
 20
130.6482513888889
 30
0.0
  0
VERTEX
  5
96
330
92
100
AcDbEntity
  8
DEFAULT
 62
    18
100
AcDbVertex
100
AcDb2dVertex
 10
94.4038625
 20
131.3573347222222
 30
0.0
  0
VERTEX
  5
97
330
92
100
AcDbEntity
  8
DEFAULT
 62
    18
100
AcDbVertex
100
AcDb2dVertex
 10
95.90669583333333
 20
132.1613152777778
 30
0.0
  0
VERTEX
  5
98
330
92
100
AcDbEntity
  8
DEFAULT
 62
    18
100
AcDbVertex
100
AcDb2dVertex
 10
96.70044583333333
 20
132.1613152777778
 30
0.0
  0
VERTEX
  5
99
330
92
100
AcDbEntity
  8
DEFAULT
 62
    18
100
AcDbVertex
100
AcDb2dVertex
 10
96.70044583333333
 20
125.2825013888889
 30
0.0
  0
VERTEX
  5
9A
330
92
100
AcDbEntity
  8
DEFAULT
 62
    18
100
AcDbVertex
100
AcDb2dVertex
 10
95.8008625
 20
125.2825013888889
 30
0.0
  0
SEQEND
  5
9B
330
92
100
AcDbEntity
  8
DEFAULT
 62
    18
  0
SPLINE
  5
9C
330
1F
100
AcDbEntity
  8
DEFAULT
 62
    18
100
AcDbSpline
210
0.0
220
0.0
230
1.0
 70
    11
 71
     3
 72
    59
 73
    55
 74
     0
 42
0.000000001
 43
0.0000000001
 40
0.0
 40
0.0
 40
0.0
 40
0.0
 40
3.744235569512106
 40
3.744235569512106
 40
3.744235569512106
 40
4.744235569512106
 40
4.744235569512106
 40
4.744235569512106
 40
4.834235569512081
 40
4.834235569512081
 40
4.834235569512081
 40
5.834235569512081
 40
5.834235569512081
 40
5.834235569512081
 40
9.53689677464548
 40
9.53689677464548
 40
9.53689677464548
 40
12.38689677464545
 40
12.38689677464545
 40
12.38689677464545
 40
20.97659409178065
 40
20.97659409178065
 40
20.97659409178065
 40
30.04632396647924
 40
30.04632396647924
 40
30.04632396647924
 40
33.04632396647924
 40
33.04632396647924
 40
33.04632396647924
 40
36.94969955691372
 40
36.94969955691372
 40
36.94969955691372
 40
37.94969955691372
 40
37.94969955691372
 40
37.94969955691372
 40
38.00969955691372
 40
38.00969955691372
 40
38.00969955691372
 40
39.00969955691372
 40
39.00969955691372
 40
39.00969955691372
 40
42.89732633941223
 40
42.89732633941223
 40
42.89732633941223
 40
45.80632633941225
 40
45.80632633941225
 40
45.80632633941225
 40
54.83617694725734
 40
54.83617694725734
 40
54.83617694725734
 40
63.48051642462632
 40
63.48051642462632
 40
63.48051642462632
 40
66.41951642462631
 40
66.41951642462631
 40
66.41951642462631
 40
66.41951642462631
 10
89.60954194444444
 20
130.4046583333333
 30
0.0
 10
89.8529586111111
 20
130.0377694444444
 30
0.0
 10
90.09637527777777
 20
129.6708805555556
 30
0.0
 10
90.33979194444444
 20
129.3039916666667
 30
0.0
 10
90.52993916666665
 20
129.0182416666667
 30
0.0
 10
90.68904194444444
 20
128.7536583333333
 30
0.0
 10
90.85837527777778
 20
128.4682611111111
 30
0.0
 10
90.86895861111111
 20
128.4682611111111
 30
0.0
 10
90.87954194444444
 20
128.4682611111111
 30
0.0
 10
90.89012527777777
 20
128.4682611111111
 30
0.0
 10
91.05945861111111
 20
128.774825
 30
0.0
 10
91.22879194444442
 20
129.0394083333333
 30
0.0
 10
91.39812527777777
 20
129.314575
 30
0.0
 10
91.63801416666666
 20
129.6779361111111
 30
0.0
 10
91.87790305555556
 20
130.0412972222222
 30
0.0
 10
92.11779194444445
 20
130.4046583333333
 30
0.0
 10
92.45293083333333
 20
130.4046583333333
 30
0.0
 10
92.78806972222223
 20
130.4046583333333
 30
0.0
 10
93.1232086111111
 20
130.4046583333333
 30
0.0
 10
92.54112527777777
 20
129.5791583333333
 30
0.0
 10
91.95904194444444
 20
128.7536583333333
 30
0.0
 10
91.3769586111111
 20
127.9281583333333
 30
0.0
 10
91.97668083333332
 20
127.0462138888889
 30
0.0
 10
92.57640305555555
 20
126.1642694444444
 30
0.0
 10
93.17612527777777
 20
125.282325
 30
0.0
 10
92.8233475
 20
125.282325
 30
0.0
 10
92.47056972222224
 20
125.282325
 30
0.0
 10
92.11779194444445
 20
125.282325
 30
0.0
 10
91.86731972222223
 20
125.6669703703704
 30
0.0
 10
91.6168475
 20
126.0516157407407
 30
0.0
 10
91.36637527777778
 20
126.4362611111111
 30
0.0
 10
91.16564472222221
 20
126.7325944444444
 30
0.0
 10
90.9959586111111
 20
127.0179916666666
 30
0.0
 10
90.81604194444445
 20
127.3249083333333
 30
0.0
 10
90.8089863888889
 20
127.3249083333333
 30
0.0
 10
90.80193083333332
 20
127.3249083333333
 30
0.0
 10
90.79487527777778
 20
127.3249083333333
 30
0.0
 10
90.62554194444444
 20
127.0179916666666
 30
0.0
 10
90.44562527777778
 20
126.742825
 30
0.0
 10
90.25512527777778
 20
126.4362611111111
 30
0.0
 10
90.00806324074074
 20
126.0516157407407
 30
0.0
 10
89.7610012037037
 20
125.6669703703704
 30
0.0
 10
89.51393916666666
 20
125.282325
 30
0.0
 10
89.1718623148148
 20
125.282325
 30
0.0
 10
88.82978546296295
 20
125.282325
 30
0.0
 10
88.4877086111111
 20
125.282325
 30
0.0
 10
89.0943687962963
 20
126.1538037037037
 30
0.0
 10
89.70102898148149
 20
127.0252824074074
 30
0.0
 10
90.30768916666666
 20
127.8967611111111
 30
0.0
 10
89.72936879629628
 20
128.7327268518519
 30
0.0
 10
89.15104842592592
 20
129.5686925925926
 30
0.0
 10
88.57272805555556
 20
130.4046583333333
 30
0.0
 10
88.91833268518519
 20
130.4046583333333
 30
0.0
 10
89.26393731481483
 20
130.4046583333333
 30
0.0
 10
89.60954194444444
 20
130.4046583333333
 30
0.0
  0
POLYLINE
  5
9D
330
1F
100
AcDbEntity
  8
DEFAULT
 62
    18
100
AcDb2dPolyline
 66
     1
 10
0.0
 20
0.0
 30
0.0
 70
     1
  0
VERTEX
  5
9E
330
9D
100
AcDbEntity
  8
DEFAULT
 62
    18
100
AcDbVertex
100
AcDb2dVertex
 10
95.8008625
 20
198.8697233333333
 30
0.0
  0
VERTEX
  5
9F
330
9D
100
AcDbEntity
  8
DEFAULT
 62
    18
100
AcDbVertex
100
AcDb2dVertex
 10
95.77969583333334
 20
198.8697233333333
 30
0.0
  0
VERTEX
  5
A0
330
9D
100
AcDbEntity
  8
DEFAULT
 62
    18
100
AcDbVertex
100
AcDb2dVertex
 10
94.58377916666667
 20
198.2241399999999
 30
0.0
  0
VERTEX
  5
A1
330
9D
100
AcDbEntity
  8
DEFAULT
 62
    18
100
AcDbVertex
100
AcDb2dVertex
 10
94.4038625
 20
198.9332233333333
 30
0.0
  0
VERTEX
  5
A2
330
9D
100
AcDbEntity
  8
DEFAULT
 62
    18
100
AcDbVertex
100
AcDb2dVertex
 10
95.90669583333333
 20
199.7375566666666
 30
0.0
  0
VERTEX
  5
A3
330
9D
100
AcDbEntity
  8
DEFAULT
 62
    18
100
AcDbVertex
100
AcDb2dVertex
 10
96.70044583333333
 20
199.7375566666666
 30
0.0
  0
VERTEX
  5
A4
330
9D
100
AcDbEntity
  8
DEFAULT
 62
    18
100
AcDbVertex
100
AcDb2dVertex
 10
96.70044583333333
 20
192.8587427777778
 30
0.0
  0
VERTEX
  5
A5
330
9D
100
AcDbEntity
  8
DEFAULT
 62
    18
100
AcDbVertex
100
AcDb2dVertex
 10
95.8008625
 20
192.8587427777778
 30
0.0
  0
SEQEND
  5
A6
330
9D
100
AcDbEntity
  8
DEFAULT
 62
    18
  0
SPLINE
  5
A7
330
1F
100
AcDbEntity
  8
DEFAULT
 62
    18
100
AcDbSpline
210
0.0
220
0.0
230
1.0
 70
    11
 71
     3
 72
    59
 73
    55
 74
     0
 42
0.000000001
 43
0.0000000001
 40
0.0
 40
0.0
 40
0.0
 40
0.0
 40
3.744235569512153
 40
3.744235569512153
 40
3.744235569512153
 40
4.744235569512153
 40
4.744235569512153
 40
4.744235569512153
 40
4.834235569512128
 40
4.834235569512128
 40
4.834235569512128
 40
5.834235569512128
 40
5.834235569512128
 40
5.834235569512128
 40
9.536896774645577
 40
9.536896774645577
 40
9.536896774645577
 40
12.38689677464554
 40
12.38689677464554
 40
12.38689677464554
 40
20.97659409178074
 40
20.97659409178074
 40
20.97659409178074
 40
30.04632396647933
 40
30.04632396647933
 40
30.04632396647933
 40
33.04632396647933
 40
33.04632396647933
 40
33.04632396647933
 40
36.94886160242852
 40
36.94886160242852
 40
36.94886160242852
 40
37.94886160242852
 40
37.94886160242852
 40
37.94886160242852
 40
38.00886160242852
 40
38.00886160242852
 40
38.00886160242852
 40
39.00886160242852
 40
39.00886160242852
 40
39.00886160242852
 40
42.89564703514795
 40
42.89564703514795
 40
42.89564703514795
 40
45.80464703514797
 40
45.80464703514797
 40
45.80464703514797
 40
54.83367693874224
 40
54.83367693874224
 40
54.83367693874224
 40
63.4788388227095
 40
63.4788388227095
 40
63.4788388227095
 40
66.41783882270948
 40
66.41783882270948
 40
66.41783882270948
 40
66.41783882270948
 10
89.60954194444442
 20
197.9808997222221
 30
0.0
 10
89.85295861111108
 20
197.6140108333333
 30
0.0
 10
90.09637527777774
 20
197.2471219444444
 30
0.0
 10
90.33979194444441
 20
196.8802330555555
 30
0.0
 10
90.52993916666665
 20
196.5944830555555
 30
0.0
 10
90.68904194444444
 20
196.3298997222222
 30
0.0
 10
90.85837527777778
 20
196.0441497222222
 30
0.0
 10
90.86895861111111
 20
196.0441497222222
 30
0.0
 10
90.87954194444444
 20
196.0441497222222
 30
0.0
 10
90.89012527777777
 20
196.0441497222222
 30
0.0
 10
91.05945861111111
 20
196.3510663888889
 30
0.0
 10
91.22879194444442
 20
196.6156497222222
 30
0.0
 10
91.39812527777777
 20
196.8908163888889
 30
0.0
 10
91.63801416666666
 20
197.2541775
 30
0.0
 10
91.87790305555556
 20
197.6175386111111
 30
0.0
 10
92.11779194444445
 20
197.9808997222222
 30
0.0
 10
92.45293083333333
 20
197.9808997222222
 30
0.0
 10
92.78806972222223
 20
197.9808997222222
 30
0.0
 10
93.1232086111111
 20
197.9808997222222
 30
0.0
 10
92.54112527777777
 20
197.1553997222222
 30
0.0
 10
91.95904194444444
 20
196.3298997222222
 30
0.0
 10
91.3769586111111
 20
195.5043997222222
 30
0.0
 10
91.97668083333332
 20
194.6224552777777
 30
0.0
 10
92.57640305555555
 20
193.7405108333333
 30
0.0
 10
93.17612527777777
 20
192.8585663888889
 30
0.0
 10
92.8233475
 20
192.8585663888889
 30
0.0
 10
92.47056972222224
 20
192.8585663888889
 30
0.0
 10
92.11779194444445
 20
192.8585663888889
 30
0.0
 10
91.86731972222223
 20
193.2430941666667
 30
0.0
 10
91.6168475
 20
193.6276219444444
 30
0.0
 10
91.36637527777778
 20
194.0121497222222
 30
0.0
 10
91.16564472222221
 20
194.3084830555555
 30
0.0
 10
90.9959586111111
 20
194.5942330555555
 30
0.0
 10
90.81604194444445
 20
194.9011497222222
 30
0.0
 10
90.8089863888889
 20
194.9011497222222
 30
0.0
 10
90.80193083333332
 20
194.9011497222222
 30
0.0
 10
90.79487527777778
 20
194.9011497222222
 30
0.0
 10
90.62554194444444
 20
194.5942330555555
 30
0.0
 10
90.44562527777778
 20
194.3190663888889
 30
0.0
 10
90.25512527777778
 20
194.0121497222222
 30
0.0
 10
90.00806324074074
 20
193.6276219444444
 30
0.0
 10
89.7610012037037
 20
193.2430941666667
 30
0.0
 10
89.51393916666666
 20
192.8585663888889
 30
0.0
 10
89.1718623148148
 20
192.8585663888889
 30
0.0
 10
88.82978546296295
 20
192.8585663888889
 30
0.0
 10
88.4877086111111
 20
192.8585663888889
 30
0.0
 10
89.0943687962963
 20
193.7299275
 30
0.0
 10
89.70102898148149
 20
194.6012886111111
 30
0.0
 10
90.30768916666666
 20
195.4726497222222
 30
0.0
 10
89.72936879629628
 20
196.3087330555555
 30
0.0
 10
89.15104842592592
 20
197.1448163888889
 30
0.0
 10
88.57272805555556
 20
197.9808997222222
 30
0.0
 10
88.91833268518518
 20
197.9808997222222
 30
0.0
 10
89.26393731481478
 20
197.9808997222221
 30
0.0
 10
89.60954194444442
 20
197.9808997222221
 30
0.0
  0
POLYLINE
  5
A8
330
1F
100
AcDbEntity
  8
DEFAULT
 62
    18
100
AcDb2dPolyline
 66
     1
 10
0.0
 20
0.0
 30
0.0
 70
     1
  0
VERTEX
  5
A9
330
A8
100
AcDbEntity
  8
DEFAULT
 62
    18
100
AcDbVertex
100
AcDb2dVertex
 10
171.8437705555556
 20
198.8697233333333
 30
0.0
  0
VERTEX
  5
AA
330
A8
100
AcDbEntity
  8
DEFAULT
 62
    18
100
AcDbVertex
100
AcDb2dVertex
 10
171.8222511111111
 20
198.8697233333333
 30
0.0
  0
VERTEX
  5
AB
330
A8
100
AcDbEntity
  8
DEFAULT
 62
    18
100
AcDbVertex
100
AcDb2dVertex
 10
170.6266872222222
 20
198.2241399999999
 30
0.0
  0
VERTEX
  5
AC
330
A8
100
AcDbEntity
  8
DEFAULT
 62
    18
100
AcDbVertex
100
AcDb2dVertex
 10
170.4467705555555
 20
198.9332233333333
 30
0.0
  0
VERTEX
  5
AD
330
A8
100
AcDbEntity
  8
DEFAULT
 62
    18
100
AcDbVertex
100
AcDb2dVertex
 10
171.9496038888889
 20
199.7375566666666
 30
0.0
  0
VERTEX
  5
AE
330
A8
100
AcDbEntity
  8
DEFAULT
 62
    18
100
AcDbVertex
100
AcDb2dVertex
 10
172.7433538888889
 20
199.7375566666666
 30
0.0
  0
VERTEX
  5
AF
330
A8
100
AcDbEntity
  8
DEFAULT
 62
    18
100
AcDbVertex
100
AcDb2dVertex
 10
172.7433538888889
 20
192.8587427777778
 30
0.0
  0
VERTEX
  5
B0
330
A8
100
AcDbEntity
  8
DEFAULT
 62
    18
100
AcDbVertex
100
AcDb2dVertex
 10
171.8437705555556
 20
192.8587427777778
 30
0.0
  0
SEQEND
  5
B1
330
A8
100
AcDbEntity
  8
DEFAULT
 62
    18
  0
SPLINE
  5
B2
330
1F
100
AcDbEntity
  8
DEFAULT
 62
    18
100
AcDbSpline
210
0.0
220
0.0
230
1.0
 70
    11
 71
     3
 72
    59
 73
    55
 74
     0
 42
0.000000001
 43
0.0000000001
 40
0.0
 40
0.0
 40
0.0
 40
0.0
 40
3.744235569512248
 40
3.744235569512248
 40
3.744235569512248
 40
4.744235569512249
 40
4.744235569512249
 40
4.744235569512249
 40
4.834235569512224
 40
4.834235569512224
 40
4.834235569512224
 40
5.834235569512224
 40
5.834235569512224
 40
5.834235569512224
 40
9.53689677464564
 40
9.53689677464564
 40
9.53689677464564
 40
12.38789677464564
 40
12.38789677464564
 40
12.38789677464564
 40
20.97759409178084
 40
20.97759409178084
 40
20.97759409178084
 40
30.04676169415758
 40
30.04676169415758
 40
30.04676169415758
 40
33.04676169415758
 40
33.04676169415758
 40
33.04676169415758
 40
36.94875362136601
 40
36.94875362136601
 40
36.94875362136601
 40
37.94875362136601
 40
37.94875362136601
 40
37.94875362136601
 40
38.00975362136604
 40
38.00975362136604
 40
38.00975362136604
 40
39.00975362136604
 40
39.00975362136604
 40
39.00975362136604
 40
42.89599859563101
 40
42.89599859563101
 40
42.89599859563101
 40
45.80599859563104
 40
45.80599859563104
 40
45.80599859563104
 40
54.8355999157337
 40
54.8355999157337
 40
54.8355999157337
 40
63.48133071191285
 40
63.48133071191285
 40
63.48133071191285
 40
66.42033071191287
 40
66.42033071191287
 40
66.42033071191287
 40
66.42033071191287
 10
165.6525911111111
 20
197.9808997222222
 30
0.0
 10
165.8960077777777
 20
197.6140108333333
 30
0.0
 10
166.1394244444444
 20
197.2471219444444
 30
0.0
 10
166.3828411111111
 20
196.8802330555555
 30
0.0
 10
166.5729883333333
 20
196.5944830555555
 30
0.0
 10
166.7320911111111
 20
196.3298997222222
 30
0.0
 10
166.9014244444444
 20
196.0441497222222
 30
0.0
 10
166.9120077777778
 20
196.0441497222222
 30
0.0
 10
166.9225911111111
 20
196.0441497222222
 30
0.0
 10
166.9331744444444
 20
196.0441497222222
 30
0.0
 10
167.102155
 20
196.3510663888889
 30
0.0
 10
167.2718411111111
 20
196.6156497222222
 30
0.0
 10
167.4408216666667
 20
196.8908163888889
 30
0.0
 10
167.6807105555556
 20
197.2541775
 30
0.0
 10
167.9205994444444
 20
197.6175386111111
 30
0.0
 10
168.1604883333333
 20
197.9808997222222
 30
0.0
 10
168.4957448148148
 20
197.9808997222222
 30
0.0
 10
168.8310012962963
 20
197.9808997222222
 30
0.0
 10
169.1662577777778
 20
197.9808997222222
 30
0.0
 10
168.5841744444444
 20
197.1553997222222
 30
0.0
 10
168.0020911111111
 20
196.3298997222222
 30
0.0
 10
167.4200077777778
 20
195.5043997222222
 30
0.0
 10
168.0196124074074
 20
194.6224552777777
 30
0.0
 10
168.619217037037
 20
193.7405108333333
 30
0.0
 10
169.2188216666666
 20
192.8585663888889
 30
0.0
 10
168.8660438888888
 20
192.8585663888889
 30
0.0
 10
168.5132661111111
 20
192.8585663888889
 30
0.0
 10
168.1604883333333
 20
192.8585663888889
 30
0.0
 10
167.9101337037037
 20
193.2430941666667
 30
0.0
 10
167.6597790740741
 20
193.6276219444444
 30
0.0
 10
167.4094244444444
 20
194.0121497222222
 30
0.0
 10
167.2083411111111
 20
194.3084830555555
 30
0.0
 10
167.0390077777778
 20
194.5942330555555
 30
0.0
 10
166.8590911111111
 20
194.9011497222222
 30
0.0
 10
166.8519179629629
 20
194.9011497222222
 30
0.0
 10
166.8447448148148
 20
194.9011497222222
 30
0.0
 10
166.8375716666666
 20
194.9011497222222
 30
0.0
 10
166.6685911111111
 20
194.5942330555555
 30
0.0
 10
166.4886744444444
 20
194.3190663888889
 30
0.0
 10
166.2981744444444
 20
194.0121497222222
 30
0.0
 10
166.0512299999999
 20
193.6276219444444
 30
0.0
 10
165.8042855555555
 20
193.2430941666667
 30
0.0
 10
165.5573411111111
 20
192.8585663888889
 30
0.0
 10
165.2151466666666
 20
192.8585663888889
 30
0.0
 10
164.8729522222222
 20
192.8585663888889
 30
0.0
 10
164.5307577777778
 20
192.8585663888889
 30
0.0
 10
165.1375355555555
 20
193.7299275
 30
0.0
 10
165.7443133333333
 20
194.6012886111111
 30
0.0
 10
166.3510911111111
 20
195.4726497222222
 30
0.0
 10
165.7726531481481
 20
196.3087330555555
 30
0.0
 10
165.1942151851852
 20
197.1448163888889
 30
0.0
 10
164.6157772222222
 20
197.9808997222222
 30
0.0
 10
164.9613818518518
 20
197.9808997222222
 30
0.0
 10
165.3069864814814
 20
197.9808997222222
 30
0.0
 10
165.6525911111111
 20
197.9808997222222
 30
0.0
  0
POLYLINE
  5
B3
330
1F
100
AcDbEntity
  8
DEFAULT
 62
    18
100
AcDb2dPolyline
 66
     1
 10
0.0
 20
0.0
 30
0.0
 70
     1
  0
VERTEX
  5
B4
330
B3
100
AcDbEntity
  8
DEFAULT
 62
    18
100
AcDbVertex
100
AcDb2dVertex
 10
116.2902311111111
 20
259.0002369444444
 30
0.0
  0
VERTEX
  5
B5
330
B3
100
AcDbEntity
  8
DEFAULT
 62
    18
100
AcDbVertex
100
AcDb2dVertex
 10
116.2687116666667
 20
259.0002369444444
 30
0.0
  0
VERTEX
  5
B6
330
B3
100
AcDbEntity
  8
DEFAULT
 62
    18
100
AcDbVertex
100
AcDb2dVertex
 10
115.0735005555555
 20
258.3546536111111
 30
0.0
  0
VERTEX
  5
B7
330
B3
100
AcDbEntity
  8
DEFAULT
 62
    18
100
AcDbVertex
100
AcDb2dVertex
 10
114.8935838888889
 20
259.0637369444444
 30
0.0
  0
VERTEX
  5
B8
330
B3
100
AcDbEntity
  8
DEFAULT
 62
    18
100
AcDbVertex
100
AcDb2dVertex
 10
116.3964172222222
 20
259.8680702777777
 30
0.0
  0
VERTEX
  5
B9
330
B3
100
AcDbEntity
  8
DEFAULT
 62
    18
100
AcDbVertex
100
AcDb2dVertex
 10
117.1901672222222
 20
259.8680702777777
 30
0.0
  0
VERTEX
  5
BA
330
B3
100
AcDbEntity
  8
DEFAULT
 62
    18
100
AcDbVertex
100
AcDb2dVertex
 10
117.1901672222222
 20
252.9892563888889
 30
0.0
  0
VERTEX
  5
BB
330
B3
100
AcDbEntity
  8
DEFAULT
 62
    18
100
AcDbVertex
100
AcDb2dVertex
 10
116.2902311111111
 20
252.9892563888889
 30
0.0
  0
SEQEND
  5
BC
330
B3
100
AcDbEntity
  8
DEFAULT
 62
    18
  0
SPLINE
  5
BD
330
1F
100
AcDbEntity
  8
DEFAULT
 62
    18
100
AcDbSpline
210
0.0
220
0.0
230
1.0
 70
    11
 71
     3
 72
    59
 73
    55
 74
     0
 42
0.000000001
 43
0.0000000001
 40
2.939999999999998
 40
2.939999999999998
 40
2.939999999999998
 40
2.939999999999998
 40
6.68423556951215
 40
6.68423556951215
 40
6.68423556951215
 40
7.68423556951215
 40
7.68423556951215
 40
7.68423556951215
 40
7.774235569512182
 40
7.774235569512182
 40
7.774235569512182
 40
8.774235569512182
 40
8.774235569512182
 40
8.774235569512182
 40
12.47744782375851
 40
12.47744782375851
 40
12.47744782375851
 40
15.32744782375853
 40
15.32744782375853
 40
15.32744782375853
 40
23.91656890801389
 40
23.91656890801389
 40
23.91656890801389
 40
32.98490955004979
 40
32.98490955004979
 40
32.98490955004979
 40
35.98490955004979
 40
35.98490955004979
 40
35.98490955004979
 40
39.88799307464925
 40
39.88799307464925
 40
39.88799307464925
 40
40.88799307464925
 40
40.88799307464925
 40
40.88799307464925
 40
40.94899307464929
 40
40.94899307464929
 40
40.94899307464929
 40
41.94899307464929
 40
41.94899307464929
 40
41.94899307464929
 40
45.83631914792894
 40
45.83631914792894
 40
45.83631914792894
 40
48.74431914792896
 40
48.74431914792896
 40
48.74431914792896
 40
57.77195698957945
 40
57.77195698957945
 40
57.77195698957945
 40
66.41711887354671
 40
66.41711887354671
 40
66.41711887354671
 40
69.35711887354671
 40
69.35711887354671
 40
69.35711887354671
 40
69.35711887354671
 10
110.0994044444444
 20
258.1114133333333
 30
0.0
 10
110.3428211111111
 20
257.7445244444444
 30
0.0
 10
110.5862377777778
 20
257.3776355555555
 30
0.0
 10
110.8296544444444
 20
257.0107466666666
 30
0.0
 10
111.0198016666667
 20
256.7249966666666
 30
0.0
 10
111.1785516666667
 20
256.4604133333333
 30
0.0
 10
111.347885
 20
256.1746633333333
 30
0.0
 10
111.3584683333333
 20
256.1746633333333
 30
0.0
 10
111.3690516666667
 20
256.1746633333333
 30
0.0
 10
111.379635
 20
256.1746633333333
 30
0.0
 10
111.5489683333333
 20
256.48158
 30
0.0
 10
111.7186544444444
 20
256.7461633333333
 30
0.0
 10
111.8872822222222
 20
257.02133
 30
0.0
 10
112.1272887037037
 20
257.3846911111111
 30
0.0
 10
112.3672951851852
 20
257.7480522222222
 30
0.0
 10
112.6073016666667
 20
258.1114133333333
 30
0.0
 10
112.9424405555555
 20
258.1114133333333
 30
0.0
 10
113.2775794444444
 20
258.1114133333333
 30
0.0
 10
113.6127183333333
 20
258.1114133333333
 30
0.0
 10
113.0307525925926
 20
257.2859133333333
 30
0.0
 10
112.4487868518518
 20
256.4604133333333
 30
0.0
 10
111.8668211111111
 20
255.6349133333333
 30
0.0
 10
112.4664257407407
 20
254.7530864814815
 30
0.0
 10
113.0660303703704
 20
253.8712596296296
 30
0.0
 10
113.665635
 20
252.9894327777778
 30
0.0
 10
113.3128572222222
 20
252.9894327777778
 30
0.0
 10
112.9600794444444
 20
252.9894327777778
 30
0.0
 10
112.6073016666667
 20
252.9894327777778
 30
0.0
 10
112.3567118518519
 20
253.3739605555555
 30
0.0
 10
112.106122037037
 20
253.7584883333333
 30
0.0
 10
111.8555322222222
 20
254.1430161111111
 30
0.0
 10
111.6551544444444
 20
254.4389966666667
 30
0.0
 10
111.4858211111111
 20
254.7247466666666
 30
0.0
 10
111.3059044444444
 20
255.0316633333333
 30
0.0
 10
111.2987312962963
 20
255.0316633333333
 30
0.0
 10
111.2915581481481
 20
255.0316633333333
 30
0.0
 10
111.284385
 20
255.0316633333333
 30
0.0
 10
111.1150516666667
 20
254.7247466666666
 30
0.0
 10
110.935135
 20
254.44958
 30
0.0
 10
110.7449877777778
 20
254.1430161111111
 30
0.0
 10
110.4978081481481
 20
253.7584883333333
 30
0.0
 10
110.2506285185185
 20
253.3739605555555
 30
0.0
 10
110.0034488888889
 20
252.9894327777778
 30
0.0
 10
109.6614896296296
 20
252.9894327777778
 30
0.0
 10
109.3195303703704
 20
252.9894327777778
 30
0.0
 10
108.9775711111111
 20
252.9894327777778
 30
0.0
 10
109.5841137037037
 20
253.8606762962962
 30
0.0
 10
110.1906562962963
 20
254.7319198148148
 30
0.0
 10
110.7971988888889
 20
255.6031633333333
 30
0.0
 10
110.2188785185185
 20
256.4392466666666
 30
0.0
 10
109.6405581481481
 20
257.27533
 30
0.0
 10
109.0622377777778
 20
258.1114133333333
 30
0.0
 10
109.40796
 20
258.1114133333333
 30
0.0
 10
109.7536822222222
 20
258.1114133333333
 30
0.0
 10
110.0994044444444
 20
258.1114133333333
 30
0.0
  0
SPLINE
  5
BE
330
1F
100
AcDbEntity
  8
DEFAULT
 62
    18
100
AcDbSpline
210
0.0
220
0.0
230
1.0
 70
    11
 71
     3
 72
    47
 73
    43
 74
     0
 42
0.000000001
 43
0.0000000001
 40
12.44999999999999
 40
12.44999999999999
 40
12.44999999999999
 40
12.44999999999999
 40
14.06999999999999
 40
14.06999999999999
 40
14.06999999999999
 40
16.95530760925068
 40
16.95530760925068
 40
16.95530760925068
 40
17.95530760925068
 40
17.95530760925068
 40
17.95530760925068
 40
18.95530760925068
 40
18.95530760925068
 40
18.95530760925068
 40
19.95530760925068
 40
19.95530760925068
 40
19.95530760925068
 40
21.99618977145408
 40
21.99618977145408
 40
21.99618977145408
 40
22.99618977145408
 40
22.99618977145408
 40
22.99618977145408
 40
23.99618977145408
 40
23.99618977145408
 40
23.99618977145408
 40
24.99618977145408
 40
24.99618977145408
 40
24.99618977145408
 40
27.11920649300862
 40
27.11920649300862
 40
27.11920649300862
 40
27.17920649300856
 40
27.17920649300856
 40
27.17920649300856
 40
35.93920649300856
 40
35.93920649300856
 40
35.93920649300856
 40
38.12920649300861
 40
38.12920649300861
 40
38.12920649300861
 40
50.5792064930086
 40
50.5792064930086
 40
50.5792064930086
 40
50.5792064930086
 10
169.82186
 20
252.9892563888889
 30
0.0
 10
169.82186
 20
253.1797563888889
 30
0.0
 10
169.82186
 20
253.3702563888889
 30
0.0
 10
169.82186
 20
253.5607563888889
 30
0.0
 10
170.0652766666667
 20
253.7971175
 30
0.0
 10
170.3086933333333
 20
254.0334786111111
 30
0.0
 10
170.55211
 20
254.2698397222222
 30
0.0
 10
172.3089433333333
 20
255.9420063888889
 30
0.0
 10
173.1026933333333
 20
256.8310063888889
 30
0.0
 10
173.1132766666666
 20
257.8678202777778
 30
0.0
 10
173.1132766666666
 20
258.5666730555555
 30
0.0
 10
172.77461
 20
259.2119036111111
 30
0.0
 10
171.7480266666666
 20
259.2119036111111
 30
0.0
 10
171.12361
 20
259.2119036111111
 30
0.0
 10
170.6053794444444
 20
258.8944036111111
 30
0.0
 10
170.2875266666667
 20
258.6298202777778
 30
0.0
 10
170.1887488888889
 20
258.8485425
 30
0.0
 10
170.0899711111111
 20
259.0672647222222
 30
0.0
 10
169.9911933333333
 20
259.2859869444445
 30
0.0
 10
170.4674433333333
 20
259.6881536111111
 30
0.0
 10
171.1447766666666
 20
259.9844869444444
 30
0.0
 10
171.9385266666666
 20
259.9844869444444
 30
0.0
 10
173.4201933333333
 20
259.9844869444444
 30
0.0
 10
174.04461
 20
258.9684869444444
 30
0.0
 10
174.04461
 20
257.9842369444444
 30
0.0
 10
174.04461
 20
256.7145897222222
 30
0.0
 10
173.12386
 20
255.6880063888889
 30
0.0
 10
171.6739433333333
 20
254.2910063888889
 30
0.0
 10
171.4904988888889
 20
254.1216730555555
 30
0.0
 10
171.3070544444444
 20
253.9523397222222
 30
0.0
 10
171.12361
 20
253.7830063888889
 30
0.0
 10
171.12361
 20
253.7759508333333
 30
0.0
 10
171.12361
 20
253.7688952777778
 30
0.0
 10
171.12361
 20
253.7618397222222
 30
0.0
 10
172.1537211111111
 20
253.7618397222222
 30
0.0
 10
173.1838322222222
 20
253.7618397222222
 30
0.0
 10
174.2139433333333
 20
253.7618397222222
 30
0.0
 10
174.2139433333333
 20
253.5043119444445
 30
0.0
 10
174.2139433333333
 20
253.2467841666667
 30
0.0
 10
174.2139433333333
 20
252.9892563888889
 30
0.0
 10
172.7499155555555
 20
252.9892563888889
 30
0.0
 10
171.2858877777777
 20
252.9892563888889
 30
0.0
 10
169.82186
 20
252.9892563888889
 30
0.0
  0
SPLINE
  5
BF
330
1F
100
AcDbEntity
  8
DEFAULT
 62
    18
100
AcDbSpline
210
0.0
220
0.0
230
1.0
 70
    11
 71
     3
 72
    59
 73
    55
 74
     0
 42
0.000000001
 43
0.0000000001
 40
0.0
 40
0.0
 40
0.0
 40
0.0
 40
3.744235569512058
 40
3.744235569512058
 40
3.744235569512058
 40
4.744235569512059
 40
4.744235569512059
 40
4.744235569512059
 40
4.834235569512034
 40
4.834235569512034
 40
4.834235569512034
 40
5.834235569512034
 40
5.834235569512034
 40
5.834235569512034
 40
9.53689677464545
 40
9.53689677464545
 40
9.53689677464545
 40
12.38789677464545
 40
12.38789677464545
 40
12.38789677464545
 40
20.97759409178065
 40
20.97759409178065
 40
20.97759409178065
 40
30.04593473381656
 40
30.04593473381656
 40
30.04593473381656
 40
33.04593473381656
 40
33.04593473381656
 40
33.04593473381656
 40
36.94847236976575
 40
36.94847236976575
 40
36.94847236976575
 40
37.94847236976575
 40
37.94847236976575
 40
37.94847236976575
 40
38.00947236976578
 40
38.00947236976578
 40
38.00947236976578
 40
39.00947236976578
 40
39.00947236976578
 40
39.00947236976578
 40
42.8962578024852
 40
42.8962578024852
 40
42.8962578024852
 40
45.80525780248519
 40
45.80525780248519
 40
45.80525780248519
 40
54.83346703798698
 40
54.83346703798698
 40
54.83346703798698
 40
63.4791978341661
 40
63.4791978341661
 40
63.4791978341661
 40
66.4191978341661
 40
66.4191978341661
 40
66.4191978341661
 40
66.4191978341661
 10
165.6522736111111
 20
258.1114133333332
 30
0.0
 10
165.8956902777778
 20
257.7445244444444
 30
0.0
 10
166.1391069444444
 20
257.3776355555555
 30
0.0
 10
166.3825236111111
 20
257.0107466666666
 30
0.0
 10
166.5726708333333
 20
256.7249966666666
 30
0.0
 10
166.7317736111111
 20
256.4604133333333
 30
0.0
 10
166.9011069444444
 20
256.1746633333333
 30
0.0
 10
166.9116902777778
 20
256.1746633333333
 30
0.0
 10
166.9222736111111
 20
256.1746633333333
 30
0.0
 10
166.9328569444444
 20
256.1746633333333
 30
0.0
 10
167.1018375
 20
256.48158
 30
0.0
 10
167.2715236111111
 20
256.7461633333333
 30
0.0
 10
167.4405041666666
 20
257.02133
 30
0.0
 10
167.6803930555555
 20
257.3846911111111
 30
0.0
 10
167.9202819444444
 20
257.7480522222222
 30
0.0
 10
168.1601708333333
 20
258.1114133333333
 30
0.0
 10
168.4954273148148
 20
258.1114133333333
 30
0.0
 10
168.8306837962963
 20
258.1114133333333
 30
0.0
 10
169.1659402777778
 20
258.1114133333333
 30
0.0
 10
168.5838569444444
 20
257.2859133333333
 30
0.0
 10
168.0017736111111
 20
256.4604133333333
 30
0.0
 10
167.4196902777778
 20
255.6349133333333
 30
0.0
 10
168.0192949074074
 20
254.7530864814815
 30
0.0
 10
168.618899537037
 20
253.8712596296296
 30
0.0
 10
169.2185041666666
 20
252.9894327777778
 30
0.0
 10
168.8657263888889
 20
252.9894327777778
 30
0.0
 10
168.5129486111111
 20
252.9894327777778
 30
0.0
 10
168.1601708333333
 20
252.9894327777778
 30
0.0
 10
167.9096986111111
 20
253.3739605555555
 30
0.0
 10
167.6592263888889
 20
253.7584883333333
 30
0.0
 10
167.4087541666667
 20
254.1430161111111
 30
0.0
 10
167.2080236111111
 20
254.4389966666667
 30
0.0
 10
167.0386902777778
 20
254.7247466666666
 30
0.0
 10
166.8587736111111
 20
255.0316633333333
 30
0.0
 10
166.851600462963
 20
255.0316633333333
 30
0.0
 10
166.8444273148148
 20
255.0316633333333
 30
0.0
 10
166.8372541666666
 20
255.0316633333333
 30
0.0
 10
166.6682736111111
 20
254.7247466666666
 30
0.0
 10
166.4883569444444
 20
254.44958
 30
0.0
 10
166.2978569444444
 20
254.1430161111111
 30
0.0
 10
166.0507949074074
 20
253.7584883333333
 30
0.0
 10
165.8037328703703
 20
253.3739605555555
 30
0.0
 10
165.5566708333333
 20
252.9894327777778
 30
0.0
 10
165.2145939814815
 20
252.9894327777778
 30
0.0
 10
164.8725171296296
 20
252.9894327777778
 30
0.0
 10
164.5304402777778
 20
252.9894327777778
 30
0.0
 10
165.1371004629629
 20
253.8606762962962
 30
0.0
 10
165.7437606481481
 20
254.7319198148148
 30
0.0
 10
166.3504208333333
 20
255.6031633333333
 30
0.0
 10
165.7719828703704
 20
256.4392466666666
 30
0.0
 10
165.1935449074074
 20
257.27533
 30
0.0
 10
164.6151069444444
 20
258.1114133333333
 30
0.0
 10
164.9608291666666
 20
258.1114133333333
 30
0.0
 10
165.3065513888889
 20
258.1114133333333
 30
0.0
 10
165.6522736111111
 20
258.1114133333332
 30
0.0
  0
SPLINE
  5
C0
330
1F
100
AcDbEntity
  8
DEFAULT
 62
    18
100
AcDbSpline
210
0.0
220
0.0
230
1.0
 70
    11
 71
     3
 72
    47
 73
    43
 74
     0
 42
0.000000001
 43
0.0000000001
 40
12.45000000000005
 40
12.45000000000005
 40
12.45000000000005
 40
12.45000000000005
 40
14.07000000000004
 40
14.07000000000004
 40
14.07000000000004
 40
16.95530760925078
 40
16.95530760925078
 40
16.95530760925078
 40
17.95530760925078
 40
17.95530760925078
 40
17.95530760925078
 40
18.95530760925078
 40
18.95530760925078
 40
18.95530760925078
 40
19.95530760925078
 40
19.95530760925078
 40
19.95530760925078
 40
21.99618977145419
 40
21.99618977145419
 40
21.99618977145419
 40
22.99618977145419
 40
22.99618977145419
 40
22.99618977145419
 40
23.99618977145419
 40
23.99618977145419
 40
23.99618977145419
 40
24.99618977145419
 40
24.99618977145419
 40
24.99618977145419
 40
27.11852834010902
 40
27.11852834010902
 40
27.11852834010902
 40
27.17952834010902
 40
27.17952834010902
 40
27.17952834010902
 40
35.93952834010901
 40
35.93952834010901
 40
35.93952834010901
 40
38.12852834010901
 40
38.12852834010901
 40
38.12852834010901
 40
50.57852834010905
 40
50.57852834010905
 40
50.57852834010905
 40
50.57852834010905
 10
260.5704861111111
 20
13.48535388888889
 30
0.0
 10
260.5704861111111
 20
13.67585388888889
 30
0.0
 10
260.5704861111111
 20
13.86635388888889
 30
0.0
 10
260.5704861111111
 20
14.05685388888889
 30
0.0
 10
260.8139027777778
 20
14.293215
 30
0.0
 10
261.0573194444445
 20
14.52957611111111
 30
0.0
 10
261.3007361111111
 20
14.76593722222222
 30
0.0
 10
263.0575694444444
 20
16.43775111111111
 30
0.0
 10
263.8513194444444
 20
17.32710388888889
 30
0.0
 10
263.8619027777777
 20
18.36391777777778
 30
0.0
 10
263.8619027777777
 20
19.06277055555556
 30
0.0
 10
263.5232361111111
 20
19.70800111111111
 30
0.0
 10
262.4966527777777
 20
19.70800111111111
 30
0.0
 10
261.8722361111111
 20
19.70800111111111
 30
0.0
 10
261.3540055555555
 20
19.39050111111111
 30
0.0
 10
261.0361527777778
 20
19.12591777777778
 30
0.0
 10
260.937375
 20
19.34464
 30
0.0
 10
260.8385972222222
 20
19.56336222222222
 30
0.0
 10
260.7398194444444
 20
19.78208444444444
 30
0.0
 10
261.2160694444444
 20
20.18425111111111
 30
0.0
 10
261.8934027777777
 20
20.48058444444444
 30
0.0
 10
262.6871527777777
 20
20.48058444444444
 30
0.0
 10
264.1688194444444
 20
20.48058444444444
 30
0.0
 10
264.7932361111111
 20
19.46458444444444
 30
0.0
 10
264.7932361111111
 20
18.48033444444444
 30
0.0
 10
264.7932361111111
 20
17.21068722222222
 30
0.0
 10
263.8724861111111
 20
16.18375111111111
 30
0.0
 10
262.4225694444444
 20
14.78675111111111
 30
0.0
 10
262.239125
 20
14.61753537037037
 30
0.0
 10
262.0556805555555
 20
14.44831962962963
 30
0.0
 10
261.8722361111111
 20
14.27910388888889
 30
0.0
 10
261.8722361111111
 20
14.27193074074074
 30
0.0
 10
261.8722361111111
 20
14.26475759259259
 30
0.0
 10
261.8722361111111
 20
14.25758444444444
 30
0.0
 10
262.9023472222222
 20
14.25758444444444
 30
0.0
 10
263.9324583333333
 20
14.25758444444444
 30
0.0
 10
264.9625694444445
 20
14.25758444444444
 30
0.0
 10
264.9625694444445
 20
14.00017425925926
 30
0.0
 10
264.9625694444445
 20
13.74276407407407
 30
0.0
 10
264.9625694444445
 20
13.48535388888889
 30
0.0
 10
263.4985416666667
 20
13.48535388888889
 30
0.0
 10
262.0345138888889
 20
13.48535388888889
 30
0.0
 10
260.5704861111111
 20
13.48535388888889
 30
0.0
  0
SPLINE
  5
C1
330
1F
100
AcDbEntity
  8
DEFAULT
 62
    18
100
AcDbSpline
210
0.0
220
0.0
230
1.0
 70
    11
 71
     3
 72
    59
 73
    55
 74
     0
 42
0.000000001
 43
0.0000000001
 40
0.0
 40
0.0
 40
0.0
 40
0.0
 40
3.744235569512295
 40
3.744235569512295
 40
3.744235569512295
 40
4.744235569512295
 40
4.744235569512295
 40
4.744235569512295
 40
4.834235569512327
 40
4.834235569512327
 40
4.834235569512327
 40
5.834235569512327
 40
5.834235569512327
 40
5.834235569512327
 40
9.536896774645783
 40
9.536896774645783
 40
9.536896774645783
 40
12.38789677464578
 40
12.38789677464578
 40
12.38789677464578
 40
20.97759409178103
 40
20.97759409178103
 40
20.97759409178103
 40
30.0467616941578
 40
30.0467616941578
 40
30.0467616941578
 40
33.0467616941578
 40
33.0467616941578
 40
33.0467616941578
 40
36.94875362136627
 40
36.94875362136627
 40
36.94875362136627
 40
37.94875362136627
 40
37.94875362136627
 40
37.94875362136627
 40
38.00975362136619
 40
38.00975362136619
 40
38.00975362136619
 40
39.00975362136619
 40
39.00975362136619
 40
39.00975362136619
 40
42.89599859563121
 40
42.89599859563121
 40
42.89599859563121
 40
45.80599859563117
 40
45.80599859563117
 40
45.80599859563117
 40
54.83559991573383
 40
54.83559991573383
 40
54.83559991573383
 40
63.48133071191294
 40
63.48133071191294
 40
63.48133071191294
 40
66.4203307119129
 40
66.4203307119129
 40
66.4203307119129
 40
66.4203307119129
 10
256.4008997222222
 20
18.60751083333335
 30
0.0
 10
256.6443163888889
 20
18.24062194444446
 30
0.0
 10
256.8877330555555
 20
17.87373305555556
 30
0.0
 10
257.1311497222222
 20
17.50684416666666
 30
0.0
 10
257.3212969444444
 20
17.22074138888889
 30
0.0
 10
257.4803997222222
 20
16.95651083333333
 30
0.0
 10
257.6497330555555
 20
16.67076083333333
 30
0.0
 10
257.6603163888889
 20
16.67076083333333
 30
0.0
 10
257.6708997222222
 20
16.67076083333333
 30
0.0
 10
257.6814830555555
 20
16.67076083333333
 30
0.0
 10
257.8504636111111
 20
16.9776775
 30
0.0
 10
258.0201497222222
 20
17.24226083333333
 30
0.0
 10
258.1891302777777
 20
17.5174275
 30
0.0
 10
258.4290191666666
 20
17.88078861111111
 30
0.0
 10
258.6689080555555
 20
18.24414972222222
 30
0.0
 10
258.9087969444444
 20
18.60751083333333
 30
0.0
 10
259.2440534259259
 20
18.60751083333333
 30
0.0
 10
259.5793099074074
 20
18.60751083333333
 30
0.0
 10
259.9145663888889
 20
18.60751083333333
 30
0.0
 10
259.3324830555555
 20
17.78201083333333
 30
0.0
 10
258.7503997222222
 20
16.95651083333334
 30
0.0
 10
258.1683163888889
 20
16.13101083333333
 30
0.0
 10
258.7679210185185
 20
15.24906638888889
 30
0.0
 10
259.3675256481482
 20
14.36712194444444
 30
0.0
 10
259.9671302777778
 20
13.4851775
 30
0.0
 10
259.6143524999999
 20
13.4851775
 30
0.0
 10
259.2615747222222
 20
13.4851775
 30
0.0
 10
258.9087969444444
 20
13.4851775
 30
0.0
 10
258.6584423148147
 20
13.86970527777778
 30
0.0
 10
258.4080876851851
 20
14.25423305555555
 30
0.0
 10
258.1577330555555
 20
14.63876083333333
 30
0.0
 10
257.9566497222222
 20
14.93509416666667
 30
0.0
 10
257.7873163888888
 20
15.22084416666666
 30
0.0
 10
257.6073997222222
 20
15.52776083333333
 30
0.0
 10
257.600226574074
 20
15.52776083333333
 30
0.0
 10
257.5930534259259
 20
15.52776083333333
 30
0.0
 10
257.5858802777778
 20
15.52776083333333
 30
0.0
 10
257.4168997222222
 20
15.22084416666666
 30
0.0
 10
257.2369830555555
 20
14.9456775
 30
0.0
 10
257.0464830555555
 20
14.63876083333333
 30
0.0
 10
256.7995386111111
 20
14.25423305555555
 30
0.0
 10
256.5525941666667
 20
13.86970527777778
 30
0.0
 10
256.3056497222222
 20
13.4851775
 30
0.0
 10
255.9634552777778
 20
13.4851775
 30
0.0
 10
255.6212608333334
 20
13.4851775
 30
0.0
 10
255.2790663888889
 20
13.4851775
 30
0.0
 10
255.8858441666666
 20
14.35653861111111
 30
0.0
 10
256.4926219444444
 20
15.22789972222222
 30
0.0
 10
257.0993997222222
 20
16.09926083333333
 30
0.0
 10
256.5209617592593
 20
16.93534416666667
 30
0.0
 10
255.9425237962963
 20
17.7714275
 30
0.0
 10
255.3640858333333
 20
18.60751083333333
 30
0.0
 10
255.709690462963
 20
18.60751083333334
 30
0.0
 10
256.0552950925925
 20
18.60751083333335
 30
0.0
 10
256.4008997222222
 20
18.60751083333335
 30
0.0
  0
SPLINE
  5
C2
330
1F
100
AcDbEntity
  8
DEFAULT
 62
    18
100
AcDbSpline
210
0.0
220
0.0
230
1.0
 70
    11
 71
     3
 72
    47
 73
    43
 74
     0
 42
0.000000001
 43
0.0000000001
 40
12.45000000000005
 40
12.45000000000005
 40
12.45000000000005
 40
12.45000000000005
 40
14.07000000000005
 40
14.07000000000005
 40
14.07000000000005
 40
16.95530760925078
 40
16.95530760925078
 40
16.95530760925078
 40
17.95530760925078
 40
17.95530760925078
 40
17.95530760925078
 40
18.95530760925078
 40
18.95530760925078
 40
18.95530760925078
 40
19.95530760925078
 40
19.95530760925078
 40
19.95530760925078
 40
21.99618977145418
 40
21.99618977145418
 40
21.99618977145418
 40
22.99618977145418
 40
22.99618977145418
 40
22.99618977145418
 40
23.99618977145418
 40
23.99618977145418
 40
23.99618977145418
 40
24.99618977145418
 40
24.99618977145418
 40
24.99618977145418
 40
27.118528340109
 40
27.118528340109
 40
27.118528340109
 40
27.17952834010901
 40
27.17952834010901
 40
27.17952834010901
 40
35.939528340109
 40
35.939528340109
 40
35.939528340109
 40
38.12852834010899
 40
38.12852834010899
 40
38.12852834010899
 40
50.57852834010904
 40
50.57852834010904
 40
50.57852834010904
 40
50.57852834010904
 10
260.5704861111111
 20
73.6401386111111
 30
0.0
 10
260.5704861111111
 20
73.8306386111111
 30
0.0
 10
260.5704861111111
 20
74.02113861111111
 30
0.0
 10
260.5704861111111
 20
74.2116386111111
 30
0.0
 10
260.8139027777778
 20
74.4479997222222
 30
0.0
 10
261.0573194444445
 20
74.68436083333332
 30
0.0
 10
261.3007361111111
 20
74.92072194444444
 30
0.0
 10
263.0575694444444
 20
76.59253583333333
 30
0.0
 10
263.8513194444444
 20
77.4818886111111
 30
0.0
 10
263.8619027777777
 20
78.51870249999999
 30
0.0
 10
263.8619027777777
 20
79.21755527777776
 30
0.0
 10
263.5232361111111
 20
79.86278583333332
 30
0.0
 10
262.4966527777777
 20
79.86278583333332
 30
0.0
 10
261.8722361111111
 20
79.86278583333332
 30
0.0
 10
261.3540055555555
 20
79.54528583333332
 30
0.0
 10
261.0361527777778
 20
79.28070249999999
 30
0.0
 10
260.937375
 20
79.4994247222222
 30
0.0
 10
260.8385972222222
 20
79.71814694444443
 30
0.0
 10
260.7398194444444
 20
79.93686916666665
 30
0.0
 10
261.2160694444444
 20
80.33903583333333
 30
0.0
 10
261.8934027777777
 20
80.63536916666666
 30
0.0
 10
262.6871527777777
 20
80.63536916666666
 30
0.0
 10
264.1688194444444
 20
80.63536916666666
 30
0.0
 10
264.7932361111111
 20
79.61936916666666
 30
0.0
 10
264.7932361111111
 20
78.63511916666666
 30
0.0
 10
264.7932361111111
 20
77.36547194444444
 30
0.0
 10
263.8724861111111
 20
76.33853583333332
 30
0.0
 10
262.4225694444444
 20
74.94153583333332
 30
0.0
 10
262.239125
 20
74.77232009259258
 30
0.0
 10
262.0556805555555
 20
74.60310435185185
 30
0.0
 10
261.8722361111111
 20
74.4338886111111
 30
0.0
 10
261.8722361111111
 20
74.42671546296295
 30
0.0
 10
261.8722361111111
 20
74.41954231481479
 30
0.0
 10
261.8722361111111
 20
74.41236916666665
 30
0.0
 10
262.9023472222222
 20
74.41236916666665
 30
0.0
 10
263.9324583333333
 20
74.41236916666665
 30
0.0
 10
264.9625694444445
 20
74.41236916666665
 30
0.0
 10
264.9625694444445
 20
74.15495898148147
 30
0.0
 10
264.9625694444445
 20
73.89754879629628
 30
0.0
 10
264.9625694444445
 20
73.6401386111111
 30
0.0
 10
263.4985416666667
 20
73.6401386111111
 30
0.0
 10
262.0345138888889
 20
73.6401386111111
 30
0.0
 10
260.5704861111111
 20
73.6401386111111
 30
0.0
  0
SPLINE
  5
C3
330
1F
100
AcDbEntity
  8
DEFAULT
 62
    18
100
AcDbSpline
210
0.0
220
0.0
230
1.0
 70
    11
 71
     3
 72
    59
 73
    55
 74
     0
 42
0.000000001
 43
0.0000000001
 40
0.0
 40
0.0
 40
0.0
 40
0.0
 40
3.744235569512184
 40
3.744235569512184
 40
3.744235569512184
 40
4.744235569512185
 40
4.744235569512185
 40
4.744235569512185
 40
4.834235569512217
 40
4.834235569512217
 40
4.834235569512217
 40
5.834235569512217
 40
5.834235569512217
 40
5.834235569512217
 40
9.536896774645673
 40
9.536896774645673
 40
9.536896774645673
 40
12.38789677464567
 40
12.38789677464567
 40
12.38789677464567
 40
20.97759409178093
 40
20.97759409178093
 40
20.97759409178093
 40
30.0467616941577
 40
30.0467616941577
 40
30.0467616941577
 40
33.0467616941577
 40
33.0467616941577
 40
33.0467616941577
 40
36.94875362136618
 40
36.94875362136618
 40
36.94875362136618
 40
37.94875362136618
 40
37.94875362136618
 40
37.94875362136618
 40
38.0097536213661
 40
38.0097536213661
 40
38.0097536213661
 40
39.0097536213661
 40
39.0097536213661
 40
39.0097536213661
 40
42.89599859563113
 40
42.89599859563113
 40
42.89599859563113
 40
45.8059985956311
 40
45.8059985956311
 40
45.8059985956311
 40
54.83559991573375
 40
54.83559991573375
 40
54.83559991573375
 40
63.48133071191288
 40
63.48133071191288
 40
63.48133071191288
 40
66.42033071191284
 40
66.42033071191284
 40
66.42033071191284
 40
66.42033071191284
 10
256.4008997222222
 20
78.76233083333331
 30
0.0
 10
256.6443163888889
 20
78.39544194444441
 30
0.0
 10
256.8877330555556
 20
78.02855305555552
 30
0.0
 10
257.1311497222222
 20
77.66166416666664
 30
0.0
 10
257.3212969444444
 20
77.37556138888887
 30
0.0
 10
257.4803997222222
 20
77.11133083333331
 30
0.0
 10
257.6497330555555
 20
76.82558083333332
 30
0.0
 10
257.6603163888889
 20
76.82558083333332
 30
0.0
 10
257.6708997222222
 20
76.82558083333332
 30
0.0
 10
257.6814830555555
 20
76.82558083333332
 30
0.0
 10
257.8504636111111
 20
77.13249749999999
 30
0.0
 10
258.0201497222222
 20
77.39708083333332
 30
0.0
 10
258.1891302777777
 20
77.67224749999998
 30
0.0
 10
258.4290191666666
 20
78.0356086111111
 30
0.0
 10
258.6689080555555
 20
78.39896972222222
 30
0.0
 10
258.9087969444444
 20
78.76233083333332
 30
0.0
 10
259.2440534259259
 20
78.76233083333332
 30
0.0
 10
259.5793099074074
 20
78.76233083333332
 30
0.0
 10
259.9145663888889
 20
78.76233083333332
 30
0.0
 10
259.3324830555555
 20
77.93683083333333
 30
0.0
 10
258.7503997222222
 20
77.11133083333333
 30
0.0
 10
258.1683163888889
 20
76.28583083333332
 30
0.0
 10
258.7679210185185
 20
75.40388638888886
 30
0.0
 10
259.3675256481482
 20
74.52194194444442
 30
0.0
 10
259.9671302777778
 20
73.63999749999998
 30
0.0
 10
259.6143524999999
 20
73.63999749999998
 30
0.0
 10
259.2615747222222
 20
73.63999749999998
 30
0.0
 10
258.9087969444444
 20
73.63999749999998
 30
0.0
 10
258.6584423148147
 20
74.02452527777776
 30
0.0
 10
258.4080876851851
 20
74.40905305555553
 30
0.0
 10
258.1577330555555
 20
74.79358083333332
 30
0.0
 10
257.9566497222222
 20
75.08991416666666
 30
0.0
 10
257.7873163888888
 20
75.37566416666665
 30
0.0
 10
257.6073997222222
 20
75.68258083333332
 30
0.0
 10
257.600226574074
 20
75.68258083333332
 30
0.0
 10
257.5930534259259
 20
75.68258083333332
 30
0.0
 10
257.5858802777778
 20
75.68258083333332
 30
0.0
 10
257.4168997222222
 20
75.37566416666665
 30
0.0
 10
257.2369830555555
 20
75.10049749999999
 30
0.0
 10
257.0464830555555
 20
74.79358083333332
 30
0.0
 10
256.7995386111111
 20
74.40905305555553
 30
0.0
 10
256.5525941666667
 20
74.02452527777776
 30
0.0
 10
256.3056497222222
 20
73.63999749999998
 30
0.0
 10
255.9634552777778
 20
73.63999749999998
 30
0.0
 10
255.6212608333334
 20
73.63999749999998
 30
0.0
 10
255.2790663888889
 20
73.63999749999998
 30
0.0
 10
255.8858441666666
 20
74.5113586111111
 30
0.0
 10
256.4926219444444
 20
75.3827197222222
 30
0.0
 10
257.0993997222222
 20
76.25408083333332
 30
0.0
 10
256.5209617592593
 20
77.09016416666665
 30
0.0
 10
255.9425237962963
 20
77.92624749999999
 30
0.0
 10
255.3640858333333
 20
78.76233083333332
 30
0.0
 10
255.709690462963
 20
78.76233083333332
 30
0.0
 10
256.0552950925926
 20
78.76233083333332
 30
0.0
 10
256.4008997222222
 20
78.76233083333331
 30
0.0
  0
SPLINE
  5
C4
330
1F
100
AcDbEntity
  8
DEFAULT
 62
    18
100
AcDbSpline
210
0.0
220
0.0
230
1.0
 70
    11
 71
     3
 72
    47
 73
    43
 74
     0
 42
0.000000001
 43
0.0000000001
 40
12.45000000000005
 40
12.45000000000005
 40
12.45000000000005
 40
12.45000000000005
 40
14.07000000000005
 40
14.07000000000005
 40
14.07000000000005
 40
16.95530760925078
 40
16.95530760925078
 40
16.95530760925078
 40
17.95530760925078
 40
17.95530760925078
 40
17.95530760925078
 40
18.95530760925078
 40
18.95530760925078
 40
18.95530760925078
 40
19.95530760925078
 40
19.95530760925078
 40
19.95530760925078
 40
21.9961897714542
 40
21.9961897714542
 40
21.9961897714542
 40
22.9961897714542
 40
22.9961897714542
 40
22.9961897714542
 40
23.9961897714542
 40
23.9961897714542
 40
23.9961897714542
 40
24.9961897714542
 40
24.9961897714542
 40
24.9961897714542
 40
27.11852834010904
 40
27.11852834010904
 40
27.11852834010904
 40
27.17952834010902
 40
27.17952834010902
 40
27.17952834010902
 40
35.93952834010901
 40
35.93952834010901
 40
35.93952834010901
 40
38.12852834010904
 40
38.12852834010904
 40
38.12852834010904
 40
50.57852834010908
 40
50.57852834010908
 40
50.57852834010908
 40
50.57852834010908
 10
260.5704861111111
 20
131.0692211111111
 30
0.0
 10
260.5704861111111
 20
131.2597211111111
 30
0.0
 10
260.5704861111111
 20
131.4502211111111
 30
0.0
 10
260.5704861111111
 20
131.6407211111111
 30
0.0
 10
260.8139027777778
 20
131.8770822222222
 30
0.0
 10
261.0573194444445
 20
132.1134433333333
 30
0.0
 10
261.3007361111111
 20
132.3498044444444
 30
0.0
 10
263.0575694444444
 20
134.0216183333334
 30
0.0
 10
263.8513194444444
 20
134.9109711111111
 30
0.0
 10
263.8619027777777
 20
135.947785
 30
0.0
 10
263.8619027777777
 20
136.6466377777778
 30
0.0
 10
263.5232361111111
 20
137.2918683333333
 30
0.0
 10
262.4966527777777
 20
137.2918683333333
 30
0.0
 10
261.8722361111111
 20
137.2918683333333
 30
0.0
 10
261.3540055555555
 20
136.9743683333333
 30
0.0
 10
261.0361527777778
 20
136.709785
 30
0.0
 10
260.937375
 20
136.9285072222222
 30
0.0
 10
260.8385972222222
 20
137.1472294444444
 30
0.0
 10
260.7398194444444
 20
137.3659516666667
 30
0.0
 10
261.2160694444444
 20
137.7681183333333
 30
0.0
 10
261.8934027777777
 20
138.0644516666667
 30
0.0
 10
262.6871527777777
 20
138.0644516666667
 30
0.0
 10
264.1688194444444
 20
138.0644516666667
 30
0.0
 10
264.7932361111111
 20
137.0484516666667
 30
0.0
 10
264.7932361111111
 20
136.0642016666667
 30
0.0
 10
264.7932361111111
 20
134.7945544444444
 30
0.0
 10
263.8724861111111
 20
133.7676183333333
 30
0.0
 10
262.4225694444444
 20
132.3706183333333
 30
0.0
 10
262.239125
 20
132.2014025925926
 30
0.0
 10
262.0556805555555
 20
132.0321868518518
 30
0.0
 10
261.8722361111111
 20
131.8629711111111
 30
0.0
 10
261.8722361111111
 20
131.855797962963
 30
0.0
 10
261.8722361111111
 20
131.8486248148148
 30
0.0
 10
261.8722361111111
 20
131.8414516666667
 30
0.0
 10
262.9023472222222
 20
131.8414516666667
 30
0.0
 10
263.9324583333333
 20
131.8414516666667
 30
0.0
 10
264.9625694444445
 20
131.8414516666667
 30
0.0
 10
264.9625694444445
 20
131.5840414814815
 30
0.0
 10
264.9625694444445
 20
131.3266312962963
 30
0.0
 10
264.9625694444445
 20
131.0692211111111
 30
0.0
 10
263.4985416666667
 20
131.0692211111111
 30
0.0
 10
262.0345138888889
 20
131.0692211111111
 30
0.0
 10
260.5704861111111
 20
131.0692211111111
 30
0.0
  0
SPLINE
  5
C5
330
1F
100
AcDbEntity
  8
DEFAULT
 62
    18
100
AcDbSpline
210
0.0
220
0.0
230
1.0
 70
    11
 71
     3
 72
    59
 73
    55
 74
     0
 42
0.000000001
 43
0.0000000001
 40
0.0
 40
0.0
 40
0.0
 40
0.0
 40
3.744235569512232
 40
3.744235569512232
 40
3.744235569512232
 40
4.744235569512232
 40
4.744235569512232
 40
4.744235569512232
 40
4.834235569512264
 40
4.834235569512264
 40
4.834235569512264
 40
5.834235569512264
 40
5.834235569512264
 40
5.834235569512264
 40
9.536896774645696
 40
9.536896774645696
 40
9.536896774645696
 40
12.38789677464569
 40
12.38789677464569
 40
12.38789677464569
 40
20.97841136924366
 40
20.97841136924366
 40
20.97841136924366
 40
30.04675201127955
 40
30.04675201127955
 40
30.04675201127955
 40
33.04675201127955
 40
33.04675201127955
 40
33.04675201127955
 40
36.94874393848801
 40
36.94874393848801
 40
36.94874393848801
 40
37.94874393848801
 40
37.94874393848801
 40
37.94874393848801
 40
38.00974393848793
 40
38.00974393848793
 40
38.00974393848793
 40
39.00974393848793
 40
39.00974393848793
 40
39.00974393848793
 40
42.89598891275293
 40
42.89598891275293
 40
42.89598891275293
 40
45.80598891275289
 40
45.80598891275289
 40
45.80598891275289
 40
54.83559023285552
 40
54.83559023285552
 40
54.83559023285552
 40
63.48132102903465
 40
63.48132102903465
 40
63.48132102903465
 40
66.42032102903461
 40
66.42032102903461
 40
66.42032102903461
 40
66.42032102903461
 10
256.4008997222222
 20
136.1913780555556
 30
0.0
 10
256.6443163888889
 20
135.8244891666667
 30
0.0
 10
256.8877330555556
 20
135.4576002777777
 30
0.0
 10
257.1311497222222
 20
135.0907113888889
 30
0.0
 10
257.3212969444444
 20
134.8046086111111
 30
0.0
 10
257.4803997222222
 20
134.5403780555555
 30
0.0
 10
257.6497330555555
 20
134.2546280555555
 30
0.0
 10
257.6603163888889
 20
134.2546280555555
 30
0.0
 10
257.6708997222222
 20
134.2546280555555
 30
0.0
 10
257.6814830555555
 20
134.2546280555555
 30
0.0
 10
257.8504636111111
 20
134.5615447222222
 30
0.0
 10
258.0201497222222
 20
134.8261280555556
 30
0.0
 10
258.1891302777777
 20
135.1012947222222
 30
0.0
 10
258.4290191666666
 20
135.4646558333334
 30
0.0
 10
258.6689080555555
 20
135.8280169444445
 30
0.0
 10
258.9087969444444
 20
136.1913780555556
 30
0.0
 10
259.2440534259259
 20
136.1913780555556
 30
0.0
 10
259.5793099074074
 20
136.1913780555556
 30
0.0
 10
259.9145663888889
 20
136.1913780555556
 30
0.0
 10
259.3324830555555
 20
135.365760462963
 30
0.0
 10
258.7503997222222
 20
134.5401428703703
 30
0.0
 10
258.1683163888889
 20
133.7145252777778
 30
0.0
 10
258.7679210185185
 20
132.8326984259259
 30
0.0
 10
259.3675256481482
 20
131.9508715740741
 30
0.0
 10
259.9671302777778
 20
131.0690447222222
 30
0.0
 10
259.6143524999999
 20
131.0690447222222
 30
0.0
 10
259.2615747222222
 20
131.0690447222222
 30
0.0
 10
258.9087969444444
 20
131.0690447222222
 30
0.0
 10
258.6584423148147
 20
131.4535725
 30
0.0
 10
258.4080876851851
 20
131.8381002777778
 30
0.0
 10
258.1577330555555
 20
132.2226280555556
 30
0.0
 10
257.9566497222222
 20
132.5189613888889
 30
0.0
 10
257.7873163888888
 20
132.8047113888889
 30
0.0
 10
257.6073997222222
 20
133.1116280555555
 30
0.0
 10
257.600226574074
 20
133.1116280555555
 30
0.0
 10
257.5930534259259
 20
133.1116280555555
 30
0.0
 10
257.5858802777778
 20
133.1116280555555
 30
0.0
 10
257.4168997222222
 20
132.8047113888889
 30
0.0
 10
257.2369830555555
 20
132.5295447222222
 30
0.0
 10
257.0464830555555
 20
132.2226280555556
 30
0.0
 10
256.7995386111111
 20
131.8381002777778
 30
0.0
 10
256.5525941666667
 20
131.4535725
 30
0.0
 10
256.3056497222222
 20
131.0690447222222
 30
0.0
 10
255.9634552777778
 20
131.0690447222222
 30
0.0
 10
255.6212608333334
 20
131.0690447222222
 30
0.0
 10
255.2790663888889
 20
131.0690447222222
 30
0.0
 10
255.8858441666666
 20
131.9404058333333
 30
0.0
 10
256.4926219444444
 20
132.8117669444445
 30
0.0
 10
257.0993997222222
 20
133.6831280555556
 30
0.0
 10
256.5209617592593
 20
134.5192113888889
 30
0.0
 10
255.9425237962963
 20
135.3552947222222
 30
0.0
 10
255.3640858333333
 20
136.1913780555556
 30
0.0
 10
255.709690462963
 20
136.1913780555556
 30
0.0
 10
256.0552950925926
 20
136.1913780555556
 30
0.0
 10
256.4008997222222
 20
136.1913780555556
 30
0.0
  0
SPLINE
  5
C6
330
1F
100
AcDbEntity
  8
DEFAULT
 62
    18
100
AcDbSpline
210
0.0
220
0.0
230
1.0
 70
    11
 71
     3
 72
    47
 73
    43
 74
     0
 42
0.000000001
 43
0.0000000001
 40
12.44999999999999
 40
12.44999999999999
 40
12.44999999999999
 40
12.44999999999999
 40
14.06999999999999
 40
14.06999999999999
 40
14.06999999999999
 40
16.95530760925069
 40
16.95530760925069
 40
16.95530760925069
 40
17.95530760925069
 40
17.95530760925069
 40
17.95530760925069
 40
18.95530760925069
 40
18.95530760925069
 40
18.95530760925069
 40
19.95530760925069
 40
19.95530760925069
 40
19.95530760925069
 40
21.99618977145407
 40
21.99618977145407
 40
21.99618977145407
 40
22.99618977145407
 40
22.99618977145407
 40
22.99618977145407
 40
23.99618977145407
 40
23.99618977145407
 40
23.99618977145407
 40
24.99618977145407
 40
24.99618977145407
 40
24.99618977145407
 40
27.11852834010894
 40
27.11852834010894
 40
27.11852834010894
 40
27.17952834010894
 40
27.17952834010894
 40
27.17952834010894
 40
35.93952834010894
 40
35.93952834010894
 40
35.93952834010894
 40
38.12852834010894
 40
38.12852834010894
 40
38.12852834010894
 40
50.57852834010892
 40
50.57852834010892
 40
50.57852834010892
 40
50.57852834010892
 10
169.6523502777777
 20
13.48535388888889
 30
0.0
 10
169.6523502777777
 20
13.67585388888889
 30
0.0
 10
169.6523502777777
 20
13.86635388888889
 30
0.0
 10
169.6523502777777
 20
14.05685388888889
 30
0.0
 10
169.8957669444444
 20
14.293215
 30
0.0
 10
170.1391836111111
 20
14.52957611111111
 30
0.0
 10
170.3826002777778
 20
14.76593722222222
 30
0.0
 10
172.1394336111111
 20
16.43775111111111
 30
0.0
 10
172.9331836111111
 20
17.32710388888889
 30
0.0
 10
172.9437669444444
 20
18.36391777777778
 30
0.0
 10
172.9437669444444
 20
19.06277055555556
 30
0.0
 10
172.6051002777778
 20
19.70800111111111
 30
0.0
 10
171.5785169444444
 20
19.70800111111111
 30
0.0
 10
170.9541002777777
 20
19.70800111111111
 30
0.0
 10
170.4358697222222
 20
19.39050111111111
 30
0.0
 10
170.1180169444444
 20
19.12591777777778
 30
0.0
 10
170.0192391666667
 20
19.34464
 30
0.0
 10
169.9204613888889
 20
19.56336222222222
 30
0.0
 10
169.8216836111111
 20
19.78208444444444
 30
0.0
 10
170.2979336111111
 20
20.18425111111111
 30
0.0
 10
170.9752669444444
 20
20.48058444444444
 30
0.0
 10
171.7690169444444
 20
20.48058444444444
 30
0.0
 10
173.2506836111111
 20
20.48058444444444
 30
0.0
 10
173.8751002777778
 20
19.46458444444444
 30
0.0
 10
173.8751002777778
 20
18.48033444444444
 30
0.0
 10
173.8751002777778
 20
17.21068722222222
 30
0.0
 10
172.9543502777778
 20
16.18375111111111
 30
0.0
 10
171.5044336111111
 20
14.78675111111111
 30
0.0
 10
171.3209891666666
 20
14.61753537037037
 30
0.0
 10
171.1375447222222
 20
14.44831962962963
 30
0.0
 10
170.9541002777777
 20
14.27910388888889
 30
0.0
 10
170.9541002777777
 20
14.27193074074074
 30
0.0
 10
170.9541002777777
 20
14.26475759259259
 30
0.0
 10
170.9541002777777
 20
14.25758444444444
 30
0.0
 10
171.9842113888888
 20
14.25758444444444
 30
0.0
 10
173.0143224999999
 20
14.25758444444444
 30
0.0
 10
174.0444336111111
 20
14.25758444444444
 30
0.0
 10
174.0444336111111
 20
14.00017425925926
 30
0.0
 10
174.0444336111111
 20
13.74276407407407
 30
0.0
 10
174.0444336111111
 20
13.48535388888889
 30
0.0
 10
172.5804058333333
 20
13.48535388888889
 30
0.0
 10
171.1163780555555
 20
13.48535388888889
 30
0.0
 10
169.6523502777777
 20
13.48535388888889
 30
0.0
  0
SPLINE
  5
C7
330
1F
100
AcDbEntity
  8
DEFAULT
 62
    18
100
AcDbSpline
210
0.0
220
0.0
230
1.0
 70
    11
 71
     3
 72
    59
 73
    55
 74
     0
 42
0.000000001
 43
0.0000000001
 40
0.0
 40
0.0
 40
0.0
 40
0.0
 40
3.74423556951213
 40
3.74423556951213
 40
3.74423556951213
 40
4.74423556951213
 40
4.74423556951213
 40
4.74423556951213
 40
4.834235569512105
 40
4.834235569512105
 40
4.834235569512105
 40
5.834235569512105
 40
5.834235569512105
 40
5.834235569512105
 40
9.536896774645498
 40
9.536896774645498
 40
9.536896774645498
 40
12.3878967746455
 40
12.3878967746455
 40
12.3878967746455
 40
20.97759409178071
 40
20.97759409178071
 40
20.97759409178071
 40
30.04676169415745
 40
30.04676169415745
 40
30.04676169415745
 40
33.04676169415745
 40
33.04676169415745
 40
33.04676169415745
 40
36.94929933010665
 40
36.94929933010665
 40
36.94929933010665
 40
37.94929933010665
 40
37.94929933010665
 40
37.94929933010665
 40
38.01029933010669
 40
38.01029933010669
 40
38.01029933010669
 40
39.01029933010669
 40
39.01029933010669
 40
39.01029933010669
 40
42.89708476282612
 40
42.89708476282612
 40
42.89708476282612
 40
45.80608476282611
 40
45.80608476282611
 40
45.80608476282611
 40
54.8351146664204
 40
54.8351146664204
 40
54.8351146664204
 40
63.4808454625995
 40
63.4808454625995
 40
63.4808454625995
 40
66.4208454625995
 40
66.4208454625995
 40
66.4208454625995
 40
66.4208454625995
 10
165.4827638888888
 20
18.60751083333331
 30
0.0
 10
165.7261805555555
 20
18.24062194444442
 30
0.0
 10
165.9695972222222
 20
17.87373305555554
 30
0.0
 10
166.2130138888888
 20
17.50684416666665
 30
0.0
 10
166.4031611111111
 20
17.22074138888889
 30
0.0
 10
166.5622638888889
 20
16.95651083333333
 30
0.0
 10
166.7315972222222
 20
16.67076083333333
 30
0.0
 10
166.7421805555555
 20
16.67076083333333
 30
0.0
 10
166.7527638888889
 20
16.67076083333333
 30
0.0
 10
166.7633472222222
 20
16.67076083333333
 30
0.0
 10
166.9323277777777
 20
16.9776775
 30
0.0
 10
167.1020138888888
 20
17.24226083333333
 30
0.0
 10
167.2709944444444
 20
17.5174275
 30
0.0
 10
167.5108833333333
 20
17.88078861111111
 30
0.0
 10
167.7507722222222
 20
18.24414972222222
 30
0.0
 10
167.9906611111111
 20
18.60751083333333
 30
0.0
 10
168.3259175925926
 20
18.60751083333333
 30
0.0
 10
168.6611740740741
 20
18.60751083333333
 30
0.0
 10
168.9964305555555
 20
18.60751083333333
 30
0.0
 10
168.4143472222222
 20
17.78201083333333
 30
0.0
 10
167.8322638888889
 20
16.95651083333334
 30
0.0
 10
167.2501805555555
 20
16.13101083333333
 30
0.0
 10
167.8497851851851
 20
15.24906638888889
 30
0.0
 10
168.4493898148148
 20
14.36712194444444
 30
0.0
 10
169.0489944444444
 20
13.4851775
 30
0.0
 10
168.6962166666666
 20
13.4851775
 30
0.0
 10
168.3434388888889
 20
13.4851775
 30
0.0
 10
167.9906611111111
 20
13.4851775
 30
0.0
 10
167.7401888888889
 20
13.86970527777778
 30
0.0
 10
167.4897166666666
 20
14.25423305555555
 30
0.0
 10
167.2392444444444
 20
14.63876083333333
 30
0.0
 10
167.0385138888889
 20
14.93509416666667
 30
0.0
 10
166.8691805555555
 20
15.22084416666666
 30
0.0
 10
166.6892638888889
 20
15.52776083333333
 30
0.0
 10
166.6820907407407
 20
15.52776083333333
 30
0.0
 10
166.6749175925925
 20
15.52776083333333
 30
0.0
 10
166.6677444444444
 20
15.52776083333333
 30
0.0
 10
166.4987638888889
 20
15.22084416666666
 30
0.0
 10
166.3188472222222
 20
14.9456775
 30
0.0
 10
166.1283472222222
 20
14.63876083333333
 30
0.0
 10
165.8812851851852
 20
14.25423305555555
 30
0.0
 10
165.6342231481481
 20
13.86970527777778
 30
0.0
 10
165.3871611111111
 20
13.4851775
 30
0.0
 10
165.0450842592592
 20
13.4851775
 30
0.0
 10
164.7030074074074
 20
13.4851775
 30
0.0
 10
164.3609305555555
 20
13.4851775
 30
0.0
 10
164.9675907407407
 20
14.35653861111111
 30
0.0
 10
165.5742509259259
 20
15.22789972222222
 30
0.0
 10
166.1809111111111
 20
16.09926083333333
 30
0.0
 10
165.6024731481481
 20
16.93534416666667
 30
0.0
 10
165.0240351851852
 20
17.7714275
 30
0.0
 10
164.4455972222222
 20
18.60751083333333
 30
0.0
 10
164.7913194444444
 20
18.60751083333333
 30
0.0
 10
165.1370416666666
 20
18.60751083333332
 30
0.0
 10
165.4827638888888
 20
18.60751083333331
 30
0.0
  0
SPLINE
  5
C8
330
1F
100
AcDbEntity
  8
DEFAULT
 62
    18
100
AcDbSpline
210
0.0
220
0.0
230
1.0
 70
    11
 71
     3
 72
    47
 73
    43
 74
     0
 42
0.000000001
 43
0.0000000001
 40
12.45000000000005
 40
12.45000000000005
 40
12.45000000000005
 40
12.45000000000005
 40
14.07000000000005
 40
14.07000000000005
 40
14.07000000000005
 40
16.95530760925078
 40
16.95530760925078
 40
16.95530760925078
 40
17.95530760925078
 40
17.95530760925078
 40
17.95530760925078
 40
18.95530760925078
 40
18.95530760925078
 40
18.95530760925078
 40
19.95530760925078
 40
19.95530760925078
 40
19.95530760925078
 40
21.9961897714542
 40
21.9961897714542
 40
21.9961897714542
 40
22.9961897714542
 40
22.9961897714542
 40
22.9961897714542
 40
23.9961897714542
 40
23.9961897714542
 40
23.9961897714542
 40
24.9961897714542
 40
24.9961897714542
 40
24.9961897714542
 40
27.11920649300869
 40
27.11920649300869
 40
27.11920649300869
 40
27.17920649300864
 40
27.17920649300864
 40
27.17920649300864
 40
35.93920649300863
 40
35.93920649300863
 40
35.93920649300863
 40
38.12920649300868
 40
38.12920649300868
 40
38.12920649300868
 40
50.57920649300873
 40
50.57920649300873
 40
50.57920649300873
 40
50.57920649300873
 10
260.5704861111111
 20
190.3084769444444
 30
0.0
 10
260.5704861111111
 20
190.4989769444444
 30
0.0
 10
260.5704861111111
 20
190.6894769444444
 30
0.0
 10
260.5704861111111
 20
190.8799769444444
 30
0.0
 10
260.8139027777778
 20
191.1163380555555
 30
0.0
 10
261.0573194444445
 20
191.3526991666666
 30
0.0
 10
261.3007361111111
 20
191.5890602777777
 30
0.0
 10
263.0575694444444
 20
193.2612269444444
 30
0.0
 10
263.8513194444444
 20
194.1502269444444
 30
0.0
 10
263.8619027777777
 20
195.1873936111111
 30
0.0
 10
263.8619027777777
 20
195.8858936111111
 30
0.0
 10
263.5232361111111
 20
196.5311241666666
 30
0.0
 10
262.4966527777777
 20
196.5311241666666
 30
0.0
 10
261.8722361111111
 20
196.5311241666666
 30
0.0
 10
261.3540055555555
 20
196.2136241666666
 30
0.0
 10
261.0361527777778
 20
195.9490408333333
 30
0.0
 10
260.937375
 20
196.1677630555555
 30
0.0
 10
260.8385972222222
 20
196.3864852777778
 30
0.0
 10
260.7398194444444
 20
196.6052075
 30
0.0
 10
261.2160694444444
 20
197.0073741666666
 30
0.0
 10
261.8934027777777
 20
197.3037074999999
 30
0.0
 10
262.6871527777777
 20
197.3037074999999
 30
0.0
 10
264.1688194444444
 20
197.3037074999999
 30
0.0
 10
264.7932361111111
 20
196.2877075
 30
0.0
 10
264.7932361111111
 20
195.3034575
 30
0.0
 10
264.7932361111111
 20
194.0338102777777
 30
0.0
 10
263.8724861111111
 20
193.0072269444444
 30
0.0
 10
262.4225694444444
 20
191.6102269444444
 30
0.0
 10
262.239125
 20
191.4408936111111
 30
0.0
 10
262.0556805555555
 20
191.2715602777778
 30
0.0
 10
261.8722361111111
 20
191.1022269444444
 30
0.0
 10
261.8722361111111
 20
191.0951713888889
 30
0.0
 10
261.8722361111111
 20
191.0881158333333
 30
0.0
 10
261.8722361111111
 20
191.0810602777778
 30
0.0
 10
262.9023472222222
 20
191.0810602777778
 30
0.0
 10
263.9324583333333
 20
191.0810602777778
 30
0.0
 10
264.9625694444445
 20
191.0810602777778
 30
0.0
 10
264.9625694444445
 20
190.8235325
 30
0.0
 10
264.9625694444445
 20
190.5660047222222
 30
0.0
 10
264.9625694444445
 20
190.3084769444444
 30
0.0
 10
263.4985416666667
 20
190.3084769444444
 30
0.0
 10
262.0345138888889
 20
190.3084769444444
 30
0.0
 10
260.5704861111111
 20
190.3084769444444
 30
0.0
  0
SPLINE
  5
C9
330
1F
100
AcDbEntity
  8
DEFAULT
 62
    18
100
AcDbSpline
210
0.0
220
0.0
230
1.0
 70
    11
 71
     3
 72
    59
 73
    55
 74
     0
 42
0.000000001
 43
0.0000000001
 40
2.938999999999965
 40
2.938999999999965
 40
2.938999999999965
 40
2.938999999999965
 40
6.683235569512149
 40
6.683235569512149
 40
6.683235569512149
 40
7.683235569512149
 40
7.683235569512149
 40
7.683235569512149
 40
7.773235569512181
 40
7.773235569512181
 40
7.773235569512181
 40
8.773235569512181
 40
8.773235569512181
 40
8.773235569512181
 40
12.47589677464566
 40
12.47589677464566
 40
12.47589677464566
 40
15.32689677464566
 40
15.32689677464566
 40
15.32689677464566
 40
23.91659409178089
 40
23.91659409178089
 40
23.91659409178089
 40
32.98493473381683
 40
32.98493473381683
 40
32.98493473381683
 40
35.98493473381683
 40
35.98493473381683
 40
35.98493473381683
 40
39.88692666102529
 40
39.88692666102529
 40
39.88692666102529
 40
40.88692666102529
 40
40.88692666102529
 40
40.88692666102529
 40
40.94792666102521
 40
40.94792666102521
 40
40.94792666102521
 40
41.94792666102521
 40
41.94792666102521
 40
41.94792666102521
 40
45.8341716352902
 40
45.8341716352902
 40
45.8341716352902
 40
48.74417163529017
 40
48.74417163529017
 40
48.74417163529017
 40
57.77295233923905
 40
57.77295233923905
 40
57.77295233923905
 40
66.41868313541816
 40
66.41868313541816
 40
66.41868313541816
 40
69.35768313541813
 40
69.35768313541813
 40
69.35768313541813
 40
69.35768313541813
 10
256.4008997222222
 20
195.4306338888888
 30
0.0
 10
256.6443163888889
 20
195.063745
 30
0.0
 10
256.8877330555556
 20
194.6968561111111
 30
0.0
 10
257.1311497222222
 20
194.3299672222222
 30
0.0
 10
257.3212969444444
 20
194.0442172222222
 30
0.0
 10
257.4803997222222
 20
193.7796338888889
 30
0.0
 10
257.6497330555555
 20
193.4938838888889
 30
0.0
 10
257.6603163888889
 20
193.4938838888889
 30
0.0
 10
257.6708997222222
 20
193.4938838888889
 30
0.0
 10
257.6814830555555
 20
193.4938838888889
 30
0.0
 10
257.8504636111111
 20
193.8008005555555
 30
0.0
 10
258.0201497222222
 20
194.0653838888888
 30
0.0
 10
258.1891302777777
 20
194.3405505555555
 30
0.0
 10
258.4290191666666
 20
194.7039116666666
 30
0.0
 10
258.6689080555555
 20
195.0672727777777
 30
0.0
 10
258.9087969444444
 20
195.4306338888888
 30
0.0
 10
259.2440534259259
 20
195.4306338888888
 30
0.0
 10
259.5793099074074
 20
195.4306338888888
 30
0.0
 10
259.9145663888889
 20
195.4306338888888
 30
0.0
 10
259.3324830555555
 20
194.6051338888888
 30
0.0
 10
258.7503997222222
 20
193.7796338888888
 30
0.0
 10
258.1683163888889
 20
192.9541338888889
 30
0.0
 10
258.7679210185185
 20
192.072307037037
 30
0.0
 10
259.3675256481482
 20
191.1904801851852
 30
0.0
 10
259.9671302777778
 20
190.3086533333333
 30
0.0
 10
259.6143524999999
 20
190.3086533333333
 30
0.0
 10
259.2615747222222
 20
190.3086533333333
 30
0.0
 10
258.9087969444444
 20
190.3086533333333
 30
0.0
 10
258.6584423148147
 20
190.693181111111
 30
0.0
 10
258.4080876851851
 20
191.0777088888888
 30
0.0
 10
258.1577330555555
 20
191.4622366666666
 30
0.0
 10
257.9566497222222
 20
191.7582172222222
 30
0.0
 10
257.7873163888888
 20
192.0439672222222
 30
0.0
 10
257.6073997222222
 20
192.3508838888889
 30
0.0
 10
257.600226574074
 20
192.3508838888889
 30
0.0
 10
257.5930534259259
 20
192.3508838888889
 30
0.0
 10
257.5858802777778
 20
192.3508838888889
 30
0.0
 10
257.4168997222222
 20
192.0439672222222
 30
0.0
 10
257.2369830555555
 20
191.7688005555555
 30
0.0
 10
257.0464830555555
 20
191.4622366666666
 30
0.0
 10
256.7995386111111
 20
191.0777088888888
 30
0.0
 10
256.5525941666667
 20
190.6931811111111
 30
0.0
 10
256.3056497222222
 20
190.3086533333333
 30
0.0
 10
255.9634552777778
 20
190.3086533333333
 30
0.0
 10
255.6212608333334
 20
190.3086533333333
 30
0.0
 10
255.2790663888889
 20
190.3086533333333
 30
0.0
 10
255.8858441666666
 20
191.1798968518518
 30
0.0
 10
256.4926219444444
 20
192.0511403703703
 30
0.0
 10
257.0993997222222
 20
192.9223838888888
 30
0.0
 10
256.5209617592593
 20
193.7584672222222
 30
0.0
 10
255.9425237962963
 20
194.5945505555555
 30
0.0
 10
255.3640858333333
 20
195.4306338888888
 30
0.0
 10
255.709690462963
 20
195.4306338888888
 30
0.0
 10
256.0552950925926
 20
195.4306338888888
 30
0.0
 10
256.4008997222222
 20
195.4306338888888
 30
0.0
  0
SPLINE
  5
CA
330
1F
100
AcDbEntity
  8
DEFAULT
 62
    18
100
AcDbSpline
210
0.0
220
0.0
230
1.0
 70
    11
 71
     3
 72
    47
 73
    43
 74
     0
 42
0.000000001
 43
0.0000000001
 40
12.44999999999999
 40
12.44999999999999
 40
12.44999999999999
 40
12.44999999999999
 40
14.06999999999999
 40
14.06999999999999
 40
14.06999999999999
 40
16.95530760925068
 40
16.95530760925068
 40
16.95530760925068
 40
17.95530760925068
 40
17.95530760925068
 40
17.95530760925068
 40
18.95530760925068
 40
18.95530760925068
 40
18.95530760925068
 40
19.95530760925068
 40
19.95530760925068
 40
19.95530760925068
 40
21.99618977145406
 40
21.99618977145406
 40
21.99618977145406
 40
22.99618977145406
 40
22.99618977145406
 40
22.99618977145406
 40
23.99618977145406
 40
23.99618977145406
 40
23.99618977145406
 40
24.99618977145406
 40
24.99618977145406
 40
24.99618977145406
 40
27.11852834010892
 40
27.11852834010892
 40
27.11852834010892
 40
27.17952834010893
 40
27.17952834010893
 40
27.17952834010893
 40
35.93952834010892
 40
35.93952834010892
 40
35.93952834010892
 40
38.12852834010891
 40
38.12852834010891
 40
38.12852834010891
 40
50.5785283401089
 40
50.5785283401089
 40
50.5785283401089
 40
50.5785283401089
 10
169.6523502777777
 20
62.76502277777777
 30
0.0
 10
169.6523502777777
 20
62.95552277777777
 30
0.0
 10
169.6523502777777
 20
63.14602277777777
 30
0.0
 10
169.6523502777777
 20
63.33652277777777
 30
0.0
 10
169.8957669444444
 20
63.57288388888887
 30
0.0
 10
170.1391836111111
 20
63.809245
 30
0.0
 10
170.3826002777778
 20
64.0456061111111
 30
0.0
 10
172.1394336111111
 20
65.71741999999999
 30
0.0
 10
172.9331836111111
 20
66.60677277777778
 30
0.0
 10
172.9437669444444
 20
67.64358666666666
 30
0.0
 10
172.9437669444444
 20
68.34243944444444
 30
0.0
 10
172.6051002777778
 20
68.98767
 30
0.0
 10
171.5785169444444
 20
68.98767
 30
0.0
 10
170.9541002777777
 20
68.98767
 30
0.0
 10
170.4358697222222
 20
68.67016999999998
 30
0.0
 10
170.1180169444444
 20
68.40558666666666
 30
0.0
 10
170.0192391666667
 20
68.62430888888888
 30
0.0
 10
169.9204613888889
 20
68.8430311111111
 30
0.0
 10
169.8216836111111
 20
69.06175333333331
 30
0.0
 10
170.2979336111111
 20
69.46391999999999
 30
0.0
 10
170.9752669444444
 20
69.76025333333332
 30
0.0
 10
171.7690169444444
 20
69.76025333333332
 30
0.0
 10
173.2506836111111
 20
69.76025333333332
 30
0.0
 10
173.8751002777778
 20
68.74425333333333
 30
0.0
 10
173.8751002777778
 20
67.76000333333332
 30
0.0
 10
173.8751002777778
 20
66.4903561111111
 30
0.0
 10
172.9543502777778
 20
65.46341999999999
 30
0.0
 10
171.5044336111111
 20
64.06642
 30
0.0
 10
171.3209891666666
 20
63.89720425925925
 30
0.0
 10
171.1375447222222
 20
63.72798851851851
 30
0.0
 10
170.9541002777777
 20
63.55877277777777
 30
0.0
 10
170.9541002777777
 20
63.55159962962961
 30
0.0
 10
170.9541002777777
 20
63.54442648148147
 30
0.0
 10
170.9541002777777
 20
63.53725333333332
 30
0.0
 10
171.9842113888888
 20
63.53725333333332
 30
0.0
 10
173.0143224999999
 20
63.53725333333332
 30
0.0
 10
174.0444336111111
 20
63.53725333333332
 30
0.0
 10
174.0444336111111
 20
63.27984314814813
 30
0.0
 10
174.0444336111111
 20
63.02243296296295
 30
0.0
 10
174.0444336111111
 20
62.76502277777777
 30
0.0
 10
172.5804058333333
 20
62.76502277777777
 30
0.0
 10
171.1163780555555
 20
62.76502277777777
 30
0.0
 10
169.6523502777777
 20
62.76502277777777
 30
0.0
  0
SPLINE
  5
CB
330
1F
100
AcDbEntity
  8
DEFAULT
 62
    18
100
AcDbSpline
210
0.0
220
0.0
230
1.0
 70
    11
 71
     3
 72
    59
 73
    55
 74
     0
 42
0.000000001
 43
0.0000000001
 40
2.939999999999998
 40
2.939999999999998
 40
2.939999999999998
 40
2.939999999999998
 40
6.684235569512174
 40
6.684235569512174
 40
6.684235569512174
 40
7.684235569512174
 40
7.684235569512174
 40
7.684235569512174
 40
7.774235569512149
 40
7.774235569512149
 40
7.774235569512149
 40
8.77423556951215
 40
8.77423556951215
 40
8.77423556951215
 40
12.47689677464554
 40
12.47689677464554
 40
12.47689677464554
 40
15.32789677464554
 40
15.32789677464554
 40
15.32789677464554
 40
23.91841136924345
 40
23.91841136924345
 40
23.91841136924345
 40
32.98675201127936
 40
32.98675201127936
 40
32.98675201127936
 40
35.98675201127936
 40
35.98675201127936
 40
35.98675201127936
 40
39.88928964722857
 40
39.88928964722857
 40
39.88928964722857
 40
40.88928964722857
 40
40.88928964722857
 40
40.88928964722857
 40
40.95028964722861
 40
40.95028964722861
 40
40.95028964722861
 40
41.95028964722861
 40
41.95028964722861
 40
41.95028964722861
 40
45.83707507994805
 40
45.83707507994805
 40
45.83707507994805
 40
48.74607507994804
 40
48.74607507994804
 40
48.74607507994804
 40
57.77510498354233
 40
57.77510498354233
 40
57.77510498354233
 40
66.42083577972144
 40
66.42083577972144
 40
66.42083577972144
 40
69.36083577972144
 40
69.36083577972144
 40
69.36083577972144
 40
69.36083577972144
 10
165.4827638888889
 20
67.88717972222221
 30
0.0
 10
165.7261805555555
 20
67.52029083333333
 30
0.0
 10
165.9695972222222
 20
67.15340194444444
 30
0.0
 10
166.2130138888889
 20
66.78651305555555
 30
0.0
 10
166.4031611111111
 20
66.50041027777777
 30
0.0
 10
166.5622638888889
 20
66.23617972222222
 30
0.0
 10
166.7315972222222
 20
65.95042972222221
 30
0.0
 10
166.7421805555555
 20
65.95042972222221
 30
0.0
 10
166.7527638888889
 20
65.95042972222221
 30
0.0
 10
166.7633472222222
 20
65.95042972222221
 30
0.0
 10
166.9323277777777
 20
66.25734638888889
 30
0.0
 10
167.1020138888888
 20
66.52192972222223
 30
0.0
 10
167.2709944444444
 20
66.79709638888889
 30
0.0
 10
167.5108833333333
 20
67.16045749999999
 30
0.0
 10
167.7507722222222
 20
67.52381861111111
 30
0.0
 10
167.9906611111111
 20
67.88717972222221
 30
0.0
 10
168.3259175925926
 20
67.88717972222221
 30
0.0
 10
168.6611740740741
 20
67.88717972222221
 30
0.0
 10
168.9964305555555
 20
67.88717972222221
 30
0.0
 10
168.4143472222222
 20
67.06156212962962
 30
0.0
 10
167.8322638888889
 20
66.23594453703704
 30
0.0
 10
167.2501805555555
 20
65.41032694444445
 30
0.0
 10
167.8497851851851
 20
64.5285000925926
 30
0.0
 10
168.4493898148148
 20
63.64667324074074
 30
0.0
 10
169.0489944444444
 20
62.76484638888888
 30
0.0
 10
168.6962166666666
 20
62.76484638888888
 30
0.0
 10
168.3434388888889
 20
62.76484638888888
 30
0.0
 10
167.9906611111111
 20
62.76484638888888
 30
0.0
 10
167.7401888888889
 20
63.14937416666666
 30
0.0
 10
167.4897166666666
 20
63.53390194444444
 30
0.0
 10
167.2392444444444
 20
63.91842972222222
 30
0.0
 10
167.0385138888889
 20
64.21476305555555
 30
0.0
 10
166.8691805555555
 20
64.50051305555556
 30
0.0
 10
166.6892638888889
 20
64.80742972222222
 30
0.0
 10
166.6820907407407
 20
64.80742972222222
 30
0.0
 10
166.6749175925925
 20
64.80742972222222
 30
0.0
 10
166.6677444444444
 20
64.80742972222222
 30
0.0
 10
166.4987638888889
 20
64.50051305555556
 30
0.0
 10
166.3188472222222
 20
64.2253463888889
 30
0.0
 10
166.1283472222222
 20
63.91842972222222
 30
0.0
 10
165.8812851851852
 20
63.53390194444444
 30
0.0
 10
165.6342231481481
 20
63.14937416666666
 30
0.0
 10
165.3871611111111
 20
62.76484638888888
 30
0.0
 10
165.0450842592592
 20
62.76484638888888
 30
0.0
 10
164.7030074074074
 20
62.76484638888888
 30
0.0
 10
164.3609305555555
 20
62.76484638888888
 30
0.0
 10
164.9675907407407
 20
63.63620749999999
 30
0.0
 10
165.5742509259259
 20
64.5075686111111
 30
0.0
 10
166.1809111111111
 20
65.37892972222221
 30
0.0
 10
165.6024731481481
 20
66.21501305555554
 30
0.0
 10
165.0240351851852
 20
67.05109638888888
 30
0.0
 10
164.4455972222222
 20
67.88717972222221
 30
0.0
 10
164.7913194444444
 20
67.88717972222221
 30
0.0
 10
165.1370416666666
 20
67.88717972222221
 30
0.0
 10
165.4827638888889
 20
67.88717972222221
 30
0.0
  0
SPLINE
  5
CC
330
1F
100
AcDbEntity
  8
DEFAULT
 62
    18
100
AcDbSpline
210
0.0
220
0.0
230
1.0
 70
    11
 71
     3
 72
    47
 73
    43
 74
     0
 42
0.000000001
 43
0.0000000001
 40
12.45000000000005
 40
12.45000000000005
 40
12.45000000000005
 40
12.45000000000005
 40
14.07000000000005
 40
14.07000000000005
 40
14.07000000000005
 40
16.95530760925078
 40
16.95530760925078
 40
16.95530760925078
 40
17.95530760925078
 40
17.95530760925078
 40
17.95530760925078
 40
18.95530760925078
 40
18.95530760925078
 40
18.95530760925078
 40
19.95530760925078
 40
19.95530760925078
 40
19.95530760925078
 40
21.99577838826237
 40
21.99577838826237
 40
21.99577838826237
 40
22.99577838826237
 40
22.99577838826237
 40
22.99577838826237
 40
23.99577838826237
 40
23.99577838826237
 40
23.99577838826237
 40
24.99577838826237
 40
24.99577838826237
 40
24.99577838826237
 40
27.11879510981686
 40
27.11879510981686
 40
27.11879510981686
 40
27.1787951098168
 40
27.1787951098168
 40
27.1787951098168
 40
35.93879510981679
 40
35.93879510981679
 40
35.93879510981679
 40
38.12879510981685
 40
38.12879510981685
 40
38.12879510981685
 40
50.57879510981689
 40
50.57879510981689
 40
50.57879510981689
 40
50.57879510981689
 10
260.5708388888888
 20
241.5012244444444
 30
0.0
 10
260.5708388888888
 20
241.6917244444444
 30
0.0
 10
260.5708388888888
 20
241.8822244444444
 30
0.0
 10
260.5708388888888
 20
242.0727244444444
 30
0.0
 10
260.8142555555555
 20
242.3090855555555
 30
0.0
 10
261.0576722222222
 20
242.5454466666666
 30
0.0
 10
261.3010888888889
 20
242.7818077777777
 30
0.0
 10
263.0579222222221
 20
244.4539744444444
 30
0.0
 10
263.8516722222222
 20
245.3429744444444
 30
0.0
 10
263.8622555555555
 20
246.3801411111111
 30
0.0
 10
263.8622555555555
 20
247.078641111111
 30
0.0
 10
263.5235888888889
 20
247.7238716666666
 30
0.0
 10
262.4970055555555
 20
247.7238716666666
 30
0.0
 10
261.8725888888889
 20
247.7238716666666
 30
0.0
 10
261.3543583333333
 20
247.4063716666666
 30
0.0
 10
261.0365055555556
 20
247.1417883333333
 30
0.0
 10
260.9378453703703
 20
247.3605105555555
 30
0.0
 10
260.8391851851852
 20
247.5792327777777
 30
0.0
 10
260.740525
 20
247.797955
 30
0.0
 10
261.2164222222222
 20
248.2001216666666
 30
0.0
 10
261.8937555555555
 20
248.4964549999999
 30
0.0
 10
262.6875055555555
 20
248.4964549999999
 30
0.0
 10
264.1691722222222
 20
248.4964549999999
 30
0.0
 10
264.7935888888888
 20
247.4804549999999
 30
0.0
 10
264.7935888888888
 20
246.4962049999999
 30
0.0
 10
264.7935888888888
 20
245.2265577777777
 30
0.0
 10
263.8728388888889
 20
244.1999744444444
 30
0.0
 10
262.4229222222222
 20
242.8029744444444
 30
0.0
 10
262.2394777777777
 20
242.6336411111111
 30
0.0
 10
262.0560333333333
 20
242.4643077777777
 30
0.0
 10
261.8725888888889
 20
242.2949744444444
 30
0.0
 10
261.8725888888889
 20
242.2879188888888
 30
0.0
 10
261.8725888888889
 20
242.2808633333333
 30
0.0
 10
261.8725888888889
 20
242.2738077777778
 30
0.0
 10
262.9027
 20
242.2738077777778
 30
0.0
 10
263.9328111111111
 20
242.2738077777778
 30
0.0
 10
264.9629222222222
 20
242.2738077777778
 30
0.0
 10
264.9629222222222
 20
242.01628
 30
0.0
 10
264.9629222222222
 20
241.7587522222222
 30
0.0
 10
264.9629222222222
 20
241.5012244444444
 30
0.0
 10
263.4988944444444
 20
241.5012244444444
 30
0.0
 10
262.0348666666666
 20
241.5012244444444
 30
0.0
 10
260.5708388888888
 20
241.5012244444444
 30
0.0
  0
SPLINE
  5
CD
330
1F
100
AcDbEntity
  8
DEFAULT
 62
    18
100
AcDbSpline
210
0.0
220
0.0
230
1.0
 70
    11
 71
     3
 72
    59
 73
    55
 74
     0
 42
0.000000001
 43
0.0000000001
 40
0.0
 40
0.0
 40
0.0
 40
0.0
 40
3.744235569512027
 40
3.744235569512027
 40
3.744235569512027
 40
4.744235569512027
 40
4.744235569512027
 40
4.744235569512027
 40
4.834235569512058
 40
4.834235569512058
 40
4.834235569512058
 40
5.834235569512058
 40
5.834235569512058
 40
5.834235569512058
 40
9.536896774645538
 40
9.536896774645538
 40
9.536896774645538
 40
12.38789677464554
 40
12.38789677464554
 40
12.38789677464554
 40
20.97759409178077
 40
20.97759409178077
 40
20.97759409178077
 40
30.04676169415754
 40
30.04676169415754
 40
30.04676169415754
 40
33.04676169415754
 40
33.04676169415754
 40
33.04676169415754
 40
36.94929933010673
 40
36.94929933010673
 40
36.94929933010673
 40
37.94929933010673
 40
37.94929933010673
 40
37.94929933010673
 40
38.01029933010665
 40
38.01029933010665
 40
38.01029933010665
 40
39.01029933010665
 40
39.01029933010665
 40
39.01029933010665
 40
42.89708476282607
 40
42.89708476282607
 40
42.89708476282607
 40
45.80608476282606
 40
45.80608476282606
 40
45.80608476282606
 40
54.83511466642032
 40
54.83511466642032
 40
54.83511466642032
 40
63.4808454625995
 40
63.4808454625995
 40
63.4808454625995
 40
66.42084546259956
 40
66.42084546259956
 40
66.42084546259956
 40
66.42084546259956
 10
256.4012525
 20
246.6233813888888
 30
0.0
 10
256.6446691666667
 20
246.2564925
 30
0.0
 10
256.8880858333333
 20
245.8896036111111
 30
0.0
 10
257.1315025
 20
245.5227147222222
 30
0.0
 10
257.3216497222222
 20
245.2369647222222
 30
0.0
 10
257.4807524999999
 20
244.9723813888889
 30
0.0
 10
257.6500858333333
 20
244.6866313888889
 30
0.0
 10
257.6606691666667
 20
244.6866313888889
 30
0.0
 10
257.6712525
 20
244.6866313888889
 30
0.0
 10
257.6818358333333
 20
244.6866313888889
 30
0.0
 10
257.8508163888889
 20
244.9935480555555
 30
0.0
 10
258.0205025
 20
245.2581313888888
 30
0.0
 10
258.1894830555555
 20
245.5332980555555
 30
0.0
 10
258.4293719444444
 20
245.8966591666666
 30
0.0
 10
258.6692608333333
 20
246.2600202777777
 30
0.0
 10
258.9091497222222
 20
246.6233813888888
 30
0.0
 10
259.2444062037037
 20
246.6233813888888
 30
0.0
 10
259.5796626851852
 20
246.6233813888888
 30
0.0
 10
259.9149191666667
 20
246.6233813888888
 30
0.0
 10
259.3328358333333
 20
245.7978813888888
 30
0.0
 10
258.7507525
 20
244.9723813888888
 30
0.0
 10
258.1686691666666
 20
244.1468813888889
 30
0.0
 10
258.7682737962962
 20
243.2649369444444
 30
0.0
 10
259.3678784259259
 20
242.3829925
 30
0.0
 10
259.9674830555555
 20
241.5010480555555
 30
0.0
 10
259.6147052777778
 20
241.5010480555555
 30
0.0
 10
259.2619275
 20
241.5010480555555
 30
0.0
 10
258.9091497222222
 20
241.5010480555555
 30
0.0
 10
258.6586775
 20
241.8855758333333
 30
0.0
 10
258.4082052777778
 20
242.2701036111111
 30
0.0
 10
258.1577330555555
 20
242.6546313888888
 30
0.0
 10
257.9570024999999
 20
242.9509647222222
 30
0.0
 10
257.7876691666666
 20
243.2367147222222
 30
0.0
 10
257.6077524999999
 20
243.5436313888888
 30
0.0
 10
257.6005793518518
 20
243.5436313888888
 30
0.0
 10
257.5934062037036
 20
243.5436313888888
 30
0.0
 10
257.5862330555555
 20
243.5436313888888
 30
0.0
 10
257.4172525
 20
243.2367147222222
 30
0.0
 10
257.2373358333333
 20
242.9615480555555
 30
0.0
 10
257.0468358333333
 20
242.6546313888888
 30
0.0
 10
256.7997737962963
 20
242.2701036111111
 30
0.0
 10
256.5527117592592
 20
241.8855758333333
 30
0.0
 10
256.3056497222222
 20
241.5010480555555
 30
0.0
 10
255.9635728703703
 20
241.5010480555555
 30
0.0
 10
255.6214960185185
 20
241.5010480555555
 30
0.0
 10
255.2794191666667
 20
241.5010480555555
 30
0.0
 10
255.8860793518519
 20
242.3724091666666
 30
0.0
 10
256.492739537037
 20
243.2437702777778
 30
0.0
 10
257.0993997222222
 20
244.1151313888888
 30
0.0
 10
256.5209617592593
 20
244.9512147222222
 30
0.0
 10
255.9425237962963
 20
245.7872980555555
 30
0.0
 10
255.3640858333333
 20
246.6233813888888
 30
0.0
 10
255.7098080555555
 20
246.6233813888888
 30
0.0
 10
256.0555302777777
 20
246.6233813888888
 30
0.0
 10
256.4012525
 20
246.6233813888888
 30
0.0
  0
POLYLINE
  5
CE
330
1F
100
AcDbEntity
  8
DEFAULT
 62
    18
100
AcDb2dPolyline
 66
     1
 10
0.0
 20
0.0
 30
0.0
 70
     1
  0
VERTEX
  5
CF
330
CE
100
AcDbEntity
  8
DEFAULT
 62
    18
100
AcDbVertex
100
AcDb2dVertex
 10
172.5314402777778
 20
110.7858041666667
 30
0.0
  0
VERTEX
  5
D0
330
CE
100
AcDbEntity
  8
DEFAULT
 62
    18
100
AcDbVertex
100
AcDb2dVertex
 10
172.5314402777778
 20
112.6590541666667
 30
0.0
  0
VERTEX
  5
D1
330
CE
100
AcDbEntity
  8
DEFAULT
 62
    18
100
AcDbVertex
100
AcDb2dVertex
 10
169.3352736111111
 20
112.6590541666667
 30
0.0
  0
VERTEX
  5
D2
330
CE
100
AcDbEntity
  8
DEFAULT
 62
    18
100
AcDbVertex
100
AcDb2dVertex
 10
169.3352736111111
 20
113.2728875
 30
0.0
  0
VERTEX
  5
D3
330
CE
100
AcDbEntity
  8
DEFAULT
 62
    18
100
AcDbVertex
100
AcDb2dVertex
 10
172.4044402777778
 20
117.6646180555556
 30
0.0
  0
VERTEX
  5
D4
330
CE
100
AcDbEntity
  8
DEFAULT
 62
    18
100
AcDbVertex
100
AcDb2dVertex
 10
173.4095041666666
 20
117.6646180555556
 30
0.0
  0
VERTEX
  5
D5
330
CE
100
AcDbEntity
  8
DEFAULT
 62
    18
100
AcDbVertex
100
AcDb2dVertex
 10
173.4095041666666
 20
113.3893041666666
 30
0.0
  0
VERTEX
  5
D6
330
CE
100
AcDbEntity
  8
DEFAULT
 62
    18
100
AcDbVertex
100
AcDb2dVertex
 10
174.3729402777778
 20
113.3893041666666
 30
0.0
  0
VERTEX
  5
D7
330
CE
100
AcDbEntity
  8
DEFAULT
 62
    18
100
AcDbVertex
100
AcDb2dVertex
 10
174.3729402777778
 20
112.6590541666667
 30
0.0
  0
VERTEX
  5
D8
330
CE
100
AcDbEntity
  8
DEFAULT
 62
    18
100
AcDbVertex
100
AcDb2dVertex
 10
173.4095041666666
 20
112.6590541666667
 30
0.0
  0
VERTEX
  5
D9
330
CE
100
AcDbEntity
  8
DEFAULT
 62
    18
100
AcDbVertex
100
AcDb2dVertex
 10
173.4095041666666
 20
110.7858041666667
 30
0.0
  0
SEQEND
  5
DA
330
CE
100
AcDbEntity
  8
DEFAULT
 62
    18
  0
SPLINE
  5
DB
330
1F
100
AcDbEntity
  8
DEFAULT
 62
    18
100
AcDbSpline
210
0.0
220
0.0
230
1.0
 70
    11
 71
     3
 72
    26
 73
    22
 74
     0
 42
0.000000001
 43
0.0000000001
 40
6.389999999999986
 40
6.389999999999986
 40
6.389999999999986
 40
6.389999999999986
 40
12.89999999999998
 40
12.89999999999998
 40
12.89999999999998
 40
13.89999999999998
 40
13.89999999999998
 40
13.89999999999998
 40
13.98999999999995
 40
13.98999999999995
 40
13.98999999999995
 40
14.98999999999995
 40
14.98999999999995
 40
14.98999999999995
 40
23.15760674861363
 40
23.15760674861363
 40
23.15760674861363
 40
23.21760674861364
 40
23.21760674861364
 40
23.21760674861364
 40
29.60760674861362
 40
29.60760674861362
 40
29.60760674861362
 40
29.60760674861362
 10
172.5314402777778
 20
113.3893041666666
 30
0.0
 10
172.5314402777778
 20
114.1548319444444
 30
0.0
 10
172.5314402777778
 20
114.9203597222222
 30
0.0
 10
172.5314402777778
 20
115.6858875
 30
0.0
 10
172.5314402777778
 20
116.0453680555555
 30
0.0
 10
172.5420236111111
 20
116.4052013888889
 30
0.0
 10
172.5631902777777
 20
116.7650347222222
 30
0.0
 10
172.5526069444444
 20
116.7650347222222
 30
0.0
 10
172.5420236111111
 20
116.7650347222222
 30
0.0
 10
172.5314402777778
 20
116.7650347222222
 30
0.0
 10
172.3194208333333
 20
116.3632208333333
 30
0.0
 10
172.1504402777778
 20
116.0665347222222
 30
0.0
 10
171.9599402777777
 20
115.7493875
 30
0.0
 10
171.3990236111111
 20
114.9697486111111
 30
0.0
 10
170.8381069444444
 20
114.1901097222222
 30
0.0
 10
170.2771902777777
 20
113.4104708333333
 30
0.0
 10
170.2771902777777
 20
113.4034152777778
 30
0.0
 10
170.2771902777777
 20
113.3963597222222
 30
0.0
 10
170.2771902777777
 20
113.3893041666666
 30
0.0
 10
171.0286069444444
 20
113.3893041666666
 30
0.0
 10
171.7800236111111
 20
113.3893041666666
 30
0.0
 10
172.5314402777778
 20
113.3893041666666
 30
0.0
  0
SPLINE
  5
DC
330
1F
100
AcDbEntity
  8
DEFAULT
 62
    18
100
AcDbSpline
210
0.0
220
0.0
230
1.0
 70
    11
 71
     3
 72
    59
 73
    55
 74
     0
 42
0.000000001
 43
0.0000000001
 40
0.0
 40
0.0
 40
0.0
 40
0.0
 40
3.744235569512153
 40
3.744235569512153
 40
3.744235569512153
 40
4.744235569512153
 40
4.744235569512153
 40
4.744235569512153
 40
4.834235569512128
 40
4.834235569512128
 40
4.834235569512128
 40
5.834235569512128
 40
5.834235569512128
 40
5.834235569512128
 40
9.536896774645497
 40
9.536896774645497
 40
9.536896774645497
 40
12.3878967746455
 40
12.3878967746455
 40
12.3878967746455
 40
20.97841136924343
 40
20.97841136924343
 40
20.97841136924343
 40
30.0467520112793
 40
30.0467520112793
 40
30.0467520112793
 40
33.0467520112793
 40
33.0467520112793
 40
33.0467520112793
 40
36.94928964722848
 40
36.94928964722848
 40
36.94928964722848
 40
37.94928964722848
 40
37.94928964722848
 40
37.94928964722848
 40
38.01028964722852
 40
38.01028964722852
 40
38.01028964722852
 40
39.01028964722852
 40
39.01028964722852
 40
39.01028964722852
 40
42.89707507994794
 40
42.89707507994794
 40
42.89707507994794
 40
45.80607507994793
 40
45.80607507994793
 40
45.80607507994793
 40
54.83510498354219
 40
54.83510498354219
 40
54.83510498354219
 40
63.48083577972132
 40
63.48083577972132
 40
63.48083577972132
 40
66.42083577972132
 40
66.42083577972132
 40
66.42083577972132
 40
66.42083577972132
 10
165.4831166666667
 20
115.9080316666667
 30
0.0
 10
165.7265333333333
 20
115.5411427777778
 30
0.0
 10
165.96995
 20
115.1742538888889
 30
0.0
 10
166.2133666666666
 20
114.807365
 30
0.0
 10
166.4035138888889
 20
114.5212622222222
 30
0.0
 10
166.5622638888889
 20
114.2570316666666
 30
0.0
 10
166.73195
 20
113.9712816666667
 30
0.0
 10
166.7425333333333
 20
113.9712816666667
 30
0.0
 10
166.7531166666667
 20
113.9712816666667
 30
0.0
 10
166.7637
 20
113.9712816666667
 30
0.0
 10
166.9326805555555
 20
114.2781983333333
 30
0.0
 10
167.1023666666667
 20
114.5427816666667
 30
0.0
 10
167.2713472222222
 20
114.8179483333333
 30
0.0
 10
167.5112361111111
 20
115.1813094444444
 30
0.0
 10
167.751125
 20
115.5446705555556
 30
0.0
 10
167.9910138888889
 20
115.9080316666667
 30
0.0
 10
168.3262703703703
 20
115.9080316666667
 30
0.0
 10
168.6615268518518
 20
115.9080316666667
 30
0.0
 10
168.9967833333333
 20
115.9080316666667
 30
0.0
 10
168.4147
 20
115.0824140740741
 30
0.0
 10
167.8326166666667
 20
114.2567964814815
 30
0.0
 10
167.2505333333333
 20
113.4311788888889
 30
0.0
 10
167.850137962963
 20
112.549352037037
 30
0.0
 10
168.4497425925926
 20
111.6675251851852
 30
0.0
 10
169.0493472222222
 20
110.7856983333333
 30
0.0
 10
168.6965694444444
 20
110.7856983333333
 30
0.0
 10
168.3437916666666
 20
110.7856983333333
 30
0.0
 10
167.9910138888889
 20
110.7856983333333
 30
0.0
 10
167.7405416666666
 20
111.1702261111111
 30
0.0
 10
167.4900694444444
 20
111.5547538888889
 30
0.0
 10
167.2395972222222
 20
111.9392816666667
 30
0.0
 10
167.0388666666667
 20
112.235615
 30
0.0
 10
166.8695333333333
 20
112.521365
 30
0.0
 10
166.6896166666667
 20
112.8282816666667
 30
0.0
 10
166.6824435185185
 20
112.8282816666667
 30
0.0
 10
166.6752703703703
 20
112.8282816666667
 30
0.0
 10
166.6680972222222
 20
112.8282816666667
 30
0.0
 10
166.4991166666667
 20
112.521365
 30
0.0
 10
166.3192
 20
112.2461983333333
 30
0.0
 10
166.1287
 20
111.9392816666667
 30
0.0
 10
165.8816379629629
 20
111.5547538888889
 30
0.0
 10
165.6345759259259
 20
111.1702261111111
 30
0.0
 10
165.3875138888889
 20
110.7856983333333
 30
0.0
 10
165.045437037037
 20
110.7856983333333
 30
0.0
 10
164.7033601851852
 20
110.7856983333333
 30
0.0
 10
164.3612833333333
 20
110.7856983333333
 30
0.0
 10
164.9679435185185
 20
111.6570594444444
 30
0.0
 10
165.5746037037037
 20
112.5284205555555
 30
0.0
 10
166.1812638888889
 20
113.3997816666667
 30
0.0
 10
165.6028259259259
 20
114.235865
 30
0.0
 10
165.0243879629629
 20
115.0719483333333
 30
0.0
 10
164.44595
 20
115.9080316666667
 30
0.0
 10
164.7916722222222
 20
115.9080316666667
 30
0.0
 10
165.1373944444444
 20
115.9080316666667
 30
0.0
 10
165.4831166666667
 20
115.9080316666667
 30
0.0
  0
SPLINE
  5
DD
330
1F
100
AcDbEntity
  8
DEFAULT
 62
    18
100
AcDbSpline
210
0.0
220
0.0
230
1.0
 70
    11
 71
     3
 72
    38
 73
    34
 74
     0
 42
0.000000001
 43
0.0000000001
 40
2.160000000000025
 40
2.160000000000025
 40
2.160000000000025
 40
2.160000000000025
 40
3.160000000000025
 40
3.160000000000025
 40
3.160000000000025
 40
4.160000000000025
 40
4.160000000000025
 40
4.160000000000025
 40
4.25
 40
4.25
 40
4.25
 40
5.25
 40
5.25
 40
5.25
 40
6.25
 40
6.25
 40
6.25
 40
7.25
 40
7.25
 40
7.25
 40
8.25
 40
8.25
 40
8.25
 40
9.25
 40
9.25
 40
9.25
 40
10.25
 40
10.25
 40
10.25
 40
11.25
 40
11.25
 40
11.25
 40
13.41000000000003
 40
13.41000000000003
 40
13.41000000000003
 40
13.41000000000003
 10
173.6638216666666
 20
158.7579375
 30
0.0
 10
173.4733216666666
 20
158.7685208333333
 30
0.0
 10
173.2302577777778
 20
158.7579375
 30
0.0
 10
172.9656744444444
 20
158.7156041666667
 30
0.0
 10
171.5048216666667
 20
158.4718347222222
 30
0.0
 10
170.7322383333333
 20
157.4032708333333
 30
0.0
 10
170.5734883333333
 20
156.2708541666667
 30
0.0
 10
170.5840716666667
 20
156.2708541666667
 30
0.0
 10
170.594655
 20
156.2708541666667
 30
0.0
 10
170.6052383333333
 20
156.2708541666667
 30
0.0
 10
170.9336744444444
 20
156.7047708333333
 30
0.0
 10
171.5048216666667
 20
157.0646041666666
 30
0.0
 10
172.2668216666667
 20
157.0646041666666
 30
0.0
 10
173.483905
 20
157.0646041666666
 30
0.0
 10
174.341155
 20
156.1861875
 30
0.0
 10
174.341155
 20
154.8421041666666
 30
0.0
 10
174.341155
 20
153.5826875
 30
0.0
 10
173.483905
 20
152.4185208333333
 30
0.0
 10
172.055155
 20
152.4185208333333
 30
0.0
 10
170.5844244444444
 20
152.4185208333333
 30
0.0
 10
169.6209883333333
 20
153.5615208333333
 30
0.0
 10
169.6209883333333
 20
155.3501041666666
 30
0.0
 10
169.6209883333333
 20
156.7047708333333
 30
0.0
 10
170.1078216666667
 20
157.7736875
 30
0.0
 10
170.785155
 20
158.4510208333333
 30
0.0
 10
171.356655
 20
159.0119375
 30
0.0
 10
172.118655
 20
159.3611875
 30
0.0
 10
172.9864883333333
 20
159.4670208333333
 30
0.0
 10
173.261655
 20
159.5090013888889
 30
0.0
 10
173.4944883333333
 20
159.5199375
 30
0.0
 10
173.6638216666666
 20
159.5199375
 30
0.0
 10
173.6638216666666
 20
159.2659375
 30
0.0
 10
173.6638216666666
 20
159.0119375
 30
0.0
 10
173.6638216666666
 20
158.7579375
 30
0.0
  0
SPLINE
  5
DE
330
1F
100
AcDbEntity
  8
DEFAULT
 62
    18
100
AcDbSpline
210
0.0
220
0.0
230
1.0
 70
    11
 71
     3
 72
    20
 73
    16
 74
     0
 42
0.000000001
 43
0.0000000001
 40
1.0
 40
1.0
 40
1.0
 40
1.0
 40
2.0
 40
2.0
 40
2.0
 40
3.0
 40
3.0
 40
3.0
 40
4.0
 40
4.0
 40
4.0
 40
5.0
 40
5.0
 40
5.0
 40
6.0
 40
6.0
 40
6.0
 40
6.0
 10
173.3992383333333
 20
154.7891875
 30
0.0
 10
173.3992383333333
 20
155.7734375
 30
0.0
 10
172.8383216666666
 20
156.3661041666666
 30
0.0
 10
171.9810716666667
 20
156.3661041666666
 30
0.0
 10
171.4205077777778
 20
156.3661041666666
 30
0.0
 10
170.9015716666667
 20
156.0168541666667
 30
0.0
 10
170.6475716666666
 20
155.5194375
 30
0.0
 10
170.5844244444444
 20
155.4136041666666
 30
0.0
 10
170.5417383333333
 20
155.2760208333333
 30
0.0
 10
170.5417383333333
 20
155.1066875
 30
0.0
 10
170.562905
 20
153.9742708333333
 30
0.0
 10
171.0818411111111
 20
153.1381875
 30
0.0
 10
172.055155
 20
153.1381875
 30
0.0
 10
172.8594883333333
 20
153.1381875
 30
0.0
 10
173.3992383333333
 20
153.8049375
 30
0.0
 10
173.3992383333333
 20
154.7891875
 30
0.0
  0
SPLINE
  5
DF
330
1F
100
AcDbEntity
  8
DEFAULT
 62
    18
100
AcDbSpline
210
0.0
220
0.0
230
1.0
 70
    11
 71
     3
 72
    59
 73
    55
 74
     0
 42
0.000000001
 43
0.0000000001
 40
0.0
 40
0.0
 40
0.0
 40
0.0
 40
3.744235569512106
 40
3.744235569512106
 40
3.744235569512106
 40
4.744235569512106
 40
4.744235569512106
 40
4.744235569512106
 40
4.834235569512081
 40
4.834235569512081
 40
4.834235569512081
 40
5.834235569512081
 40
5.834235569512081
 40
5.834235569512081
 40
9.53689677464545
 40
9.53689677464545
 40
9.53689677464545
 40
12.38789677464545
 40
12.38789677464545
 40
12.38789677464545
 40
20.97759409178065
 40
20.97759409178065
 40
20.97759409178065
 40
30.04593473381656
 40
30.04593473381656
 40
30.04593473381656
 40
33.04593473381656
 40
33.04593473381656
 40
33.04593473381656
 40
36.94847236976575
 40
36.94847236976575
 40
36.94847236976575
 40
37.94847236976575
 40
37.94847236976575
 40
37.94847236976575
 40
38.00947236976578
 40
38.00947236976578
 40
38.00947236976578
 40
39.00947236976578
 40
39.00947236976578
 40
39.00947236976578
 40
42.8962578024852
 40
42.8962578024852
 40
42.8962578024852
 40
45.80525780248519
 40
45.80525780248519
 40
45.80525780248519
 40
54.83346703798698
 40
54.83346703798698
 40
54.83346703798698
 40
63.4791978341661
 40
63.4791978341661
 40
63.4791978341661
 40
66.4191978341661
 40
66.4191978341661
 40
66.4191978341661
 40
66.4191978341661
 10
165.5678538888889
 20
157.6572355555555
 30
0.0
 10
165.8112705555555
 20
157.2903466666666
 30
0.0
 10
166.0546872222222
 20
156.9234577777778
 30
0.0
 10
166.2981038888889
 20
156.5565688888889
 30
0.0
 10
166.4882511111111
 20
156.2708188888889
 30
0.0
 10
166.6473538888889
 20
156.0062355555555
 30
0.0
 10
166.8166872222222
 20
155.7204855555555
 30
0.0
 10
166.8272705555555
 20
155.7204855555555
 30
0.0
 10
166.8378538888889
 20
155.7204855555555
 30
0.0
 10
166.8484372222222
 20
155.7204855555555
 30
0.0
 10
167.0174177777778
 20
156.0274022222222
 30
0.0
 10
167.1871038888889
 20
156.2919855555555
 30
0.0
 10
167.3560844444444
 20
156.5671522222222
 30
0.0
 10
167.5959733333333
 20
156.9305133333333
 30
0.0
 10
167.8358622222222
 20
157.2938744444444
 30
0.0
 10
168.0757511111111
 20
157.6572355555555
 30
0.0
 10
168.4110075925926
 20
157.6572355555555
 30
0.0
 10
168.746264074074
 20
157.6572355555555
 30
0.0
 10
169.0815205555555
 20
157.6572355555555
 30
0.0
 10
168.4994372222222
 20
156.8317355555555
 30
0.0
 10
167.9173538888889
 20
156.0062355555555
 30
0.0
 10
167.3352705555555
 20
155.1807355555555
 30
0.0
 10
167.9348751851852
 20
154.2989087037037
 30
0.0
 10
168.5344798148148
 20
153.4170818518518
 30
0.0
 10
169.1340844444444
 20
152.535255
 30
0.0
 10
168.7813066666666
 20
152.535255
 30
0.0
 10
168.4285288888888
 20
152.535255
 30
0.0
 10
168.0757511111111
 20
152.535255
 30
0.0
 10
167.8252788888889
 20
152.9197827777778
 30
0.0
 10
167.5748066666666
 20
153.3043105555555
 30
0.0
 10
167.3243344444444
 20
153.6888383333333
 30
0.0
 10
167.1236038888889
 20
153.9848188888889
 30
0.0
 10
166.9542705555555
 20
154.2705688888889
 30
0.0
 10
166.7743538888889
 20
154.5774855555555
 30
0.0
 10
166.7671807407407
 20
154.5774855555555
 30
0.0
 10
166.7600075925925
 20
154.5774855555555
 30
0.0
 10
166.7528344444444
 20
154.5774855555555
 30
0.0
 10
166.5838538888889
 20
154.2705688888889
 30
0.0
 10
166.4039372222222
 20
153.9954022222222
 30
0.0
 10
166.2134372222222
 20
153.6888383333333
 30
0.0
 10
165.9663751851851
 20
153.3043105555555
 30
0.0
 10
165.7193131481481
 20
152.9197827777778
 30
0.0
 10
165.4722511111111
 20
152.535255
 30
0.0
 10
165.1301742592592
 20
152.535255
 30
0.0
 10
164.7880974074074
 20
152.535255
 30
0.0
 10
164.4460205555555
 20
152.535255
 30
0.0
 10
165.0526807407407
 20
153.4064985185185
 30
0.0
 10
165.6593409259259
 20
154.277742037037
 30
0.0
 10
166.2660011111111
 20
155.1489855555555
 30
0.0
 10
165.6875631481481
 20
155.9850688888889
 30
0.0
 10
165.1091251851851
 20
156.8211522222222
 30
0.0
 10
164.5306872222222
 20
157.6572355555555
 30
0.0
 10
164.8764094444444
 20
157.6572355555555
 30
0.0
 10
165.2221316666666
 20
157.6572355555555
 30
0.0
 10
165.5678538888889
 20
157.6572355555555
 30
0.0
  0
SPLINE
  5
E0
330
1F
100
AcDbEntity
  8
DEFAULT
 62
     1
100
AcDbSpline
210
0.0
220
0.0
230
1.0
 70
    11
 71
     3
 72
    77
 73
    73
 74
     0
 42
0.000000001
 43
0.0000000001
 40
1.0
 40
1.0
 40
1.0
 40
1.0
 40
2.0
 40
2.0
 40
2.0
 40
3.0
 40
3.0
 40
3.0
 40
4.0
 40
4.0
 40
4.0
 40
12.50700000000001
 40
12.50700000000001
 40
12.50700000000001
 40
13.50700000000001
 40
13.50700000000001
 40
13.50700000000001
 40
14.50700000000001
 40
14.50700000000001
 40
14.50700000000001
 40
15.50700000000001
 40
15.50700000000001
 40
15.50700000000001
 40
16.50700000000001
 40
16.50700000000001
 40
16.50700000000001
 40
17.50700000000001
 40
17.50700000000001
 40
17.50700000000001
 40
18.50700000000001
 40
18.50700000000001
 40
18.50700000000001
 40
19.50700000000001
 40
19.50700000000001
 40
19.50700000000001
 40
20.50700000000001
 40
20.50700000000001
 40
20.50700000000001
 40
21.50700000000001
 40
21.50700000000001
 40
21.50700000000001
 40
22.50700000000001
 40
22.50700000000001
 40
22.50700000000001
 40
23.50700000000001
 40
23.50700000000001
 40
23.50700000000001
 40
24.50700000000001
 40
24.50700000000001
 40
24.50700000000001
 40
25.50700000000001
 40
25.50700000000001
 40
25.50700000000001
 40
26.50700000000001
 40
26.50700000000001
 40
26.50700000000001
 40
27.50700000000001
 40
27.50700000000001
 40
27.50700000000001
 40
28.50700000000001
 40
28.50700000000001
 40
28.50700000000001
 40
29.50700000000001
 40
29.50700000000001
 40
29.50700000000001
 40
30.50700000000001
 40
30.50700000000001
 40
30.50700000000001
 40
31.50700000000001
 40
31.50700000000001
 40
31.50700000000001
 40
32.50700000000001
 40
32.50700000000001
 40
32.50700000000001
 40
32.50700000000001
 10
136.8859975
 20
39.00939055555555
 30
0.0
 10
136.9427947222222
 20
39.01221277777777
 30
0.0
 10
137.3855308333333
 20
37.88967388888888
 30
0.0
 10
137.3823558333333
 20
36.51066555555555
 30
0.0
 10
137.3830613888889
 20
35.12848222222222
 30
0.0
 10
137.3361419444444
 20
34.35025444444445
 30
0.0
 10
137.3312030555555
 20
34.00911833333333
 30
0.0
 10
137.3304975
 20
33.34166277777777
 30
0.0
 10
137.3294391666666
 20
32.67456
 30
0.0
 10
137.3287336111111
 20
32.00710444444444
 30
0.0
 10
138.3290937962963
 20
32.00710444444444
 30
0.0
 10
139.3294539814815
 20
32.00710444444444
 30
0.0
 10
140.3298141666667
 20
32.00710444444444
 30
0.0
 10
140.3308725
 20
32.67209055555555
 30
0.0
 10
140.3319308333333
 20
33.33742944444444
 30
0.0
 10
140.3329891666667
 20
34.00241555555555
 30
0.0
 10
140.3305197222222
 20
34.34566833333333
 30
0.0
 10
140.2850113888889
 20
35.12177944444444
 30
0.0
 10
140.2832475
 20
36.50749055555555
 30
0.0
 10
140.2906558333333
 20
37.88367666666666
 30
0.0
 10
140.7348030555555
 20
38.99245722222221
 30
0.0
 10
140.7905419444444
 20
39.00198222222222
 30
0.0
 10
142.3438225
 20
41.67921277777777
 30
0.0
 10
142.3713391666666
 20
37.75914611111111
 30
0.0
 10
145.9322780555555
 20
35.48972666666666
 30
0.0
 10
149.4939225
 20
33.21713222222222
 30
0.0
 10
139.0746308333333
 20
28.37949055555555
 30
0.0
 10
146.0028336111111
 20
26.49248222222222
 30
0.0
 10
152.9271558333333
 20
24.60864888888889
 30
0.0
 10
156.5607669444444
 20
24.67602944444444
 30
0.0
 10
153.6549363888889
 20
28.40559611111111
 30
0.0
 10
150.7498113888889
 20
32.13234055555555
 30
0.0
 10
153.0552141666666
 20
30.41043222222222
 30
0.0
 10
155.9307058333333
 20
30.01990722222222
 30
0.0
 10
158.8069030555555
 20
29.62550166666666
 30
0.0
 10
163.6106780555556
 20
30.97099611111111
 30
0.0
 10
158.1641419444444
 20
25.19496555555556
 30
0.0
 10
152.7211336111111
 20
19.41964055555555
 30
0.0
 10
158.8485308333333
 20
22.13073777777777
 30
0.0
 10
151.3488280555555
 20
18.80827666666666
 30
0.0
 10
147.3634975
 20
17.03980166666666
 30
0.0
 10
146.9387530555555
 20
17.35941833333333
 30
0.0
 10
146.7034502777778
 20
18.07414611111111
 30
0.0
 10
146.6886336111111
 20
18.11789055555555
 30
0.0
 10
146.6766391666667
 20
18.16622111111111
 30
0.0
 10
146.6604113888889
 20
18.21702111111111
 30
0.0
 10
146.4773197222222
 20
18.83685166666666
 30
0.0
 10
146.2751780555556
 20
19.64682944444444
 30
0.0
 10
144.2177780555556
 20
19.72161833333333
 30
0.0
 10
139.4813836111111
 20
19.89906555555555
 30
0.0
 10
140.5368947222222
 20
23.06947944444444
 30
0.0
 10
138.0007752777778
 20
21.965285
 30
0.0
 10
135.4678308333333
 20
20.86144333333333
 30
0.0
 10
135.7959141666667
 20
21.19799333333333
 30
0.0
 10
134.5432002777778
 20
22.28313777777777
 30
0.0
 10
133.8267086111111
 20
22.90296833333333
 30
0.0
 10
131.6758225
 20
23.69566
 30
0.0
 10
130.5906780555555
 20
25.27927944444444
 30
0.0
 10
130.2735308333333
 20
25.74318222222222
 30
0.0
 10
130.0488113888889
 20
26.27340722222222
 30
0.0
 10
129.9733169444444
 20
26.89041555555555
 30
0.0
 10
129.8664252777778
 20
27.83515444444444
 30
0.0
 10
130.1239530555555
 20
28.98662111111111
 30
0.0
 10
130.9755586111111
 20
30.38820722222222
 30
0.0
 10
134.5375558333333
 20
36.25137388888889
 30
0.0
 10
126.4614141666667
 20
35.80722666666666
 30
0.0
 10
129.3894697222222
 20
37.45646277777777
 30
0.0
 10
132.3178780555556
 20
39.10534611111111
 30
0.0
 10
131.0574030555555
 20
41.510585
 30
0.0
 10
133.6542002777778
 20
39.34876277777777
 30
0.0
 10
136.2548780555555
 20
37.18411833333332
 30
0.0
 10
134.8846891666666
 20
42.54246
 30
0.0
 10
136.8859975
 20
39.00939055555555
 30
0.0
  0
SPLINE
  5
E1
330
1F
100
AcDbEntity
  8
DEFAULT
 62
     1
100
AcDbSpline
210
0.0
220
0.0
230
1.0
 70
    11
 71
     3
 72
    83
 73
    79
 74
     0
 42
0.000000001
 43
0.0000000001
 40
1.0
 40
1.0
 40
1.0
 40
1.0
 40
2.0
 40
2.0
 40
2.0
 40
3.0
 40
3.0
 40
3.0
 40
4.0
 40
4.0
 40
4.0
 40
5.0
 40
5.0
 40
5.0
 40
6.0
 40
6.0
 40
6.0
 40
7.0
 40
7.0
 40
7.0
 40
8.0
 40
8.0
 40
8.0
 40
9.0
 40
9.0
 40
9.0
 40
10.0
 40
10.0
 40
10.0
 40
11.0
 40
11.0
 40
11.0
 40
12.0
 40
12.0
 40
12.0
 40
13.0
 40
13.0
 40
13.0
 40
14.0
 40
14.0
 40
14.0
 40
15.0
 40
15.0
 40
15.0
 40
16.0
 40
16.0
 40
16.0
 40
24.50999999999999
 40
24.50999999999999
 40
24.50999999999999
 40
33.00999999999999
 40
33.00999999999999
 40
33.00999999999999
 40
41.50999999999999
 40
41.50999999999999
 40
41.50999999999999
 40
42.50999999999999
 40
42.50999999999999
 40
42.50999999999999
 40
43.50999999999999
 40
43.50999999999999
 40
43.50999999999999
 40
44.50999999999999
 40
44.50999999999999
 40
44.50999999999999
 40
45.50999999999999
 40
45.50999999999999
 40
45.50999999999999
 40
46.50999999999999
 40
46.50999999999999
 40
46.50999999999999
 40
47.50999999999999
 40
47.50999999999999
 40
47.50999999999999
 40
48.50999999999999
 40
48.50999999999999
 40
48.50999999999999
 40
49.50999999999999
 40
49.50999999999999
 40
49.50999999999999
 40
49.50999999999999
 10
143.2085161111111
 20
64.95792472222222
 30
0.0
 10
143.829405
 20
64.98967472222222
 30
0.0
 10
144.3903216666667
 20
64.85914694444443
 30
0.0
 10
144.9018494444445
 20
64.6263136111111
 30
0.0
 10
142.7710716666666
 20
65.98098027777777
 30
0.0
 10
146.496405
 20
67.37092472222221
 30
0.0
 10
147.2125438888889
 20
69.39939694444443
 30
0.0
 10
147.6429327777778
 20
70.60589694444444
 30
0.0
 10
148.1544605555555
 20
72.12636916666666
 30
0.0
 10
149.0152383333333
 20
72.18986916666665
 30
0.0
 10
149.4315161111111
 20
72.12284138888889
 30
0.0
 10
150.1688216666667
 20
71.80534138888888
 30
0.0
 10
150.5568772222222
 20
71.49489694444443
 30
0.0
 10
151.9221272222222
 20
71.63600805555555
 30
0.0
 10
152.9980994444444
 20
70.86342472222222
 30
0.0
 10
154.275155
 20
72.5955636111111
 30
0.0
 10
154.4092105555555
 20
73.17059138888888
 30
0.0
 10
154.5750161111111
 20
73.44223027777778
 30
0.0
 10
155.164155
 20
73.87614694444444
 30
0.0
 10
156.4482661111111
 20
74.81453583333332
 30
0.0
 10
160.1242105555555
 20
76.87828583333332
 30
0.0
 10
160.1383216666667
 20
74.48998027777778
 30
0.0
 10
160.593405
 20
77.0582025
 30
0.0
 10
164.2340716666667
 20
79.83103583333333
 30
0.0
 10
164.2340716666667
 20
82.08175805555554
 30
0.0
 10
164.2340716666667
 20
87.57803583333333
 30
0.0
 10
158.7942383333333
 20
83.93736916666666
 30
0.0
 10
160.910905
 20
82.4063136111111
 30
0.0
 10
162.0715438888889
 20
81.57023027777777
 30
0.0
 10
158.5896272222222
 20
81.4079525
 30
0.0
 10
157.704155
 20
82.98839694444445
 30
0.0
 10
156.7657661111111
 20
84.8828136111111
 30
0.0
 10
154.0740716666667
 20
84.36423027777776
 30
0.0
 10
152.8005438888889
 20
84.36423027777776
 30
0.0
 10
150.1970438888889
 20
83.9620636111111
 30
0.0
 10
154.0105716666667
 20
82.58975805555555
 30
0.0
 10
152.4689327777778
 20
79.61936916666666
 30
0.0
 10
148.7400716666667
 20
72.44034138888888
 30
0.0
 10
149.3150994444444
 20
90.72481361111112
 30
0.0
 10
145.4557105555556
 20
85.96584138888889
 30
0.0
 10
145.4027938888889
 20
85.96584138888889
 30
0.0
 10
144.9512383333333
 20
84.84753583333332
 30
0.0
 10
144.9512383333333
 20
83.46464694444444
 30
0.0
 10
144.9512383333333
 20
82.08175805555554
 30
0.0
 10
145.0006272222222
 20
81.30564694444443
 30
0.0
 10
145.0006272222222
 20
80.96345249999999
 30
0.0
 10
145.0006272222222
 20
79.96273953703702
 30
0.0
 10
145.0006272222222
 20
78.96202657407407
 30
0.0
 10
145.0006272222222
 20
77.96131361111111
 30
0.0
 10
144.0010901851851
 20
77.96131361111111
 30
0.0
 10
143.0015531481481
 20
77.96131361111111
 30
0.0
 10
142.0020161111111
 20
77.96131361111111
 30
0.0
 10
142.0020161111111
 20
78.96085064814815
 30
0.0
 10
142.0020161111111
 20
79.9603876851852
 30
0.0
 10
142.0020161111111
 20
80.95992472222223
 30
0.0
 10
142.0055438888889
 20
81.30564694444443
 30
0.0
 10
142.051405
 20
82.07823027777778
 30
0.0
 10
142.0549327777778
 20
83.46111916666665
 30
0.0
 10
142.051405
 20
84.84753583333332
 30
0.0
 10
141.606905
 20
85.9623136111111
 30
0.0
 10
141.5504605555556
 20
85.9623136111111
 30
0.0
 10
139.4972938888889
 20
89.59945249999998
 30
0.0
 10
137.447655
 20
78.60336916666667
 30
0.0
 10
136.209405
 20
77.14639694444445
 30
0.0
 10
133.5635716666667
 20
74.0419525
 30
0.0
 10
134.8935438888889
 20
80.16617472222222
 30
0.0
 10
133.4048216666667
 20
80.2014525
 30
0.0
 10
127.2312105555555
 20
80.33903583333333
 30
0.0
 10
137.1760161111111
 20
85.28498027777778
 30
0.0
 10
129.9405438888889
 20
85.28498027777778
 30
0.0
 10
121.3856827777778
 20
85.28498027777778
 30
0.0
 10
126.0599883333333
 20
86.52675805555555
 30
0.0
 10
130.2933216666667
 20
74.92036916666666
 30
0.0
 10
131.9513772222222
 20
70.38011916666666
 30
0.0
 10
136.6186272222222
 20
71.4560913888889
 30
0.0
 10
138.2449327777778
 20
70.08378583333332
 30
0.0
 10
140.495655
 20
68.1823136111111
 30
0.0
 10
140.0582105555555
 20
64.95792472222222
 30
0.0
 10
143.2085161111111
 20
64.95792472222222
 30
0.0
  0
SPLINE
  5
E2
330
1F
100
AcDbEntity
  8
DEFAULT
 62
     1
100
AcDbSpline
210
0.0
220
0.0
230
1.0
 70
    11
 71
     3
 72
   287
 73
   283
 74
     0
 42
0.000000001
 43
0.0000000001
 40
1.0
 40
1.0
 40
1.0
 40
1.0
 40
2.0
 40
2.0
 40
2.0
 40
3.0
 40
3.0
 40
3.0
 40
4.0
 40
4.0
 40
4.0
 40
5.0
 40
5.0
 40
5.0
 40
6.0
 40
6.0
 40
6.0
 40
7.0
 40
7.0
 40
7.0
 40
8.0
 40
8.0
 40
8.0
 40
16.5
 40
16.5
 40
16.5
 40
25.0
 40
25.0
 40
25.0
 40
33.5
 40
33.5
 40
33.5
 40
34.5
 40
34.5
 40
34.5
 40
35.5
 40
35.5
 40
35.5
 40
36.5
 40
36.5
 40
36.5
 40
37.5
 40
37.5
 40
37.5
 40
38.5
 40
38.5
 40
38.5
 40
39.5
 40
39.5
 40
39.5
 40
40.5
 40
40.5
 40
40.5
 40
41.5
 40
41.5
 40
41.5
 40
42.5
 40
42.5
 40
42.5
 40
43.5
 40
43.5
 40
43.5
 40
44.5
 40
44.5
 40
44.5
 40
45.5
 40
45.5
 40
45.5
 40
46.5
 40
46.5
 40
46.5
 40
47.5
 40
47.5
 40
47.5
 40
48.5
 40
48.5
 40
48.5
 40
49.5
 40
49.5
 40
49.5
 40
50.5
 40
50.5
 40
50.5
 40
51.5
 40
51.5
 40
51.5
 40
52.5
 40
52.5
 40
52.5
 40
53.5
 40
53.5
 40
53.5
 40
54.5
 40
54.5
 40
54.5
 40
55.5
 40
55.5
 40
55.5
 40
56.5
 40
56.5
 40
56.5
 40
57.5
 40
57.5
 40
57.5
 40
58.5
 40
58.5
 40
58.5
 40
59.5
 40
59.5
 40
59.5
 40
60.5
 40
60.5
 40
60.5
 40
61.5
 40
61.5
 40
61.5
 40
62.5
 40
62.5
 40
62.5
 40
63.5
 40
63.5
 40
63.5
 40
64.5
 40
64.5
 40
64.5
 40
65.5
 40
65.5
 40
65.5
 40
66.5
 40
66.5
 40
66.5
 40
67.5
 40
67.5
 40
67.5
 40
68.5
 40
68.5
 40
68.5
 40
69.5
 40
69.5
 40
69.5
 40
70.5
 40
70.5
 40
70.5
 40
71.5
 40
71.5
 40
71.5
 40
72.5
 40
72.5
 40
72.5
 40
73.5
 40
73.5
 40
73.5
 40
74.5
 40
74.5
 40
74.5
 40
75.5
 40
75.5
 40
75.5
 40
76.5
 40
76.5
 40
76.5
 40
77.5
 40
77.5
 40
77.5
 40
86.0
 40
86.0
 40
86.0
 40
94.5
 40
94.5
 40
94.5
 40
103.0
 40
103.0
 40
103.0
 40
104.0
 40
104.0
 40
104.0
 40
105.0
 40
105.0
 40
105.0
 40
106.0
 40
106.0
 40
106.0
 40
107.0
 40
107.0
 40
107.0
 40
108.0
 40
108.0
 40
108.0
 40
109.0
 40
109.0
 40
109.0
 40
110.0
 40
110.0
 40
110.0
 40
111.0
 40
111.0
 40
111.0
 40
112.0
 40
112.0
 40
112.0
 40
113.0
 40
113.0
 40
113.0
 40
114.0
 40
114.0
 40
114.0
 40
115.0
 40
115.0
 40
115.0
 40
116.0
 40
116.0
 40
116.0
 40
117.0
 40
117.0
 40
117.0
 40
118.0
 40
118.0
 40
118.0
 40
119.0
 40
119.0
 40
119.0
 40
120.0
 40
120.0
 40
120.0
 40
121.0
 40
121.0
 40
121.0
 40
122.0
 40
122.0
 40
122.0
 40
123.0
 40
123.0
 40
123.0
 40
124.0
 40
124.0
 40
124.0
 40
125.0
 40
125.0
 40
125.0
 40
126.0
 40
126.0
 40
126.0
 40
127.0
 40
127.0
 40
127.0
 40
128.0
 40
128.0
 40
128.0
 40
129.0
 40
129.0
 40
129.0
 40
130.0
 40
130.0
 40
130.0
 40
131.0
 40
131.0
 40
131.0
 40
132.0
 40
132.0
 40
132.0
 40
133.0
 40
133.0
 40
133.0
 40
134.0
 40
134.0
 40
134.0
 40
135.0
 40
135.0
 40
135.0
 40
136.0
 40
136.0
 40
136.0
 40
137.0
 40
137.0
 40
137.0
 40
138.0
 40
138.0
 40
138.0
 40
139.0
 40
139.0
 40
139.0
 40
140.0
 40
140.0
 40
140.0
 40
140.0
 10
158.0771822222222
 20
196.1492775
 30
0.0
 10
158.23946
 20
195.2285275
 30
0.0
 10
157.9889877777778
 20
194.3183608333333
 30
0.0
 10
157.0117933333333
 20
193.4858052777778
 30
0.0
 10
156.6826516666667
 20
193.3058886111111
 30
0.0
 10
156.3531572222222
 20
193.1259719444444
 30
0.0
 10
156.0240155555555
 20
192.9460552777777
 30
0.0
 10
155.12796
 20
192.3992497222222
 30
0.0
 10
156.6378488888889
 20
194.5300275
 30
0.0
 10
155.12796
 20
196.2445275
 30
0.0
 10
153.8156266666667
 20
197.7297219444444
 30
0.0
 10
152.8137377777778
 20
195.2567497222222
 30
0.0
 10
151.8153766666667
 20
194.9039719444444
 30
0.0
 10
151.47671
 20
194.7875552777778
 30
0.0
 10
151.1239322222222
 20
194.9180830555555
 30
0.0
 10
150.7711544444444
 20
195.5424997222222
 30
0.0
 10
150.7182377777778
 20
195.5424997222222
 30
0.0
 10
150.27021
 20
196.6608052777778
 30
0.0
 10
150.27021
 20
198.0436941666667
 30
0.0
 10
150.27021
 20
199.4301108333333
 30
0.0
 10
150.3195988888889
 20
200.2062219444444
 30
0.0
 10
150.3195988888889
 20
200.5484163888889
 30
0.0
 10
150.3195988888889
 20
201.5479534259259
 30
0.0
 10
150.3195988888889
 20
202.547490462963
 30
0.0
 10
150.3195988888889
 20
203.5470275
 30
0.0
 10
149.3200618518518
 20
203.5470275
 30
0.0
 10
148.3205248148148
 20
203.5470275
 30
0.0
 10
147.3209877777778
 20
203.5470275
 30
0.0
 10
147.3209877777778
 20
202.547490462963
 30
0.0
 10
147.3209877777778
 20
201.5479534259259
 30
0.0
 10
147.3209877777778
 20
200.5484163888889
 30
0.0
 10
147.3209877777778
 20
200.2062219444444
 30
0.0
 10
147.3703766666667
 20
199.4301108333333
 30
0.0
 10
147.3703766666667
 20
198.0436941666667
 30
0.0
 10
147.3703766666667
 20
196.6608052777778
 30
0.0
 10
146.9258766666667
 20
195.5424997222222
 30
0.0
 10
146.8694322222222
 20
195.5424997222222
 30
0.0
 10
146.5166544444444
 20
194.9180830555555
 30
0.0
 10
146.1779877777778
 20
194.7804997222222
 30
0.0
 10
145.8393211111111
 20
194.8969163888889
 30
0.0
 10
144.84096
 20
195.2496941666666
 30
0.0
 10
143.82496
 20
197.7297219444444
 30
0.0
 10
142.5161544444444
 20
196.2445275
 30
0.0
 10
141.0027377777778
 20
194.5300275
 30
0.0
 10
142.5161544444444
 20
192.3992497222222
 30
0.0
 10
141.6165711111111
 20
192.9460552777777
 30
0.0
 10
141.2874294444444
 20
193.1259719444444
 30
0.0
 10
140.957935
 20
193.3058886111111
 30
0.0
 10
140.6287933333333
 20
193.4858052777778
 30
0.0
 10
139.6515988888889
 20
194.3183608333333
 30
0.0
 10
139.4011266666667
 20
195.2285275
 30
0.0
 10
139.5634044444444
 20
196.1492775
 30
0.0
 10
140.0184877777778
 20
198.7174997222222
 30
0.0
 10
143.6591544444444
 20
201.4903330555555
 30
0.0
 10
143.6591544444444
 20
203.7410552777777
 30
0.0
 10
143.6591544444444
 20
209.2373330555555
 30
0.0
 10
138.2193211111111
 20
205.5966663888888
 30
0.0
 10
140.3359877777778
 20
204.0656108333333
 30
0.0
 10
141.4966266666667
 20
203.2295275
 30
0.0
 10
138.01471
 20
203.0672497222222
 30
0.0
 10
137.1292377777778
 20
204.6476941666666
 30
0.0
 10
136.1908488888889
 20
206.5421108333333
 30
0.0
 10
133.4991544444444
 20
206.0235275
 30
0.0
 10
132.2256266666667
 20
206.0235275
 30
0.0
 10
131.2978211111111
 20
206.0270552777777
 30
0.0
 10
131.1214322222222
 20
206.3022219444444
 30
0.0
 10
132.9135433333333
 20
207.9849719444444
 30
0.0
 10
132.9135433333333
 20
208.0378886111111
 30
0.0
 10
133.8730988888889
 20
208.7610830555555
 30
0.0
 10
135.1995433333333
 20
209.1138608333333
 30
0.0
 10
136.5365711111111
 20
209.4736941666666
 30
0.0
 10
137.2985711111111
 20
209.6218608333333
 30
0.0
 10
137.6266544444444
 20
209.7100552777778
 30
0.0
 10
138.2711794444444
 20
209.8839747222222
 30
0.0
 10
138.9153516666667
 20
210.0582469444444
 30
0.0
 10
139.5598766666667
 20
210.2321663888889
 30
0.0
 10
139.3012905555555
 20
211.1963080555555
 30
0.0
 10
139.0423516666667
 20
212.1608025
 30
0.0
 10
138.7837655555556
 20
213.1249441666666
 30
0.0
 10
138.1392405555555
 20
212.9531413888889
 30
0.0
 10
137.4950683333333
 20
212.7816913888889
 30
0.0
 10
136.8505433333333
 20
212.6098886111111
 30
0.0
 10
136.52246
 20
212.5216941666666
 30
0.0
 10
135.7851544444444
 20
212.2712219444444
 30
0.0
 10
134.4481266666666
 20
211.9149163888889
 30
0.0
 10
133.1146266666667
 20
211.5586108333333
 30
0.0
 10
131.91871
 20
211.6997219444444
 30
0.0
 10
131.9045988888889
 20
211.7526386111111
 30
0.0
 10
126.0555433333333
 20
213.6505830555555
 30
0.0
 10
139.4364044444444
 20
216.3563886111111
 30
0.0
 10
135.7322377777778
 20
218.7658608333333
 30
0.0
 10
131.8410988888889
 20
221.2952775
 30
0.0
 10
127.8688211111111
 20
218.0849997222222
 30
0.0
 10
122.1749877777778
 20
215.5838052777778
 30
0.0
 10
119.7655155555555
 20
214.5219441666667
 30
0.0
 10
117.2360988888889
 20
215.5626386111111
 30
0.0
 10
114.6572933333333
 20
218.1449719444444
 30
0.0
 10
110.7485155555556
 20
222.0502219444444
 30
0.0
 10
112.74171
 20
223.0873886111111
 30
0.0
 10
114.4667933333333
 20
228.3367219444444
 30
0.0
 10
114.9818488888889
 20
229.9065830555556
 30
0.0
 10
115.1617655555556
 20
230.2205552777777
 30
0.0
 10
116.3506266666667
 20
230.8096941666666
 30
0.0
 10
116.4070711111111
 20
230.8096941666666
 30
0.0
 10
117.0491266666667
 20
229.7936941666666
 30
0.0
 10
117.3031266666667
 20
228.4390275
 30
0.0
 10
117.5571266666667
 20
227.0808330555556
 30
0.0
 10
117.6488488888889
 20
226.3082497222222
 30
0.0
 10
117.7123488888889
 20
225.9695830555555
 30
0.0
 10
117.8347627777778
 20
225.3158858333333
 30
0.0
 10
117.9568238888889
 20
224.6618358333333
 30
0.0
 10
118.0792377777778
 20
224.0081386111111
 30
0.0
 10
119.0624294444444
 20
224.1915830555555
 30
0.0
 10
120.0452683333333
 20
224.3750275
 30
0.0
 10
121.02846
 20
224.5584719444444
 30
0.0
 10
120.9060461111111
 20
225.2135802777777
 30
0.0
 10
120.783985
 20
225.8683358333333
 30
0.0
 10
120.6615711111111
 20
226.5234441666666
 30
0.0
 10
120.5980711111111
 20
226.8585830555555
 30
0.0
 10
120.4075711111111
 20
227.6135275
 30
0.0
 10
120.1535711111111
 20
228.9681941666666
 30
0.0
 10
119.9030988888889
 20
230.3334441666666
 30
0.0
 10
120.1359322222222
 20
231.5117219444444
 30
0.0
 10
120.1888488888889
 20
231.5223052777777
 30
0.0
 10
124.9513488888889
 20
232.0691108333333
 30
0.0
 10
128.2145433333333
 20
227.5253330555555
 30
0.0
 10
131.9045988888889
 20
228.5342774999999
 30
0.0
 10
131.91871
 20
228.5871941666666
 30
0.0
 10
133.1146266666667
 20
228.7318330555555
 30
0.0
 10
134.4481266666666
 20
228.3719997222222
 30
0.0
 10
135.7851544444444
 20
228.0156941666667
 30
0.0
 10
136.52246
 20
227.7652219444444
 30
0.0
 10
136.8505433333333
 20
227.6734997222222
 30
0.0
 10
137.4950683333333
 20
227.5031080555555
 30
0.0
 10
138.1392405555555
 20
227.3323636111111
 30
0.0
 10
138.7837655555556
 20
227.1619719444444
 30
0.0
 10
139.0423516666667
 20
228.1261136111111
 30
0.0
 10
139.3012905555555
 20
229.0906080555555
 30
0.0
 10
139.5598766666667
 20
230.0547497222222
 30
0.0
 10
138.9153516666667
 20
230.2286691666666
 30
0.0
 10
138.2711794444444
 20
230.4029413888888
 30
0.0
 10
137.6266544444444
 20
230.5768608333333
 30
0.0
 10
137.2985711111111
 20
230.6650552777778
 30
0.0
 10
136.5365711111111
 20
230.8167497222222
 30
0.0
 10
135.1995433333333
 20
231.1730552777777
 30
0.0
 10
133.8730988888889
 20
231.5258330555555
 30
0.0
 10
132.9135433333333
 20
232.2490275
 30
0.0
 10
132.9135433333333
 20
232.3054719444444
 30
0.0
 10
131.9575155555555
 20
233.8929719444444
 30
0.0
 10
134.8749877777778
 20
233.3884997222222
 30
0.0
 10
137.9617933333333
 20
234.2281108333333
 30
0.0
 10
140.9604044444444
 20
235.0430275
 30
0.0
 10
141.1791266666667
 20
235.4769441666666
 30
0.0
 10
146.5942655555556
 20
232.2313886111111
 30
0.0
 10
147.4797377777778
 20
231.6986941666666
 30
0.0
 10
146.3190988888889
 20
228.8482497222222
 30
0.0
 10
146.8694322222222
 20
227.5464997222222
 30
0.0
 10
146.9188211111111
 20
227.5464997222222
 30
0.0
 10
147.3703766666667
 20
226.4281941666667
 30
0.0
 10
147.3703766666667
 20
225.0453052777777
 30
0.0
 10
147.3703766666667
 20
223.6624163888889
 30
0.0
 10
147.3209877777778
 20
222.8827774999999
 30
0.0
 10
147.3209877777778
 20
222.5441108333333
 30
0.0
 10
147.3209877777778
 20
221.5445737962962
 30
0.0
 10
147.3209877777778
 20
220.5450367592592
 30
0.0
 10
147.3209877777778
 20
219.5454997222222
 30
0.0
 10
148.3205248148148
 20
219.5454997222222
 30
0.0
 10
149.3200618518518
 20
219.5454997222222
 30
0.0
 10
150.3195988888889
 20
219.5454997222222
 30
0.0
 10
150.3195988888889
 20
220.5450367592592
 30
0.0
 10
150.3195988888889
 20
221.5445737962962
 30
0.0
 10
150.3195988888889
 20
222.5441108333333
 30
0.0
 10
150.3195988888889
 20
222.8827774999999
 30
0.0
 10
150.27021
 20
223.6624163888889
 30
0.0
 10
150.27021
 20
225.0453052777777
 30
0.0
 10
150.27021
 20
226.4281941666667
 30
0.0
 10
150.71471
 20
227.5464997222222
 30
0.0
 10
150.7711544444444
 20
227.5464997222222
 30
0.0
 10
151.31796
 20
228.8482497222222
 30
0.0
 10
150.1573211111111
 20
231.6986941666666
 30
0.0
 10
151.0463211111111
 20
232.2313886111111
 30
0.0
 10
156.46146
 20
235.4769441666666
 30
0.0
 10
156.6801822222222
 20
235.0430275
 30
0.0
 10
159.6787933333333
 20
234.2281108333333
 30
0.0
 10
162.7655988888889
 20
233.3884997222222
 30
0.0
 10
165.6830711111111
 20
233.8929719444444
 30
0.0
 10
164.7270433333333
 20
232.3054719444444
 30
0.0
 10
164.7270433333333
 20
232.2490275
 30
0.0
 10
163.7674877777778
 20
231.5258330555555
 30
0.0
 10
162.4410433333333
 20
231.1730552777777
 30
0.0
 10
161.1040155555555
 20
230.8167497222222
 30
0.0
 10
160.3420155555555
 20
230.6650552777778
 30
0.0
 10
160.0139322222222
 20
230.5768608333333
 30
0.0
 10
159.3694072222222
 20
230.4029413888888
 30
0.0
 10
158.725235
 20
230.2286691666666
 30
0.0
 10
158.08071
 20
230.0547497222222
 30
0.0
 10
158.3392961111111
 20
229.0906080555555
 30
0.0
 10
158.598235
 20
228.1261136111111
 30
0.0
 10
158.8568211111111
 20
227.1619719444444
 30
0.0
 10
159.5013461111111
 20
227.3323636111111
 30
0.0
 10
160.1455183333333
 20
227.5031080555555
 30
0.0
 10
160.7900433333333
 20
227.6734997222222
 30
0.0
 10
161.1181266666667
 20
227.7652219444444
 30
0.0
 10
161.8554322222222
 20
228.0156941666667
 30
0.0
 10
163.19246
 20
228.3719997222222
 30
0.0
 10
164.52596
 20
228.7318330555555
 30
0.0
 10
165.7218766666667
 20
228.5871941666666
 30
0.0
 10
165.7359877777778
 20
228.5342774999999
 30
0.0
 10
169.4260433333333
 20
227.5253330555555
 30
0.0
 10
172.6892377777778
 20
232.0691108333333
 30
0.0
 10
177.4517377777778
 20
231.5223052777777
 30
0.0
 10
177.5046544444444
 20
231.5117219444444
 30
0.0
 10
177.7374877777778
 20
230.3334441666666
 30
0.0
 10
177.4870155555555
 20
228.9681941666666
 30
0.0
 10
177.2330155555555
 20
227.6135275
 30
0.0
 10
177.0425155555556
 20
226.8585830555555
 30
0.0
 10
176.9790155555555
 20
226.5234441666666
 30
0.0
 10
176.8566016666666
 20
225.8683358333333
 30
0.0
 10
176.7345405555556
 20
225.2135802777777
 30
0.0
 10
176.6121266666667
 20
224.5584719444444
 30
0.0
 10
177.5953183333333
 20
224.3750275
 30
0.0
 10
178.5781572222222
 20
224.1915830555555
 30
0.0
 10
179.5613488888889
 20
224.0081386111111
 30
0.0
 10
179.6837627777778
 20
224.6618358333333
 30
0.0
 10
179.8058238888889
 20
225.3158858333333
 30
0.0
 10
179.9282377777778
 20
225.9695830555555
 30
0.0
 10
179.9917377777778
 20
226.3082497222222
 30
0.0
 10
180.08346
 20
227.0808330555556
 30
0.0
 10
180.33746
 20
228.4390275
 30
0.0
 10
180.59146
 20
229.7936941666666
 30
0.0
 10
181.2335155555555
 20
230.8096941666666
 30
0.0
 10
181.28996
 20
230.8096941666666
 30
0.0
 10
182.4788211111111
 20
230.2205552777777
 30
0.0
 10
182.6587377777778
 20
229.9065830555556
 30
0.0
 10
183.1737933333333
 20
228.3367219444444
 30
0.0
 10
184.8988766666666
 20
223.0873886111111
 30
0.0
 10
186.8920711111111
 20
222.0502219444444
 30
0.0
 10
182.9832933333333
 20
218.1449719444444
 30
0.0
 10
180.4044877777778
 20
215.5626386111111
 30
0.0
 10
177.8750711111111
 20
214.5219441666667
 30
0.0
 10
175.4655988888889
 20
215.5838052777778
 30
0.0
 10
169.7717655555555
 20
218.0849997222222
 30
0.0
 10
165.7994877777778
 20
221.2952775
 30
0.0
 10
161.9083488888889
 20
218.7658608333333
 30
0.0
 10
158.2041822222222
 20
216.3563886111111
 30
0.0
 10
171.5850433333333
 20
213.6505830555555
 30
0.0
 10
165.7359877777778
 20
211.7526386111111
 30
0.0
 10
165.7218766666667
 20
211.6997219444444
 30
0.0
 10
164.52596
 20
211.5586108333333
 30
0.0
 10
163.19246
 20
211.9149163888889
 30
0.0
 10
161.8554322222222
 20
212.2712219444444
 30
0.0
 10
161.1181266666667
 20
212.5216941666666
 30
0.0
 10
160.7900433333333
 20
212.6098886111111
 30
0.0
 10
160.1455183333333
 20
212.7816913888889
 30
0.0
 10
159.5013461111111
 20
212.9531413888889
 30
0.0
 10
158.8568211111111
 20
213.1249441666666
 30
0.0
 10
158.598235
 20
212.1608025
 30
0.0
 10
158.3392961111111
 20
211.1963080555555
 30
0.0
 10
158.08071
 20
210.2321663888889
 30
0.0
 10
158.725235
 20
210.0582469444444
 30
0.0
 10
159.3694072222222
 20
209.8839747222222
 30
0.0
 10
160.0139322222222
 20
209.7100552777778
 30
0.0
 10
160.3420155555555
 20
209.6218608333333
 30
0.0
 10
161.1040155555555
 20
209.4736941666666
 30
0.0
 10
162.4410433333333
 20
209.1138608333333
 30
0.0
 10
163.7674877777778
 20
208.7610830555555
 30
0.0
 10
164.7270433333333
 20
208.0378886111111
 30
0.0
 10
164.7270433333333
 20
207.9849719444444
 30
0.0
 10
166.5191544444444
 20
206.3022219444444
 30
0.0
 10
166.3427655555556
 20
206.0270552777777
 30
0.0
 10
165.41496
 20
206.0235275
 30
0.0
 10
164.1414322222222
 20
206.0235275
 30
0.0
 10
161.4497377777778
 20
206.5421108333333
 30
0.0
 10
160.5113488888889
 20
204.6476941666666
 30
0.0
 10
159.6258766666666
 20
203.0672497222222
 30
0.0
 10
156.14396
 20
203.2295275
 30
0.0
 10
157.3045988888889
 20
204.0656108333333
 30
0.0
 10
159.4212655555556
 20
205.5966663888888
 30
0.0
 10
153.9814322222222
 20
209.2373330555555
 30
0.0
 10
153.9814322222222
 20
203.7410552777777
 30
0.0
 10
153.9814322222222
 20
201.4903330555555
 30
0.0
 10
157.6220988888889
 20
198.7174997222222
 30
0.0
 10
158.0771822222222
 20
196.1492775
 30
0.0
  0
SPLINE
  5
E3
330
1F
100
AcDbEntity
  8
DEFAULT
 62
     1
100
AcDbSpline
210
0.0
220
0.0
230
1.0
 70
    11
 71
     3
 72
   257
 73
   253
 74
     0
 42
0.000000001
 43
0.0000000001
 40
1.0
 40
1.0
 40
1.0
 40
1.0
 40
2.0
 40
2.0
 40
2.0
 40
3.0
 40
3.0
 40
3.0
 40
4.0
 40
4.0
 40
4.0
 40
5.0
 40
5.0
 40
5.0
 40
6.0
 40
6.0
 40
6.0
 40
7.0
 40
7.0
 40
7.0
 40
8.0
 40
8.0
 40
8.0
 40
9.0
 40
9.0
 40
9.0
 40
10.0
 40
10.0
 40
10.0
 40
11.0
 40
11.0
 40
11.0
 40
12.0
 40
12.0
 40
12.0
 40
13.0
 40
13.0
 40
13.0
 40
14.0
 40
14.0
 40
14.0
 40
15.0
 40
15.0
 40
15.0
 40
16.0
 40
16.0
 40
16.0
 40
17.0
 40
17.0
 40
17.0
 40
18.0
 40
18.0
 40
18.0
 40
19.0
 40
19.0
 40
19.0
 40
20.0
 40
20.0
 40
20.0
 40
28.5
 40
28.5
 40
28.5
 40
37.0
 40
37.0
 40
37.0
 40
45.5
 40
45.5
 40
45.5
 40
46.5
 40
46.5
 40
46.5
 40
47.5
 40
47.5
 40
47.5
 40
48.5
 40
48.5
 40
48.5
 40
49.5
 40
49.5
 40
49.5
 40
50.5
 40
50.5
 40
50.5
 40
51.5
 40
51.5
 40
51.5
 40
52.5
 40
52.5
 40
52.5
 40
53.5
 40
53.5
 40
53.5
 40
54.5
 40
54.5
 40
54.5
 40
55.5
 40
55.5
 40
55.5
 40
56.5
 40
56.5
 40
56.5
 40
57.5
 40
57.5
 40
57.5
 40
58.5
 40
58.5
 40
58.5
 40
59.5
 40
59.5
 40
59.5
 40
60.5
 40
60.5
 40
60.5
 40
61.5
 40
61.5
 40
61.5
 40
62.5
 40
62.5
 40
62.5
 40
63.5
 40
63.5
 40
63.5
 40
64.5
 40
64.5
 40
64.5
 40
65.5
 40
65.5
 40
65.5
 40
66.5
 40
66.5
 40
66.5
 40
67.5
 40
67.5
 40
67.5
 40
68.5
 40
68.5
 40
68.5
 40
69.5
 40
69.5
 40
69.5
 40
70.5
 40
70.5
 40
70.5
 40
71.5
 40
71.5
 40
71.5
 40
72.5
 40
72.5
 40
72.5
 40
73.5
 40
73.5
 40
73.5
 40
74.5
 40
74.5
 40
74.5
 40
75.5
 40
75.5
 40
75.5
 40
76.5
 40
76.5
 40
76.5
 40
77.5
 40
77.5
 40
77.5
 40
78.5
 40
78.5
 40
78.5
 40
79.5
 40
79.5
 40
79.5
 40
80.5
 40
80.5
 40
80.5
 40
81.5
 40
81.5
 40
81.5
 40
82.5
 40
82.5
 40
82.5
 40
83.5
 40
83.5
 40
83.5
 40
84.5
 40
84.5
 40
84.5
 40
93.0
 40
93.0
 40
93.0
 40
101.5
 40
101.5
 40
101.5
 40
110.0
 40
110.0
 40
110.0
 40
111.0
 40
111.0
 40
111.0
 40
112.0
 40
112.0
 40
112.0
 40
113.0
 40
113.0
 40
113.0
 40
114.0
 40
114.0
 40
114.0
 40
115.0
 40
115.0
 40
115.0
 40
116.0
 40
116.0
 40
116.0
 40
117.0
 40
117.0
 40
117.0
 40
118.0
 40
118.0
 40
118.0
 40
119.0
 40
119.0
 40
119.0
 40
120.0
 40
120.0
 40
120.0
 40
121.0
 40
121.0
 40
121.0
 40
122.0
 40
122.0
 40
122.0
 40
123.0
 40
123.0
 40
123.0
 40
124.0
 40
124.0
 40
124.0
 40
125.0
 40
125.0
 40
125.0
 40
126.0
 40
126.0
 40
126.0
 40
127.0
 40
127.0
 40
127.0
 40
128.0
 40
128.0
 40
128.0
 40
129.0
 40
129.0
 40
129.0
 40
130.0
 40
130.0
 40
130.0
 40
130.0
 10
27.03113861111111
 20
203.8233583333333
 30
0.0
 10
28.77386083333333
 20
204.6171083333333
 30
0.0
 10
29.92744416666666
 20
206.6032472222222
 30
0.0
 10
30.66122194444444
 20
207.2029694444444
 30
0.0
 10
31.94533305555555
 20
208.2507194444444
 30
0.0
 10
32.22049972222221
 20
207.8697194444445
 30
0.0
 10
31.56786083333333
 20
210.5543583333333
 30
0.0
 10
30.91522194444444
 20
213.242525
 30
0.0
 10
33.85738861111111
 20
211.6585527777778
 30
0.0
 10
34.84516638888888
 20
216.2940527777778
 30
0.0
 10
35.27202749999999
 20
218.3084138888889
 30
0.0
 10
36.10458305555555
 20
218.3683861111111
 30
0.0
 10
36.74663861111111
 20
218.4424694444445
 30
0.0
 10
36.79955527777777
 20
218.449525
 30
0.0
 10
36.84894416666666
 20
218.4530527777778
 30
0.0
 10
36.89480527777777
 20
218.4601083333333
 30
0.0
 10
37.57213861111111
 20
218.5236083333333
 30
0.0
 10
37.80849972222222
 20
218.417775
 30
0.0
 10
38.16833305555556
 20
218.1919972222222
 30
0.0
 10
38.7962775
 20
217.7968861111111
 30
0.0
 10
39.13494416666666
 20
217.4546916666667
 30
0.0
 10
39.85813861111111
 20
216.2764138888889
 30
0.0
 10
40.57780527777777
 20
215.1016638888889
 30
0.0
 10
40.94116638888888
 20
214.4102194444444
 30
0.0
 10
41.12108305555555
 20
214.1174138888889
 30
0.0
 10
41.64213583333333
 20
213.26475
 30
0.0
 10
42.16283583333333
 20
212.4124388888889
 30
0.0
 10
42.6838886111111
 20
211.559775
 30
0.0
 10
43.53655249999999
 20
212.0808277777778
 30
0.0
 10
44.38886361111111
 20
212.6015277777778
 30
0.0
 10
45.24152749999999
 20
213.1225805555556
 30
0.0
 10
44.72047472222222
 20
213.9752444444445
 30
0.0
 10
44.19977472222222
 20
214.8275555555556
 30
0.0
 10
43.67872194444444
 20
215.6802194444444
 30
0.0
 10
43.49880527777777
 20
215.973025
 30
0.0
 10
43.0507775
 20
216.6150805555556
 30
0.0
 10
42.33111083333333
 20
217.7933583333333
 30
0.0
 10
41.61144416666667
 20
218.9681083333333
 30
0.0
 10
41.40683305555555
 20
220.1569694444444
 30
0.0
 10
41.45622194444444
 20
220.1887194444444
 30
0.0
 10
41.68199972222222
 20
224.799525
 30
0.0
 10
47.06186083333333
 20
213.1225805555556
 30
0.0
 10
47.06186083333333
 20
220.3651083333333
 30
0.0
 10
47.06186083333333
 20
222.9227472222222
 30
0.0
 10
41.32922194444444
 20
225.1134972222222
 30
0.0
 10
42.89202749999999
 20
228.7400527777778
 30
0.0
 10
44.45483305555555
 20
232.3595527777778
 30
0.0
 10
43.36122194444444
 20
229.4209138888889
 30
0.0
 10
45.26269416666666
 20
227.2689694444445
 30
0.0
 10
47.02658305555555
 20
225.2651916666667
 30
0.0
 10
48.96333305555555
 20
230.2428861111111
 30
0.0
 10
49.5736386111111
 20
228.5636638888889
 30
0.0
 10
49.6230275
 20
228.5636638888889
 30
0.0
 10
50.07458305555554
 20
227.4453583333333
 30
0.0
 10
50.07458305555554
 20
226.0589416666666
 30
0.0
 10
50.07458305555554
 20
224.6760527777778
 30
0.0
 10
50.02519416666666
 20
223.9034694444444
 30
0.0
 10
50.02519416666666
 20
223.5577472222222
 30
0.0
 10
50.02519416666666
 20
222.5582101851852
 30
0.0
 10
50.02519416666666
 20
221.5586731481482
 30
0.0
 10
50.02519416666666
 20
220.5591361111111
 30
0.0
 10
51.0247312037037
 20
220.5591361111111
 30
0.0
 10
52.02426824074073
 20
220.5591361111111
 30
0.0
 10
53.02380527777777
 20
220.5591361111111
 30
0.0
 10
53.02380527777777
 20
221.5586731481482
 30
0.0
 10
53.02380527777777
 20
222.5582101851852
 30
0.0
 10
53.02380527777777
 20
223.5577472222222
 30
0.0
 10
53.02380527777777
 20
223.9034694444444
 30
0.0
 10
52.97441638888888
 20
224.6760527777778
 30
0.0
 10
52.97441638888888
 20
226.0589416666666
 30
0.0
 10
52.97441638888888
 20
227.4453583333333
 30
0.0
 10
53.41891638888888
 20
228.5636638888889
 30
0.0
 10
53.47536083333333
 20
228.5636638888889
 30
0.0
 10
54.08566638888887
 20
230.2428861111111
 30
0.0
 10
56.02241638888888
 20
225.2651916666667
 30
0.0
 10
57.78630527777777
 20
227.2689694444445
 30
0.0
 10
59.68777749999999
 20
229.4209138888889
 30
0.0
 10
58.59416638888889
 20
232.3595527777778
 30
0.0
 10
60.15697194444444
 20
228.7400527777778
 30
0.0
 10
61.71977749999999
 20
225.1134972222222
 30
0.0
 10
55.98713861111111
 20
222.9227472222222
 30
0.0
 10
55.98713861111111
 20
220.3651083333333
 30
0.0
 10
55.98713861111111
 20
213.1225805555556
 30
0.0
 10
61.36699972222222
 20
224.799525
 30
0.0
 10
61.5927775
 20
220.1887194444444
 30
0.0
 10
61.64216638888888
 20
220.1569694444444
 30
0.0
 10
61.43755527777778
 20
218.9681083333333
 30
0.0
 10
60.71788861111111
 20
217.7933583333333
 30
0.0
 10
59.99822194444444
 20
216.6150805555556
 30
0.0
 10
59.55019416666666
 20
215.973025
 30
0.0
 10
59.37027749999999
 20
215.6802194444444
 30
0.0
 10
58.84922472222222
 20
214.8275555555556
 30
0.0
 10
58.32852472222222
 20
213.9752444444445
 30
0.0
 10
57.80747194444444
 20
213.1225805555556
 30
0.0
 10
58.66013583333333
 20
212.6015277777778
 30
0.0
 10
59.51244694444443
 20
212.0808277777778
 30
0.0
 10
60.36511083333333
 20
211.559775
 30
0.0
 10
60.88616361111111
 20
212.4124388888889
 30
0.0
 10
61.40686361111111
 20
213.26475
 30
0.0
 10
61.92791638888888
 20
214.1174138888889
 30
0.0
 10
62.10783305555555
 20
214.4102194444444
 30
0.0
 10
62.47119416666666
 20
215.1016638888889
 30
0.0
 10
63.19086083333332
 20
216.2764138888889
 30
0.0
 10
63.91405527777777
 20
217.4546916666667
 30
0.0
 10
64.25272194444445
 20
217.7968861111111
 30
0.0
 10
64.88066638888888
 20
218.1919972222222
 30
0.0
 10
65.23697194444443
 20
218.417775
 30
0.0
 10
65.47686083333333
 20
218.5236083333333
 30
0.0
 10
66.15419416666667
 20
218.4601083333333
 30
0.0
 10
66.20005527777778
 20
218.4530527777778
 30
0.0
 10
66.24944416666666
 20
218.449525
 30
0.0
 10
66.30236083333332
 20
218.4424694444445
 30
0.0
 10
66.94441638888888
 20
218.3683861111111
 30
0.0
 10
67.77697194444443
 20
218.3084138888889
 30
0.0
 10
68.20383305555555
 20
216.2940527777778
 30
0.0
 10
69.19161083333333
 20
211.6585527777778
 30
0.0
 10
72.1337775
 20
213.242525
 30
0.0
 10
71.4811386111111
 20
210.5543583333333
 30
0.0
 10
70.82497194444444
 20
207.8697194444445
 30
0.0
 10
71.10366638888888
 20
208.2507194444444
 30
0.0
 10
72.38777749999998
 20
207.2029694444444
 30
0.0
 10
73.12155527777777
 20
206.6032472222222
 30
0.0
 10
74.26808305555555
 20
204.6241638888889
 30
0.0
 10
76.01080527777778
 20
203.8268861111111
 30
0.0
 10
78.15216638888889
 20
202.4686916666666
 30
0.0
 10
74.42330527777777
 20
201.0787472222222
 30
0.0
 10
73.70716638888888
 20
199.050275
 30
0.0
 10
73.2767775
 20
197.843775
 30
0.0
 10
72.76524972222221
 20
196.3233027777778
 30
0.0
 10
71.90094416666665
 20
196.2598027777778
 30
0.0
 10
71.48466638888888
 20
196.3268305555555
 30
0.0
 10
70.75088861111111
 20
196.6443305555555
 30
0.0
 10
70.36283305555556
 20
196.954775
 30
0.0
 10
70.30286083333333
 20
196.954775
 30
0.0
 10
69.59730527777778
 20
197.7520527777778
 30
0.0
 10
69.25158305555554
 20
198.9021083333333
 30
0.0
 10
68.89880527777777
 20
200.0627472222222
 30
0.0
 10
68.7506386111111
 20
200.7259694444444
 30
0.0
 10
68.66244416666666
 20
201.0117194444444
 30
0.0
 10
68.40844416666667
 20
201.8502722222222
 30
0.0
 10
68.15444416666665
 20
202.6884722222222
 30
0.0
 10
67.90044416666666
 20
203.527025
 30
0.0
 10
66.94441638888888
 20
203.2352777777778
 30
0.0
 10
65.9883886111111
 20
202.9438833333333
 30
0.0
 10
65.03236083333333
 20
202.6521361111111
 30
0.0
 10
65.28530249999999
 20
201.8149944444444
 30
0.0
 10
65.53789138888888
 20
200.9775
 30
0.0
 10
65.79083305555555
 20
200.1403583333333
 30
0.0
 10
65.87902749999999
 20
199.8546083333333
 30
0.0
 10
66.12244416666665
 20
199.2196083333334
 30
0.0
 10
66.47169416666667
 20
198.0589694444444
 30
0.0
 10
66.79624972222221
 20
197.0076916666667
 30
0.0
 10
66.68688861111112
 20
196.0375527777778
 30
0.0
 10
66.64102749999999
 20
195.8541083333333
 30
0.0
 10
66.51049972222222
 20
195.2790805555555
 30
0.0
 10
66.34469416666666
 20
195.0074416666667
 30
0.0
 10
65.75555527777777
 20
194.573525
 30
0.0
 10
64.47144416666666
 20
193.6351361111111
 30
0.0
 10
60.79549972222222
 20
191.5854972222222
 30
0.0
 10
60.7813886111111
 20
193.9738027777778
 30
0.0
 10
60.94366638888888
 20
194.8945527777778
 30
0.0
 10
60.69319416666666
 20
195.7906083333334
 30
0.0
 10
59.71599972222222
 20
196.6231638888889
 30
0.0
 10
59.38685805555555
 20
196.8030805555556
 30
0.0
 10
59.05736361111111
 20
196.9829972222222
 30
0.0
 10
58.72822194444444
 20
197.1629138888889
 30
0.0
 10
57.8286386111111
 20
197.7097194444444
 30
0.0
 10
59.34205527777778
 20
195.5789416666667
 30
0.0
 10
57.8286386111111
 20
193.8644416666667
 30
0.0
 10
56.51983305555556
 20
192.3792472222222
 30
0.0
 10
55.51794416666666
 20
194.8522194444445
 30
0.0
 10
54.51958305555555
 20
195.2049972222222
 30
0.0
 10
54.51605527777777
 20
195.208525
 30
0.0
 10
54.50899972222221
 20
195.208525
 30
0.0
 10
54.50547194444443
 20
195.2120527777778
 30
0.0
 10
54.24441638888889
 20
195.3319972222222
 30
0.0
 10
53.81049972222222
 20
196.0587194444444
 30
0.0
 10
53.47536083333333
 20
196.5631916666667
 30
0.0
 10
53.42597194444443
 20
196.5631916666667
 30
0.0
 10
52.97441638888888
 20
197.6814972222222
 30
0.0
 10
52.97441638888888
 20
199.0608583333333
 30
0.0
 10
52.97441638888888
 20
200.4437472222222
 30
0.0
 10
53.02380527777777
 20
201.2163305555556
 30
0.0
 10
53.02380527777777
 20
201.5620527777778
 30
0.0
 10
53.02380527777777
 20
202.5615898148148
 30
0.0
 10
53.02380527777777
 20
203.5611268518519
 30
0.0
 10
53.02380527777777
 20
204.5606638888889
 30
0.0
 10
52.02426824074073
 20
204.5606638888889
 30
0.0
 10
51.02473120370369
 20
204.5606638888889
 30
0.0
 10
50.02519416666666
 20
204.5606638888889
 30
0.0
 10
50.02519416666666
 20
203.5611268518519
 30
0.0
 10
50.02519416666666
 20
202.5615898148148
 30
0.0
 10
50.02519416666666
 20
201.5620527777778
 30
0.0
 10
50.02519416666666
 20
201.2163305555556
 30
0.0
 10
50.07458305555554
 20
200.4437472222222
 30
0.0
 10
50.07458305555554
 20
199.0608583333333
 30
0.0
 10
50.07458305555554
 20
197.6814972222222
 30
0.0
 10
49.63008305555555
 20
196.5631916666667
 30
0.0
 10
49.5736386111111
 20
196.5631916666667
 30
0.0
 10
49.24202749999999
 20
196.0587194444444
 30
0.0
 10
48.80811083333333
 20
195.3319972222222
 30
0.0
 10
48.5435275
 20
195.2120527777778
 30
0.0
 10
48.53999972222222
 20
195.208525
 30
0.0
 10
48.53294416666666
 20
195.208525
 30
0.0
 10
48.52941638888888
 20
195.2049972222222
 30
0.0
 10
47.53105527777777
 20
194.8522194444445
 30
0.0
 10
46.52916638888888
 20
192.3792472222222
 30
0.0
 10
45.21683305555555
 20
193.8644416666667
 30
0.0
 10
43.70694416666666
 20
195.5789416666667
 30
0.0
 10
45.21683305555555
 20
197.7097194444444
 30
0.0
 10
44.3207775
 20
197.1629138888889
 30
0.0
 10
43.99163583333333
 20
196.9829972222222
 30
0.0
 10
43.66214138888888
 20
196.8030805555556
 30
0.0
 10
43.33299972222222
 20
196.6231638888889
 30
0.0
 10
42.35580527777778
 20
195.7906083333334
 30
0.0
 10
42.10533305555555
 20
194.8945527777778
 30
0.0
 10
42.26761083333333
 20
193.9738027777778
 30
0.0
 10
42.25349972222222
 20
191.5854972222222
 30
0.0
 10
38.57755527777778
 20
193.6351361111111
 30
0.0
 10
37.29344416666667
 20
194.573525
 30
0.0
 10
36.70430527777778
 20
195.0074416666667
 30
0.0
 10
36.53849972222222
 20
195.2790805555555
 30
0.0
 10
36.40444416666666
 20
195.8541083333333
 30
0.0
 10
36.36211083333333
 20
196.0375527777778
 30
0.0
 10
36.25274972222222
 20
197.0076916666667
 30
0.0
 10
36.57730527777777
 20
198.0589694444444
 30
0.0
 10
36.92655527777777
 20
199.2196083333334
 30
0.0
 10
37.16997194444444
 20
199.8546083333333
 30
0.0
 10
37.25463861111111
 20
200.1403583333333
 30
0.0
 10
37.50863861111111
 20
200.9775
 30
0.0
 10
37.76263861111111
 20
201.8149944444444
 30
0.0
 10
38.01663861111111
 20
202.6521361111111
 30
0.0
 10
37.06061083333333
 20
202.9438833333333
 30
0.0
 10
36.10458305555555
 20
203.2352777777778
 30
0.0
 10
35.14855527777777
 20
203.527025
 30
0.0
 10
34.89455527777778
 20
202.6884722222222
 30
0.0
 10
34.64055527777778
 20
201.8502722222222
 30
0.0
 10
34.38655527777778
 20
201.0117194444444
 30
0.0
 10
34.29836083333333
 20
200.7259694444444
 30
0.0
 10
34.15019416666666
 20
200.0627472222222
 30
0.0
 10
33.79741638888888
 20
198.9021083333333
 30
0.0
 10
33.45169416666666
 20
197.7520527777778
 30
0.0
 10
32.74613861111111
 20
196.954775
 30
0.0
 10
32.68616638888889
 20
196.954775
 30
0.0
 10
32.29811083333333
 20
196.6443305555555
 30
0.0
 10
31.56080527777777
 20
196.3268305555555
 30
0.0
 10
31.1445275
 20
196.2598027777778
 30
0.0
 10
30.28374972222222
 20
196.3233027777778
 30
0.0
 10
29.77222194444444
 20
197.843775
 30
0.0
 10
29.34183305555555
 20
199.050275
 30
0.0
 10
28.62569416666666
 20
201.0787472222222
 30
0.0
 10
24.90036083333333
 20
202.4686916666666
 30
0.0
 10
27.03113861111111
 20
203.8233583333333
 30
0.0
  0
SPLINE
  5
E4
330
1F
100
AcDbEntity
  8
DEFAULT
 62
     1
100
AcDbSpline
210
0.0
220
0.0
230
1.0
 70
    11
 71
     3
 72
    17
 73
    13
 74
     0
 42
0.000000001
 43
0.0000000001
 40
0.0
 40
0.0
 40
0.0
 40
0.0
 40
1.0
 40
1.0
 40
1.0
 40
2.0
 40
2.0
 40
2.0
 40
3.0
 40
3.0
 40
3.0
 40
4.0
 40
4.0
 40
4.0
 40
4.0
 10
50.56483833333333
 20
262.6162444444444
 30
0.0
 10
49.29836611111111
 20
261.3497722222222
 30
0.0
 10
47.24519944444445
 20
261.3497722222222
 30
0.0
 10
45.97519944444445
 20
262.6162444444444
 30
0.0
 10
44.70519944444445
 20
263.8897722222222
 30
0.0
 10
45.98931055555556
 20
265.1527166666667
 30
0.0
 10
47.25578277777778
 20
266.4156611111111
 30
0.0
 10
48.52578277777778
 20
267.6856611111111
 30
0.0
 10
49.29836611111111
 20
268.4794111111111
 30
0.0
 10
50.57189388888889
 20
267.2094111111111
 30
0.0
 10
51.84189388888889
 20
265.9429388888888
 30
0.0
 10
51.84189388888889
 20
263.8897722222222
 30
0.0
 10
50.56483833333333
 20
262.6162444444444
 30
0.0
  0
SPLINE
  5
E5
330
1F
100
AcDbEntity
  8
DEFAULT
 62
     1
100
AcDbSpline
210
0.0
220
0.0
230
1.0
 70
    11
 71
     3
 72
    17
 73
    13
 74
     0
 42
0.000000001
 43
0.0000000001
 40
0.0
 40
0.0
 40
0.0
 40
0.0
 40
1.0
 40
1.0
 40
1.0
 40
2.0
 40
2.0
 40
2.0
 40
3.0
 40
3.0
 40
3.0
 40
4.0
 40
4.0
 40
4.0
 40
4.0
 10
33.63856055555555
 20
262.6162444444444
 30
0.0
 10
32.37208833333332
 20
261.3497722222222
 30
0.0
 10
30.31892166666666
 20
261.3497722222222
 30
0.0
 10
29.04892166666666
 20
262.6197722222222
 30
0.0
 10
27.77892166666666
 20
263.8897722222222
 30
0.0
 10
27.77892166666666
 20
265.9429388888888
 30
0.0
 10
29.04892166666666
 20
267.2094111111111
 30
0.0
 10
30.31892166666666
 20
268.4794111111111
 30
0.0
 10
31.21144944444444
 20
267.9149666666666
 30
0.0
 10
32.48144944444444
 20
266.6449666666666
 30
0.0
 10
33.75497722222222
 20
265.3749666666666
 30
0.0
 10
34.91208833333333
 20
263.8897722222222
 30
0.0
 10
33.63856055555555
 20
262.6162444444444
 30
0.0
  0
SPLINE
  5
E6
330
1F
100
AcDbEntity
  8
DEFAULT
 62
     1
100
AcDbSpline
210
0.0
220
0.0
230
1.0
 70
    11
 71
     3
 72
    80
 73
    76
 74
     0
 42
0.000000001
 43
0.0000000001
 40
1.0
 40
1.0
 40
1.0
 40
1.0
 40
2.0
 40
2.0
 40
2.0
 40
3.0
 40
3.0
 40
3.0
 40
4.0
 40
4.0
 40
4.0
 40
5.0
 40
5.0
 40
5.0
 40
6.0
 40
6.0
 40
6.0
 40
7.0
 40
7.0
 40
7.0
 40
8.0
 40
8.0
 40
8.0
 40
9.0
 40
9.0
 40
9.0
 40
10.0
 40
10.0
 40
10.0
 40
11.0
 40
11.0
 40
11.0
 40
12.0
 40
12.0
 40
12.0
 40
13.0
 40
13.0
 40
13.0
 40
14.0
 40
14.0
 40
14.0
 40
19.65999999999997
 40
19.65999999999997
 40
19.65999999999997
 40
28.15999999999997
 40
28.15999999999997
 40
28.15999999999997
 40
33.81999999999994
 40
33.81999999999994
 40
33.81999999999994
 40
34.81999999999994
 40
34.81999999999994
 40
34.81999999999994
 40
35.81999999999994
 40
35.81999999999994
 40
35.81999999999994
 40
36.81999999999994
 40
36.81999999999994
 40
36.81999999999994
 40
37.81999999999994
 40
37.81999999999994
 40
37.81999999999994
 40
38.81999999999994
 40
38.81999999999994
 40
38.81999999999994
 40
39.81999999999994
 40
39.81999999999994
 40
39.81999999999994
 40
40.81999999999994
 40
40.81999999999994
 40
40.81999999999994
 40
41.81999999999994
 40
41.81999999999994
 40
41.81999999999994
 40
42.81999999999994
 40
42.81999999999994
 40
42.81999999999994
 40
42.81999999999994
 10
53.665755
 20
268.2465777777778
 30
0.0
 10
55.30969944444444
 20
269.7141333333333
 30
0.0
 10
52.62506055555556
 20
273.5488277777778
 30
0.0
 10
52.62506055555556
 20
273.5488277777778
 30
0.0
 10
51.72194944444444
 20
270.1621611111111
 30
0.0
 10
44.21836611111111
 20
273.3794944444444
 30
0.0
 10
39.64989388888889
 20
269.7176611111111
 30
0.0
 10
35.08142166666666
 20
273.3759666666666
 30
0.0
 10
27.58136611111111
 20
270.1621611111111
 30
0.0
 10
26.678255
 20
273.5488277777778
 30
0.0
 10
26.678255
 20
273.5488277777778
 30
0.0
 10
23.99361611111111
 20
269.7141333333333
 30
0.0
 10
25.63403277777778
 20
268.2465777777778
 30
0.0
 10
22.91764388888889
 20
266.6308555555555
 30
0.0
 10
21.62647722222222
 20
264.8175777777777
 30
0.0
 10
21.73231055555556
 20
261.1874944444444
 30
0.0
 10
21.74289388888889
 20
260.9793555555555
 30
0.0
 10
21.80992166666667
 20
260.81355
 30
0.0
 10
22.02158833333333
 20
261.1874944444444
 30
0.0
 10
22.32497722222222
 20
261.7237166666666
 30
0.0
 10
22.96703277777778
 20
262.46455
 30
0.0
 10
24.32522722222222
 20
262.8702444444444
 30
0.0
 10
24.37108833333333
 20
261.3462444444444
 30
0.0
 10
22.70597722222222
 20
259.5894111111111
 30
0.0
 10
22.03217166666667
 20
256.4108833333333
 30
0.0
 10
21.98631055555555
 20
256.1956888888889
 30
0.0
 10
22.296755
 20
255.8746611111111
 30
0.0
 10
22.50489388888889
 20
255.9381611111111
 30
0.0
 10
24.37461611111111
 20
256.5026055555555
 30
0.0
 10
27.04867166666666
 20
256.94005
 30
0.0
 10
29.73683833333333
 20
257.0494111111111
 30
0.0
 10
32.74956055555555
 20
257.1728833333333
 30
0.0
 10
35.78697722222222
 20
256.8906611111111
 30
0.0
 10
37.74842166666667
 20
255.92405
 30
0.0
 10
37.8048661111111
 20
255.92405
 30
0.0
 10
38.24936611111111
 20
257.0423555555556
 30
0.0
 10
38.24936611111111
 20
258.4252444444444
 30
0.0
 10
38.24936611111111
 20
259.8081333333333
 30
0.0
 10
38.19997722222222
 20
260.5842444444444
 30
0.0
 10
38.19997722222222
 20
260.9264388888889
 30
0.0
 10
38.19997722222222
 20
261.592012962963
 30
0.0
 10
38.19997722222222
 20
262.257587037037
 30
0.0
 10
38.19997722222222
 20
262.9231611111111
 30
0.0
 10
39.19951425925925
 20
262.9231611111111
 30
0.0
 10
40.19905129629629
 20
262.9231611111111
 30
0.0
 10
41.19858833333333
 20
262.9231611111111
 30
0.0
 10
41.19858833333333
 20
262.257587037037
 30
0.0
 10
41.19858833333333
 20
261.592012962963
 30
0.0
 10
41.19858833333333
 20
260.9264388888889
 30
0.0
 10
41.19858833333333
 20
260.5842444444444
 30
0.0
 10
41.14919944444445
 20
259.8046055555556
 30
0.0
 10
41.15272722222222
 20
258.4252444444444
 30
0.0
 10
41.15272722222222
 20
257.0423555555556
 30
0.0
 10
41.600755
 20
255.92405
 30
0.0
 10
41.65367166666667
 20
255.92405
 30
0.0
 10
43.60806055555555
 20
256.8871333333333
 30
0.0
 10
46.60314388888888
 20
257.1728833333333
 30
0.0
 10
49.58058833333332
 20
257.0494111111111
 30
0.0
 10
52.25817166666666
 20
256.9435777777778
 30
0.0
 10
54.92164388888889
 20
256.5026055555555
 30
0.0
 10
56.80194944444444
 20
255.9381611111111
 30
0.0
 10
57.01008833333333
 20
255.8746611111111
 30
0.0
 10
57.31700499999999
 20
256.1956888888889
 30
0.0
 10
57.27114388888889
 20
256.4038277777777
 30
0.0
 10
56.6008661111111
 20
259.5894111111111
 30
0.0
 10
54.93222722222222
 20
261.3462444444444
 30
0.0
 10
54.97808833333333
 20
262.8702444444444
 30
0.0
 10
56.33628277777777
 20
262.46455
 30
0.0
 10
56.98186611111111
 20
261.7237166666666
 30
0.0
 10
57.28525499999999
 20
261.1874944444444
 30
0.0
 10
57.48986611111111
 20
260.81355
 30
0.0
 10
57.56394944444445
 20
260.9793555555555
 30
0.0
 10
57.56747722222222
 20
261.1874944444444
 30
0.0
 10
57.68036611111111
 20
264.8175777777777
 30
0.0
 10
56.38919944444444
 20
266.6308555555555
 30
0.0
 10
53.665755
 20
268.2465777777778
 30
0.0
  0
SPLINE
  5
E7
330
1F
100
AcDbEntity
  8
DEFAULT
 62
     1
100
AcDbSpline
210
0.0
220
0.0
230
1.0
 70
    11
 71
     3
 72
    98
 73
    94
 74
     0
 42
0.000000001
 43
0.0000000001
 40
1.0
 40
1.0
 40
1.0
 40
1.0
 40
2.0
 40
2.0
 40
2.0
 40
3.0
 40
3.0
 40
3.0
 40
4.0
 40
4.0
 40
4.0
 40
9.659999999999968
 40
9.659999999999968
 40
9.659999999999968
 40
18.15999999999997
 40
18.15999999999997
 40
18.15999999999997
 40
23.81999999999994
 40
23.81999999999994
 40
23.81999999999994
 40
24.81999999999994
 40
24.81999999999994
 40
24.81999999999994
 40
25.81999999999994
 40
25.81999999999994
 40
25.81999999999994
 40
26.81999999999994
 40
26.81999999999994
 40
26.81999999999994
 40
27.81999999999994
 40
27.81999999999994
 40
27.81999999999994
 40
28.81999999999994
 40
28.81999999999994
 40
28.81999999999994
 40
34.49000000000001
 40
34.49000000000001
 40
34.49000000000001
 40
42.99000000000001
 40
42.99000000000001
 40
42.99000000000001
 40
48.66000000000008
 40
48.66000000000008
 40
48.66000000000008
 40
49.66000000000008
 40
49.66000000000008
 40
49.66000000000008
 40
50.66000000000008
 40
50.66000000000008
 40
50.66000000000008
 40
51.66000000000008
 40
51.66000000000008
 40
51.66000000000008
 40
52.66000000000008
 40
52.66000000000008
 40
52.66000000000008
 40
53.66000000000008
 40
53.66000000000008
 40
53.66000000000008
 40
59.32000000000016
 40
59.32000000000016
 40
59.32000000000016
 40
67.82000000000016
 40
67.82000000000016
 40
67.82000000000016
 40
73.48000000000025
 40
73.48000000000025
 40
73.48000000000025
 40
74.48000000000025
 40
74.48000000000025
 40
74.48000000000025
 40
75.48000000000025
 40
75.48000000000025
 40
75.48000000000025
 40
76.48000000000025
 40
76.48000000000025
 40
76.48000000000025
 40
77.48000000000025
 40
77.48000000000025
 40
77.48000000000025
 40
78.48000000000025
 40
78.48000000000025
 40
78.48000000000025
 40
79.48000000000025
 40
79.48000000000025
 40
79.48000000000025
 40
80.48000000000025
 40
80.48000000000025
 40
80.48000000000025
 40
81.48000000000025
 40
81.48000000000025
 40
81.48000000000025
 40
82.48000000000025
 40
82.48000000000025
 40
82.48000000000025
 40
82.48000000000025
 10
105.4462655555556
 20
263.1600161111111
 30
0.0
 10
105.4462655555556
 20
257.2580438888889
 30
0.0
 10
104.89946
 20
257.2545161111111
 30
0.0
 10
102.4688211111111
 20
257.2545161111111
 30
0.0
 10
102.4159044444445
 20
257.2545161111111
 30
0.0
 10
101.9643488888889
 20
258.3728216666667
 30
0.0
 10
101.9643488888889
 20
259.7557105555555
 30
0.0
 10
101.9643488888889
 20
261.1385994444444
 30
0.0
 10
102.0137377777778
 20
261.9147105555555
 30
0.0
 10
102.0137377777778
 20
262.256905
 30
0.0
 10
102.0137377777778
 20
262.9224790740741
 30
0.0
 10
102.0137377777778
 20
263.5880531481482
 30
0.0
 10
102.0137377777778
 20
264.2536272222222
 30
0.0
 10
101.0142007407407
 20
264.2536272222222
 30
0.0
 10
100.0146637037037
 20
264.2536272222222
 30
0.0
 10
99.01512666666666
 20
264.2536272222222
 30
0.0
 10
99.01512666666666
 20
263.5880531481482
 30
0.0
 10
99.01512666666666
 20
262.9224790740741
 30
0.0
 10
99.01512666666666
 20
262.256905
 30
0.0
 10
99.01512666666666
 20
261.9147105555555
 30
0.0
 10
99.06451555555556
 20
261.1385994444444
 30
0.0
 10
99.06451555555556
 20
259.7557105555555
 30
0.0
 10
99.06451555555556
 20
258.3728216666667
 30
0.0
 10
98.62001555555554
 20
257.2545161111111
 30
0.0
 10
98.56357111111112
 20
257.2545161111111
 30
0.0
 10
97.65693222222222
 20
257.1839605555555
 30
0.0
 10
95.69901555555555
 20
257.1663216666666
 30
0.0
 10
94.57365444444444
 20
257.1592661111111
 30
0.0
 10
94.52073777777778
 20
257.1592661111111
 30
0.0
 10
94.07270999999999
 20
258.2775716666666
 30
0.0
 10
94.07270999999999
 20
259.6604605555556
 30
0.0
 10
94.07270999999999
 20
261.0433494444445
 30
0.0
 10
94.12209888888887
 20
261.8194605555556
 30
0.0
 10
94.12209888888887
 20
262.161655
 30
0.0
 10
94.12209888888886
 20
262.828405
 30
0.0
 10
94.12209888888886
 20
263.495155
 30
0.0
 10
94.12209888888887
 20
264.161905
 30
0.0
 10
93.12256185185184
 20
264.161905
 30
0.0
 10
92.12302481481481
 20
264.161905
 30
0.0
 10
91.12348777777777
 20
264.161905
 30
0.0
 10
91.12348777777777
 20
263.495155
 30
0.0
 10
91.12348777777777
 20
262.828405
 30
0.0
 10
91.12348777777777
 20
262.161655
 30
0.0
 10
91.12348777777777
 20
261.8194605555556
 30
0.0
 10
91.16934888888889
 20
261.0433494444445
 30
0.0
 10
91.16934888888889
 20
259.6604605555556
 30
0.0
 10
91.16934888888889
 20
258.2775716666666
 30
0.0
 10
90.72484888888889
 20
257.1592661111111
 30
0.0
 10
90.66840444444445
 20
257.1592661111111
 30
0.0
 10
89.58184888888889
 20
257.1663216666666
 30
0.0
 10
87.65215444444445
 20
257.1874883333334
 30
0.0
 10
86.76668222222223
 20
257.2509883333333
 30
0.0
 10
86.71376555555555
 20
257.2509883333333
 30
0.0
 10
86.26573777777777
 20
258.3692938888889
 30
0.0
 10
86.26573777777777
 20
259.7521827777778
 30
0.0
 10
86.26573777777777
 20
261.1350716666666
 30
0.0
 10
86.31512666666667
 20
261.9111827777778
 30
0.0
 10
86.31512666666667
 20
262.2533772222222
 30
0.0
 10
86.31512666666667
 20
262.9189512962963
 30
0.0
 10
86.31512666666667
 20
263.5845253703704
 30
0.0
 10
86.31512666666667
 20
264.2500994444445
 30
0.0
 10
85.31558962962964
 20
264.2500994444445
 30
0.0
 10
84.3160525925926
 20
264.2500994444445
 30
0.0
 10
83.31651555555555
 20
264.2500994444445
 30
0.0
 10
83.31651555555555
 20
263.5845253703704
 30
0.0
 10
83.31651555555555
 20
262.9189512962963
 30
0.0
 10
83.31651555555555
 20
262.2533772222222
 30
0.0
 10
83.31651555555555
 20
261.9111827777778
 30
0.0
 10
83.36590444444444
 20
261.1350716666666
 30
0.0
 10
83.36590444444444
 20
259.7521827777778
 30
0.0
 10
83.36590444444444
 20
258.3692938888889
 30
0.0
 10
82.92140444444445
 20
257.2509883333333
 30
0.0
 10
82.86496
 20
257.2509883333333
 30
0.0
 10
79.34423777777778
 20
257.2509883333333
 30
0.0
 10
79.79579333333334
 20
257.1627938888889
 30
0.0
 10
79.79579333333334
 20
263.1600161111111
 30
0.0
 10
79.79579333333334
 20
268.2047383333333
 30
0.0
 10
80.4660711111111
 20
272.1205716666666
 30
0.0
 10
82.69915444444443
 20
272.2863772222222
 30
0.0
 10
85.71187666666667
 20
272.4098494444444
 30
0.0
 10
88.74929333333334
 20
272.1276272222222
 30
0.0
 10
90.71073777777778
 20
271.1610161111111
 30
0.0
 10
91.38101555555555
 20
270.829405
 30
0.0
 10
91.56093222222222
 20
271.4890994444444
 30
0.0
 10
92.61221
 20
271.4890994444444
 30
0.0
 10
93.66348777777779
 20
271.4890994444444
 30
0.0
 10
93.94218222222221
 20
270.829405
 30
0.0
 10
94.61598777777778
 20
271.1610161111111
 30
0.0
 10
96.57037666666665
 20
272.1240994444444
 30
0.0
 10
99.56545999999999
 20
272.4098494444444
 30
0.0
 10
102.5429044444444
 20
272.2863772222222
 30
0.0
 10
104.7759877777778
 20
272.1205716666666
 30
0.0
 10
105.4462655555556
 20
268.2047383333333
 30
0.0
 10
105.4462655555556
 20
263.1600161111111
 30
0.0
  0
SPLINE
  5
E8
330
1F
100
AcDbEntity
  8
DEFAULT
 62
     1
100
AcDbSpline
210
0.0
220
0.0
230
1.0
 70
    11
 71
     3
 72
   170
 73
   166
 74
     0
 42
0.000000001
 43
0.0000000001
 40
1.0
 40
1.0
 40
1.0
 40
1.0
 40
2.0
 40
2.0
 40
2.0
 40
3.0
 40
3.0
 40
3.0
 40
4.0
 40
4.0
 40
4.0
 40
5.0
 40
5.0
 40
5.0
 40
6.0
 40
6.0
 40
6.0
 40
7.0
 40
7.0
 40
7.0
 40
8.0
 40
8.0
 40
8.0
 40
9.0
 40
9.0
 40
9.0
 40
10.0
 40
10.0
 40
10.0
 40
11.0
 40
11.0
 40
11.0
 40
12.0
 40
12.0
 40
12.0
 40
13.0
 40
13.0
 40
13.0
 40
14.0
 40
14.0
 40
14.0
 40
15.0
 40
15.0
 40
15.0
 40
16.0
 40
16.0
 40
16.0
 40
17.0
 40
17.0
 40
17.0
 40
18.0
 40
18.0
 40
18.0
 40
19.0
 40
19.0
 40
19.0
 40
20.0
 40
20.0
 40
20.0
 40
21.0
 40
21.0
 40
21.0
 40
22.0
 40
22.0
 40
22.0
 40
23.0
 40
23.0
 40
23.0
 40
24.0
 40
24.0
 40
24.0
 40
25.0
 40
25.0
 40
25.0
 40
26.0
 40
26.0
 40
26.0
 40
27.0
 40
27.0
 40
27.0
 40
28.0
 40
28.0
 40
28.0
 40
29.0
 40
29.0
 40
29.0
 40
30.0
 40
30.0
 40
30.0
 40
31.0
 40
31.0
 40
31.0
 40
32.0
 40
32.0
 40
32.0
 40
33.0
 40
33.0
 40
33.0
 40
34.0
 40
34.0
 40
34.0
 40
35.0
 40
35.0
 40
35.0
 40
36.0
 40
36.0
 40
36.0
 40
37.0
 40
37.0
 40
37.0
 40
38.0
 40
38.0
 40
38.0
 40
39.0
 40
39.0
 40
39.0
 40
40.0
 40
40.0
 40
40.0
 40
41.0
 40
41.0
 40
41.0
 40
42.0
 40
42.0
 40
42.0
 40
43.0
 40
43.0
 40
43.0
 40
44.0
 40
44.0
 40
44.0
 40
45.0
 40
45.0
 40
45.0
 40
46.0
 40
46.0
 40
46.0
 40
47.0
 40
47.0
 40
47.0
 40
48.0
 40
48.0
 40
48.0
 40
49.0
 40
49.0
 40
49.0
 40
50.0
 40
50.0
 40
50.0
 40
51.0
 40
51.0
 40
51.0
 40
52.0
 40
52.0
 40
52.0
 40
53.0
 40
53.0
 40
53.0
 40
54.0
 40
54.0
 40
54.0
 40
55.0
 40
55.0
 40
55.0
 40
56.0
 40
56.0
 40
56.0
 40
56.0
 10
34.454465
 20
139.9042230555555
 30
0.0
 10
32.51418722222222
 20
138.1085841666666
 30
0.0
 10
29.74840944444444
 20
138.6165841666667
 30
0.0
 10
19.82477055555556
 20
134.7677786111111
 30
0.0
 10
17.73985388888889
 20
134.6372508333333
 30
0.0
 10
15.67610388888889
 20
137.7452230555555
 30
0.0
 10
15.16810388888889
 20
141.8198063888889
 30
0.0
 10
14.69890944444444
 20
142.8463897222222
 30
0.0
 10
14.46607611111111
 20
144.2186952777778
 30
0.0
 10
14.47665944444444
 20
145.0300841666666
 30
0.0
 10
14.483715
 20
145.4498897222222
 30
0.0
 10
15.01993722222222
 20
145.2417508333333
 30
0.0
 10
15.17515944444444
 20
145.0230286111111
 30
0.0
 10
16.78029833333333
 20
142.7793619444444
 30
0.0
 10
17.48585388888889
 20
142.0103063888889
 30
0.0
 10
18.60063166666667
 20
142.1514175
 30
0.0
 10
26.90854833333333
 20
139.7384175
 30
0.0
 10
33.78418722222222
 20
147.5841952777778
 30
0.0
 10
33.025715
 20
151.4929730555556
 30
0.0
 10
32.97985388888888
 20
151.8517480555555
 30
0.0
 10
32.93399277777777
 20
152.2101702777777
 30
0.0
 10
32.88813166666667
 20
152.5689452777777
 30
0.0
 10
32.88813166666667
 20
152.6253897222222
 30
0.0
 10
33.93940944444444
 20
153.2039452777778
 30
0.0
 10
35.30818722222222
 20
153.3768063888889
 30
0.0
 10
36.68049277777778
 20
153.5461397222222
 30
0.0
 10
37.45660388888889
 20
153.5920008333333
 30
0.0
 10
37.79527055555555
 20
153.6343341666667
 30
0.0
 10
38.45743444444444
 20
153.7165313888889
 30
0.0
 10
39.11924555555555
 20
153.7990813888889
 30
0.0
 10
39.78140944444444
 20
153.8812786111111
 30
0.0
 10
39.65793722222222
 20
154.8736425
 30
0.0
 10
39.534465
 20
155.8663591666667
 30
0.0
 10
39.41099277777777
 20
156.8587230555555
 30
0.0
 10
38.75024
 20
156.7765258333333
 30
0.0
 10
38.08913444444444
 20
156.6939758333333
 30
0.0
 10
37.42838166666667
 20
156.6117786111111
 30
0.0
 10
37.089715
 20
156.5694452777778
 30
0.0
 10
36.32418722222222
 20
156.4248063888889
 30
0.0
 10
34.95188166666667
 20
156.2554730555555
 30
0.0
 10
33.57957611111111
 20
156.0861397222222
 30
0.0
 10
32.41540944444444
 20
156.3895286111111
 30
0.0
 10
32.40835388888889
 20
156.4459730555555
 30
0.0
 10
31.86860388888889
 20
156.4424452777778
 30
0.0
 10
29.27568722222222
 20
156.3366119444444
 30
0.0
 10
28.92290944444444
 20
156.2237230555555
 30
0.0
 10
28.56660388888889
 20
156.1037786111111
 30
0.0
 10
27.25074277777778
 20
155.4440841666666
 30
0.0
 10
26.12185388888889
 20
156.9398619444444
 30
0.0
 10
26.12185388888889
 20
156.9398619444444
 30
0.0
 10
24.548465
 20
155.0348619444444
 30
0.0
 10
24.58727055555556
 20
154.3998619444444
 30
0.0
 10
24.62254833333333
 20
153.7648619444444
 30
0.0
 10
22.85160388888889
 20
155.5216952777778
 30
0.0
 10
21.89557611111111
 20
156.7881675
 30
0.0
 10
20.91132611111111
 20
156.0438063888889
 30
0.0
 10
20.20929833333333
 20
155.5111119444444
 30
0.0
 10
20.73493722222222
 20
152.1491397222222
 30
0.0
 10
20.73493722222222
 20
152.1491397222222
 30
0.0
 10
18.94282611111111
 20
153.6731397222222
 30
0.0
 10
18.37132611111111
 20
155.2818063888889
 30
0.0
 10
15.89482611111111
 20
158.5555841666666
 30
0.0
 10
15.21043722222222
 20
162.2244730555555
 30
0.0
 10
16.79088166666667
 20
163.5861952777778
 30
0.0
 10
19.44377055555556
 20
165.2054452777778
 30
0.0
 10
23.90993722222222
 20
167.5796397222222
 30
0.0
 10
25.246965
 20
167.5055563888889
 30
0.0
 10
25.310465
 20
167.5055563888889
 30
0.0
 10
26.040715
 20
166.5530563888889
 30
0.0
 10
26.41465944444445
 20
165.2336675
 30
0.0
 10
26.79213166666667
 20
163.9036952777778
 30
0.0
 10
27.04965944444444
 20
162.8171397222222
 30
0.0
 10
27.04965944444444
 20
162.8171397222222
 30
0.0
 10
28.01168444444444
 20
163.0912480555555
 30
0.0
 10
28.97335666666666
 20
163.3650036111111
 30
0.0
 10
29.93538166666666
 20
163.6391119444444
 30
0.0
 10
29.93538166666666
 20
163.6391119444444
 30
0.0
 10
29.58260388888889
 20
164.6974452777777
 30
0.0
 10
29.20513166666667
 20
166.0274175
 30
0.0
 10
28.82765944444444
 20
167.3609175
 30
0.0
 10
28.95113166666667
 20
168.5533063888889
 30
0.0
 10
29.00404833333333
 20
168.5709452777778
 30
0.0
 10
40.68804833333333
 20
169.1212786111111
 30
0.0
 10
55.53293722222222
 20
171.4460841666666
 30
0.0
 10
61.26910388888888
 20
177.5279730555555
 30
0.0
 10
61.39257611111111
 20
177.6620286111111
 30
0.0
 10
61.81943722222221
 20
177.6761397222222
 30
0.0
 10
61.34318722222222
 20
176.8788619444444
 30
0.0
 10
58.76438166666666
 20
172.5573341666666
 30
0.0
 10
53.86782611111111
 20
170.0490841666666
 30
0.0
 10
46.45243722222222
 20
163.1487508333333
 30
0.0
 10
57.43088166666666
 20
166.4825008333333
 30
0.0
 10
68.33559555555554
 20
151.2918897222222
 30
0.0
 10
75.71535388888887
 20
152.9252508333333
 30
0.0
 10
81.05993722222222
 20
154.1105841666666
 30
0.0
 10
88.71168722222222
 20
165.8369175
 30
0.0
 10
84.13615944444444
 20
147.5453897222222
 30
0.0
 10
82.98963166666667
 20
142.9663341666667
 30
0.0
 10
85.95296499999999
 20
141.6187230555555
 30
0.0
 10
87.6815761111111
 20
137.6958341666667
 30
0.0
 10
87.6815761111111
 20
137.6887786111111
 30
0.0
 10
87.68510388888888
 20
137.6817230555555
 30
0.0
 10
87.68510388888888
 20
137.6781952777777
 30
0.0
 10
87.94968722222221
 20
137.0820008333333
 30
0.0
 10
88.18252055555556
 20
136.4187786111111
 30
0.0
 10
88.36949277777778
 20
135.6814730555555
 30
0.0
 10
88.56352055555554
 20
134.9194730555555
 30
0.0
 10
87.87913166666667
 20
134.4044175
 30
0.0
 10
87.24413166666666
 20
134.1998063888889
 30
0.0
 10
86.40099277777777
 20
134.1715841666666
 30
0.0
 10
85.09924277777777
 20
133.7059175
 30
0.0
 10
83.51527055555555
 20
133.1238341666666
 30
0.0
 10
81.07404833333332
 20
132.2101397222222
 30
0.0
 10
79.61742888888888
 20
133.2720008333333
 30
0.0
 10
79.61742888888888
 20
133.2720008333333
 30
0.0
 10
79.56415944444444
 20
133.2720008333333
 30
0.0
 10
79.15846499999999
 20
134.4079452777778
 30
0.0
 10
79.21138166666667
 20
135.7873063888889
 30
0.0
 10
79.2646511111111
 20
137.1701952777778
 30
0.0
 10
79.34190944444444
 20
137.9427786111111
 30
0.0
 10
79.35602055555555
 20
138.2849730555556
 30
0.0
 10
79.39376777777777
 20
139.2843925
 30
0.0
 10
79.43116222222221
 20
140.2841647222222
 30
0.0
 10
79.46890944444444
 20
141.2835841666667
 30
0.0
 10
78.47054833333333
 20
141.3213313888889
 30
0.0
 10
77.47218722222222
 20
141.3587258333333
 30
0.0
 10
76.47382611111111
 20
141.3964730555555
 30
0.0
 10
76.43502055555555
 20
140.3981119444444
 30
0.0
 10
76.39621499999998
 20
139.3997508333333
 30
0.0
 10
76.35740944444444
 20
138.4013897222222
 30
0.0
 10
76.3468261111111
 20
138.0556675
 30
0.0
 10
76.364465
 20
137.2795563888889
 30
0.0
 10
76.31154833333333
 20
135.9001952777778
 30
0.0
 10
76.25863166666666
 20
134.5208341666666
 30
0.0
 10
75.75063166666666
 20
133.4625008333333
 30
0.0
 10
75.71535388888887
 20
133.4201675
 30
0.0
 10
73.7115761111111
 20
132.7463619444444
 30
0.0
 10
73.04835388888888
 20
132.1007786111111
 30
0.0
 10
71.25624277777777
 20
132.1007786111111
 30
0.0
 10
71.252715
 20
132.1007786111111
 30
0.0
 10
71.24213166666667
 20
132.1043063888889
 30
0.0
 10
71.2350761111111
 20
132.1078341666666
 30
0.0
 10
71.24213166666667
 20
132.1053647222222
 30
0.0
 10
71.24918722222222
 20
132.1032480555555
 30
0.0
 10
71.25624277777777
 20
132.1007786111111
 30
0.0
 10
69.43590944444443
 20
132.5417508333333
 30
0.0
 10
69.41827055555555
 20
137.1878341666666
 30
0.0
 10
68.93849277777777
 20
140.9907786111111
 30
0.0
 10
68.65274277777777
 20
143.2626675
 30
0.0
 10
66.06688166666666
 20
143.7001119444444
 30
0.0
 10
66.47257611111111
 20
146.4165008333333
 30
0.0
 10
66.65602055555556
 20
148.3426675
 30
0.0
 10
59.31824277777778
 20
147.6300563888888
 30
0.0
 10
56.58774277777778
 20
148.3708897222222
 30
0.0
 10
52.94002055555556
 20
149.3621952777777
 30
0.0
 10
46.24782611111111
 20
150.9320563888889
 30
0.0
 10
45.17890944444444
 20
149.0164730555555
 30
0.0
 10
44.00063166666666
 20
146.9033341666666
 30
0.0
 10
43.01285388888889
 20
147.2349452777777
 30
0.0
 10
41.01613166666666
 20
144.1975286111111
 30
0.0
 10
40.06363166666667
 20
143.1568341666666
 30
0.0
 10
38.823265
 20
142.2844147222222
 30
0.0
 10
37.58713166666666
 20
142.1231952777778
 30
0.0
 10
36.84559277777777
 20
142.0265341666667
 30
0.0
 10
35.73152055555556
 20
141.2588897222222
 30
0.0
 10
34.454465
 20
139.9042230555555
 30
0.0
  0
SPLINE
  5
E9
330
1F
100
AcDbEntity
  8
DEFAULT
 62
     1
100
AcDbSpline
210
0.0
220
0.0
230
1.0
 70
    11
 71
     3
 72
   182
 73
   178
 74
     0
 42
0.000000001
 43
0.0000000001
 40
1.0
 40
1.0
 40
1.0
 40
1.0
 40
2.0
 40
2.0
 40
2.0
 40
3.0
 40
3.0
 40
3.0
 40
4.0
 40
4.0
 40
4.0
 40
5.0
 40
5.0
 40
5.0
 40
6.0
 40
6.0
 40
6.0
 40
7.0
 40
7.0
 40
7.0
 40
8.0
 40
8.0
 40
8.0
 40
9.0
 40
9.0
 40
9.0
 40
10.0
 40
10.0
 40
10.0
 40
11.0
 40
11.0
 40
11.0
 40
12.0
 40
12.0
 40
12.0
 40
13.0
 40
13.0
 40
13.0
 40
14.0
 40
14.0
 40
14.0
 40
15.0
 40
15.0
 40
15.0
 40
16.0
 40
16.0
 40
16.0
 40
17.0
 40
17.0
 40
17.0
 40
18.0
 40
18.0
 40
18.0
 40
26.49299999999999
 40
26.49299999999999
 40
26.49299999999999
 40
27.49299999999999
 40
27.49299999999999
 40
27.49299999999999
 40
28.49299999999999
 40
28.49299999999999
 40
28.49299999999999
 40
29.49299999999999
 40
29.49299999999999
 40
29.49299999999999
 40
30.49299999999999
 40
30.49299999999999
 40
30.49299999999999
 40
31.49299999999999
 40
31.49299999999999
 40
31.49299999999999
 40
32.49299999999999
 40
32.49299999999999
 40
32.49299999999999
 40
33.49299999999999
 40
33.49299999999999
 40
33.49299999999999
 40
34.49299999999999
 40
34.49299999999999
 40
34.49299999999999
 40
35.49299999999999
 40
35.49299999999999
 40
35.49299999999999
 40
36.49299999999999
 40
36.49299999999999
 40
36.49299999999999
 40
37.49299999999999
 40
37.49299999999999
 40
37.49299999999999
 40
38.49299999999999
 40
38.49299999999999
 40
38.49299999999999
 40
39.49299999999999
 40
39.49299999999999
 40
39.49299999999999
 40
40.49299999999999
 40
40.49299999999999
 40
40.49299999999999
 40
41.49299999999999
 40
41.49299999999999
 40
41.49299999999999
 40
42.49299999999999
 40
42.49299999999999
 40
42.49299999999999
 40
43.49299999999999
 40
43.49299999999999
 40
43.49299999999999
 40
44.49299999999999
 40
44.49299999999999
 40
44.49299999999999
 40
45.49299999999999
 40
45.49299999999999
 40
45.49299999999999
 40
46.49299999999999
 40
46.49299999999999
 40
46.49299999999999
 40
47.49299999999999
 40
47.49299999999999
 40
47.49299999999999
 40
48.49299999999999
 40
48.49299999999999
 40
48.49299999999999
 40
49.49299999999999
 40
49.49299999999999
 40
49.49299999999999
 40
50.49299999999999
 40
50.49299999999999
 40
50.49299999999999
 40
51.49299999999999
 40
51.49299999999999
 40
51.49299999999999
 40
52.49299999999999
 40
52.49299999999999
 40
52.49299999999999
 40
53.49299999999999
 40
53.49299999999999
 40
53.49299999999999
 40
54.49299999999999
 40
54.49299999999999
 40
54.49299999999999
 40
55.49299999999999
 40
55.49299999999999
 40
55.49299999999999
 40
56.49299999999999
 40
56.49299999999999
 40
56.49299999999999
 40
57.49299999999999
 40
57.49299999999999
 40
57.49299999999999
 40
58.49299999999999
 40
58.49299999999999
 40
58.49299999999999
 40
59.49299999999999
 40
59.49299999999999
 40
59.49299999999999
 40
60.49299999999999
 40
60.49299999999999
 40
60.49299999999999
 40
61.49299999999999
 40
61.49299999999999
 40
61.49299999999999
 40
62.49299999999999
 40
62.49299999999999
 40
62.49299999999999
 40
63.49299999999999
 40
63.49299999999999
 40
63.49299999999999
 40
64.493
 40
64.493
 40
64.493
 40
65.493
 40
65.493
 40
65.493
 40
66.493
 40
66.493
 40
66.493
 40
67.493
 40
67.493
 40
67.493
 40
67.493
 10
78.81962194444444
 20
51.19631055555556
 30
0.0
 10
78.72931083333333
 20
51.56954944444444
 30
0.0
 10
77.84630805555555
 20
56.27207722222222
 30
0.0
 10
76.16496916666667
 20
58.26562444444443
 30
0.0
 10
72.95610249999999
 20
62.06257166666666
 30
0.0
 10
62.96049694444444
 20
65.53637444444443
 30
0.0
 10
77.11464694444444
 20
62.187455
 30
0.0
 10
83.12915527777777
 20
60.76011611111111
 30
0.0
 10
86.55744972222222
 20
47.0758661111111
 30
0.0
 10
87.82321638888888
 20
42.70847722222222
 30
0.0
 10
89.54089138888888
 20
36.79451055555555
 30
0.0
 10
87.28452472222222
 20
27.85864944444445
 30
0.0
 10
83.13197749999999
 20
23.61826055555555
 30
0.0
 10
81.79106916666666
 20
22.24983555555556
 30
0.0
 10
80.14218583333333
 20
19.86893833333333
 30
0.0
 10
78.17262749999999
 20
20.23371055555555
 30
0.0
 10
78.1059525
 20
20.23159388888889
 30
0.0
 10
77.30161916666667
 20
21.11459666666667
 30
0.0
 10
76.82289972222222
 20
22.39165222222222
 30
0.0
 10
76.33218583333333
 20
23.68634666666667
 30
0.0
 10
76.10323305555555
 20
24.42964944444445
 30
0.0
 10
75.98293583333333
 20
24.75279388888889
 30
0.0
 10
75.74939694444444
 20
25.37685777777778
 30
0.0
 10
75.51550527777778
 20
26.00056888888889
 30
0.0
 10
75.28196638888889
 20
26.62463277777778
 30
0.0
 10
74.34745805555555
 20
26.27079666666667
 30
0.0
 10
73.41294972222222
 20
25.91696055555555
 30
0.0
 10
72.47844138888888
 20
25.56312444444444
 30
0.0
 10
72.71198027777778
 20
24.94188277777778
 30
0.0
 10
72.9451663888889
 20
24.32028833333333
 30
0.0
 10
73.17870527777777
 20
23.69904666666667
 30
0.0
 10
73.2940636111111
 20
23.37696055555555
 30
0.0
 10
73.61685527777777
 20
22.671405
 30
0.0
 10
74.11144972222222
 20
21.37071333333333
 30
0.0
 10
74.58699416666667
 20
20.09154111111111
 30
0.0
 10
74.5704136111111
 20
18.89280222222222
 30
0.0
 10
74.51467472222221
 20
18.85540777777778
 30
0.0
 10
74.3227636111111
 20
18.38938833333334
 30
0.0
 10
72.73561638888889
 20
18.36998555555556
 30
0.0
 10
67.2030025
 20
18.30119388888889
 30
0.0
 10
62.10853861111111
 20
18.23875222222222
 30
0.0
 10
61.64534138888889
 20
18.81131055555556
 30
0.0
 10
61.32008027777778
 20
19.45160222222222
 30
0.0
 10
61.24740805555555
 20
19.49605222222223
 30
0.0
 10
60.81772472222222
 20
20.59319111111111
 30
0.0
 10
60.82195805555556
 20
21.94962166666667
 30
0.0
 10
60.82301638888888
 20
23.32898277777778
 30
0.0
 10
60.86781916666666
 20
24.10826888888889
 30
0.0
 10
60.87064138888889
 20
24.45081611111111
 30
0.0
 10
60.86958305555555
 20
25.11686055555555
 30
0.0
 10
60.86852472222222
 20
25.78255222222222
 30
0.0
 10
60.86746638888889
 20
26.44859666666667
 30
0.0
 10
59.8687525
 20
26.44859666666666
 30
0.0
 10
58.87003861111111
 20
26.44859666666666
 30
0.0
 10
57.87132472222222
 20
26.44859666666667
 30
0.0
 10
57.87097194444444
 20
25.782905
 30
0.0
 10
57.87026638888888
 20
25.11721333333333
 30
0.0
 10
57.86991361111111
 20
24.45152166666667
 30
0.0
 10
57.8716775
 20
24.10826888888889
 30
0.0
 10
57.91894972222222
 20
23.331805
 30
0.0
 10
57.91683305555555
 20
21.94715222222222
 30
0.0
 10
57.92071361111111
 20
20.56673277777778
 30
0.0
 10
57.47198027777777
 20
19.44666333333333
 30
0.0
 10
57.41412472222222
 20
19.45019111111111
 30
0.0
 10
56.70116083333333
 20
18.51391888888889
 30
0.0
 10
56.08944416666666
 20
18.16502166666666
 30
0.0
 10
50.62033027777778
 20
18.09658277777778
 30
0.0
 10
46.91157750000001
 20
18.04966333333333
 30
0.0
 10
45.60771083333333
 20
17.96993555555555
 30
0.0
 10
45.29973583333333
 20
18.26873833333334
 30
0.0
 10
45.27786361111111
 20
18.30084111111111
 30
0.0
 10
45.25422749999999
 20
18.33576611111111
 30
0.0
 10
45.23447194444444
 20
18.37774666666667
 30
0.0
 10
45.18719972222222
 20
18.44794944444444
 30
0.0
 10
45.23729416666666
 20
19.62234666666667
 30
0.0
 10
45.78621638888888
 20
20.86518277777778
 30
0.0
 10
46.34572194444443
 20
22.12354111111111
 30
0.0
 10
46.70379138888889
 20
22.81639666666667
 30
0.0
 10
46.84137472222222
 20
23.13036888888889
 30
0.0
 10
47.10948583333333
 20
23.73961611111111
 30
0.0
 10
47.37794972222222
 20
24.34921611111111
 30
0.0
 10
47.64606083333334
 20
24.95846333333333
 30
0.0
 10
46.73271916666667
 20
25.36204111111111
 30
0.0
 10
45.81902472222222
 20
25.76597166666667
 30
0.0
 10
44.90568305555556
 20
26.16954944444445
 30
0.0
 10
44.63651361111111
 20
25.55924388888889
 30
0.0
 10
44.36699138888888
 20
24.94929111111111
 30
0.0
 10
44.09782194444444
 20
24.33898555555556
 30
0.0
 10
43.9588275
 20
24.02818833333333
 30
0.0
 10
43.68965805555555
 20
23.29758555555556
 30
0.0
 10
43.13121083333333
 20
22.03146611111111
 30
0.0
 10
42.57346916666666
 20
20.76993277777778
 30
0.0
 10
41.71621916666667
 20
19.92785222222222
 30
0.0
 10
41.66436083333333
 20
19.94796055555555
 30
0.0
 10
38.02969138888889
 20
19.90421611111111
 30
0.0
 10
37.75205527777777
 20
20.90857444444444
 30
0.0
 10
35.34117194444445
 20
20.70325777777778
 30
0.0
 10
33.15571361111111
 20
20.51840222222222
 30
0.0
 10
30.71378583333333
 20
26.94354388888889
 30
0.0
 10
29.49529138888889
 20
30.52212166666667
 30
0.0
 10
28.5823025
 20
33.19970499999999
 30
0.0
 10
23.88753583333333
 20
38.88401333333333
 30
0.0
 10
25.58686638888889
 20
39.80934944444444
 30
0.0
 10
26.76020527777778
 20
40.36850222222222
 30
0.0
 10
27.93354416666667
 20
40.92730222222222
 30
0.0
 10
29.10688305555555
 20
41.486455
 30
0.0
 10
29.15556638888889
 20
41.51503
 30
0.0
 10
30.02798583333334
 20
40.68212166666666
 30
0.0
 10
30.60548305555556
 20
39.429055
 30
0.0
 10
31.18192194444444
 20
38.17104944444444
 30
0.0
 10
31.4620275
 20
37.44079944444444
 30
0.0
 10
31.60243305555556
 20
37.13141333333333
 30
0.0
 10
32.01800527777778
 20
36.22301055555555
 30
0.0
 10
32.43393027777778
 20
35.31496055555555
 30
0.0
 10
32.8495025
 20
34.40655777777778
 30
0.0
 10
33.75825805555555
 20
34.82389388888889
 30
0.0
 10
34.66666083333333
 20
35.24122999999999
 30
0.0
 10
35.57541638888889
 20
35.65856611111111
 30
0.0
 10
35.16125527777778
 20
36.56661611111111
 30
0.0
 10
34.74744694444444
 20
37.47431333333333
 30
0.0
 10
34.33328583333333
 20
38.38236333333333
 30
0.0
 10
34.18758861111111
 20
38.69280777777777
 30
0.0
 10
33.8178775
 20
39.37931333333333
 30
0.0
 10
33.2463775
 20
40.63661333333334
 30
0.0
 10
32.67381916666667
 20
41.88862166666667
 30
0.0
 10
32.60573305555555
 20
43.08101055555555
 30
0.0
 10
32.65829694444444
 20
43.11664111111111
 30
0.0
 10
33.8337525
 20
43.66838555555555
 30
0.0
 10
35.00885527777778
 20
44.22048277777778
 30
0.0
 10
36.18431083333333
 20
44.77222722222222
 30
0.0
 10
38.43644416666667
 20
45.67886611111111
 30
0.0
 10
41.24067472222222
 20
46.23449111111111
 30
0.0
 10
41.12708027777778
 20
48.37091333333333
 30
0.0
 10
41.8379275
 20
49.10186888888888
 30
0.0
 10
42.56958861111111
 20
48.31411611111111
 30
0.0
 10
42.58440527777778
 20
47.21344944444444
 30
0.0
 10
42.58687472222222
 20
46.19392166666666
 30
0.0
 10
42.18788305555556
 20
43.18402166666667
 30
0.0
 10
43.57818027777778
 20
39.69187444444444
 30
0.0
 10
44.42661083333333
 20
37.57026888888889
 30
0.0
 10
42.22809972222222
 20
34.52121055555556
 30
0.0
 10
48.49872472222221
 20
34.59388277777778
 30
0.0
 10
50.10598027777777
 20
34.61469666666667
 30
0.0
 10
50.42136361111111
 20
33.13832166666666
 30
0.0
 10
53.29297472222223
 20
31.96039666666666
 30
0.0
 10
55.08967194444443
 20
31.22767722222222
 30
0.0
 10
56.88178305555555
 20
33.73063555555555
 30
0.0
 10
59.91284972222222
 20
33.76697166666666
 30
0.0
 10
62.99189416666667
 20
33.80189666666666
 30
0.0
 10
64.73602749999999
 20
32.30153277777777
 30
0.0
 10
66.13690805555555
 20
32.35762444444444
 30
0.0
 10
68.36893305555556
 20
32.44229111111111
 30
0.0
 10
69.06214138888889
 20
33.45864388888889
 30
0.0
 10
70.87718305555555
 20
34.15573277777778
 30
0.0
 10
71.82509694444444
 20
34.52297444444444
 30
0.0
 10
73.94388027777778
 20
33.90561333333333
 30
0.0
 10
75.30913027777777
 20
33.54154666666666
 30
0.0
 10
78.41780805555555
 20
32.61726888888889
 30
0.0
 10
79.26729694444444
 20
33.13091333333333
 30
0.0
 10
79.28634694444445
 20
33.89714666666666
 30
0.0
 10
79.30821916666666
 20
34.74134388888888
 30
0.0
 10
78.91346083333333
 20
36.07096333333333
 30
0.0
 10
78.41322194444444
 20
37.682805
 30
0.0
 10
77.66886083333333
 20
40.06617166666666
 30
0.0
 10
78.69368027777777
 20
41.46775777777778
 30
0.0
 10
78.77234972222222
 20
41.57218
 30
0.0
 10
78.5536275
 20
43.23341055555555
 30
0.0
 10
78.64746638888889
 20
43.96471888888889
 30
0.0
 10
79.13535805555556
 20
45.44285777777777
 30
0.0
 10
79.1346525
 20
45.44391611111111
 30
0.0
 10
79.13394694444443
 20
45.44462166666666
 30
0.0
 10
79.13712194444444
 20
45.45273555555555
 30
0.0
 10
78.57479416666666
 20
47.49073277777778
 30
0.0
 10
77.96836916666666
 20
48.18782166666666
 30
0.0
 10
78.06891083333333
 20
49.97499388888889
 30
0.0
 10
78.3250275
 20
50.74334388888889
 30
0.0
 10
78.89299972222221
 20
50.67137722222222
 30
0.0
 10
78.81962194444444
 20
51.19631055555556
 30
0.0
  0
SPLINE
  5
EA
330
1F
100
AcDbEntity
  8
DEFAULT
 62
     1
100
AcDbSpline
210
0.0
220
0.0
230
1.0
 70
    11
 71
     3
 72
   209
 73
   205
 74
     0
 42
0.000000001
 43
0.0000000001
 40
1.0
 40
1.0
 40
1.0
 40
1.0
 40
2.0
 40
2.0
 40
2.0
 40
3.0
 40
3.0
 40
3.0
 40
4.0
 40
4.0
 40
4.0
 40
5.0
 40
5.0
 40
5.0
 40
6.0
 40
6.0
 40
6.0
 40
7.0
 40
7.0
 40
7.0
 40
8.0
 40
8.0
 40
8.0
 40
9.0
 40
9.0
 40
9.0
 40
10.0
 40
10.0
 40
10.0
 40
11.0
 40
11.0
 40
11.0
 40
12.0
 40
12.0
 40
12.0
 40
13.0
 40
13.0
 40
13.0
 40
14.0
 40
14.0
 40
14.0
 40
15.0
 40
15.0
 40
15.0
 40
16.0
 40
16.0
 40
16.0
 40
17.0
 40
17.0
 40
17.0
 40
18.0
 40
18.0
 40
18.0
 40
19.0
 40
19.0
 40
19.0
 40
20.0
 40
20.0
 40
20.0
 40
21.0
 40
21.0
 40
21.0
 40
22.0
 40
22.0
 40
22.0
 40
23.0
 40
23.0
 40
23.0
 40
24.0
 40
24.0
 40
24.0
 40
25.0
 40
25.0
 40
25.0
 40
26.0
 40
26.0
 40
26.0
 40
27.0
 40
27.0
 40
27.0
 40
28.0
 40
28.0
 40
28.0
 40
29.0
 40
29.0
 40
29.0
 40
30.0
 40
30.0
 40
30.0
 40
31.0
 40
31.0
 40
31.0
 40
32.0
 40
32.0
 40
32.0
 40
33.0
 40
33.0
 40
33.0
 40
34.0
 40
34.0
 40
34.0
 40
35.0
 40
35.0
 40
35.0
 40
36.0
 40
36.0
 40
36.0
 40
37.0
 40
37.0
 40
37.0
 40
38.0
 40
38.0
 40
38.0
 40
39.0
 40
39.0
 40
39.0
 40
40.0
 40
40.0
 40
40.0
 40
41.0
 40
41.0
 40
41.0
 40
42.0
 40
42.0
 40
42.0
 40
43.0
 40
43.0
 40
43.0
 40
44.0
 40
44.0
 40
44.0
 40
45.0
 40
45.0
 40
45.0
 40
46.0
 40
46.0
 40
46.0
 40
47.0
 40
47.0
 40
47.0
 40
48.0
 40
48.0
 40
48.0
 40
49.0
 40
49.0
 40
49.0
 40
50.0
 40
50.0
 40
50.0
 40
51.0
 40
51.0
 40
51.0
 40
52.0
 40
52.0
 40
52.0
 40
53.0
 40
53.0
 40
53.0
 40
54.0
 40
54.0
 40
54.0
 40
55.0
 40
55.0
 40
55.0
 40
56.0
 40
56.0
 40
56.0
 40
57.0
 40
57.0
 40
57.0
 40
58.0
 40
58.0
 40
58.0
 40
59.0
 40
59.0
 40
59.0
 40
60.0
 40
60.0
 40
60.0
 40
61.0
 40
61.0
 40
61.0
 40
62.0
 40
62.0
 40
62.0
 40
63.0
 40
63.0
 40
63.0
 40
64.0
 40
64.0
 40
64.0
 40
65.0
 40
65.0
 40
65.0
 40
66.0
 40
66.0
 40
66.0
 40
67.0
 40
67.0
 40
67.0
 40
68.0
 40
68.0
 40
68.0
 40
69.0
 40
69.0
 40
69.0
 40
69.0
 10
19.63398833333333
 20
71.47948055555555
 30
0.0
 10
18.45288833333333
 20
74.18634444444444
 30
0.0
 10
22.37824666666666
 20
76.50338888888889
 30
0.0
 10
22.00253833333333
 20
78.65886111111111
 30
0.0
 10
21.48219111111111
 20
81.63842222222222
 30
0.0
 10
23.16423555555556
 20
84.39361666666666
 30
0.0
 10
25.40261055555555
 20
84.55130833333332
 30
0.0
 10
25.45023555555555
 20
84.5929361111111
 30
0.0
 10
26.61052166666666
 20
84.29519166666665
 30
0.0
 10
27.71648
 20
83.49085833333332
 30
0.0
 10
28.83690222222222
 20
82.67594166666666
 30
0.0
 10
29.43627166666666
 20
82.17817222222222
 30
0.0
 10
29.71778833333333
 20
81.97955833333333
 30
0.0
 10
30.25506888888889
 20
81.58832777777778
 30
0.0
 10
30.79199666666667
 20
81.19744999999999
 30
0.0
 10
31.32927722222222
 20
80.80621944444444
 30
0.0
 10
31.91771055555555
 20
81.61443333333332
 30
0.0
 10
32.50579111111111
 20
82.42264722222222
 30
0.0
 10
33.09422444444444
 20
83.23086111111111
 30
0.0
 10
32.55482722222222
 20
83.62279722222222
 30
0.0
 10
32.01507722222222
 20
84.01473333333333
 30
0.0
 10
31.47567999999999
 20
84.40666944444443
 30
0.0
 10
31.19910222222222
 20
84.60528333333332
 30
0.0
 10
30.54187722222222
 20
85.02438333333333
 30
0.0
 10
29.42110222222222
 20
85.83436111111111
 30
0.0
 10
28.30808833333333
 20
86.64645555555555
 30
0.0
 10
27.66356333333333
 20
87.66245555555554
 30
0.0
 10
27.69672444444444
 20
87.71008055555555
 30
0.0
 10
27.50869388888889
 20
90.42752777777777
 30
0.0
 10
31.18393277777777
 20
96.80927777777778
 30
0.0
 10
33.60504666666666
 20
96.11465833333334
 30
0.0
 10
33.66643
 20
96.1354722222222
 30
0.0
 10
34.65632444444444
 20
95.45919722222222
 30
0.0
 10
35.42008833333333
 20
94.32289999999999
 30
0.0
 10
36.19549388888888
 20
93.17354999999998
 30
0.0
 10
36.58848833333333
 20
92.50468333333333
 30
0.0
 10
36.77934111111111
 20
92.22175555555555
 30
0.0
 10
37.15328555555556
 20
91.66930555555555
 30
0.0
 10
37.52687722222222
 20
91.11650277777777
 30
0.0
 10
37.90082166666667
 20
90.56405277777776
 30
0.0
 10
38.72808555555555
 20
91.12214722222221
 30
0.0
 10
39.55570222222222
 20
91.67988888888888
 30
0.0
 10
40.38296611111111
 20
92.23798333333332
 30
0.0
 10
40.01113833333333
 20
92.79219722222221
 30
0.0
 10
39.63895777777778
 20
93.34605833333333
 30
0.0
 10
39.26713
 20
93.9002722222222
 30
0.0
 10
39.073455
 20
94.18073055555554
 30
0.0
 10
38.59967444444445
 20
94.7973861111111
 30
0.0
 10
37.82391611111111
 20
95.94179722222222
 30
0.0
 10
37.05309666666666
 20
97.0911472222222
 30
0.0
 10
36.79592166666666
 20
98.25354999999999
 30
0.0
 10
36.84389944444445
 20
98.29517777777777
 30
0.0
 10
37.13176611111111
 20
100.5010972222222
 30
0.0
 10
37.69127166666666
 20
109.4863472222222
 30
0.0
 10
40.13425777777778
 20
108.3003083333333
 30
0.0
 10
40.18082444444445
 20
108.3221805555555
 30
0.0
 10
41.11744944444445
 20
107.5615916666667
 30
0.0
 10
41.7894911111111
 20
106.359325
 30
0.0
 10
42.46329666666666
 20
105.1489444444444
 30
0.0
 10
42.79384944444444
 20
104.4493861111111
 30
0.0
 10
42.96141888888889
 20
104.1505833333333
 30
0.0
 10
43.28668
 20
103.5677944444444
 30
0.0
 10
43.61158833333333
 20
102.9853583333333
 30
0.0
 10
43.93684944444444
 20
102.4025694444444
 30
0.0
 10
44.80962166666666
 20
102.88905
 30
0.0
 10
45.68204111111111
 20
103.3758833333333
 30
0.0
 10
46.55481333333334
 20
103.8623638888889
 30
0.0
 10
46.23202166666666
 20
104.4440944444444
 30
0.0
 10
45.90922999999999
 20
105.0254722222222
 30
0.0
 10
45.58643833333333
 20
105.6072027777778
 30
0.0
 10
45.41675222222221
 20
105.9088277777778
 30
0.0
 10
44.99553555555556
 20
106.5618194444444
 30
0.0
 10
44.32384666666666
 20
107.7693777777778
 30
0.0
 10
43.65674388888888
 20
108.9667055555555
 30
0.0
 10
43.49623
 20
110.1527444444445
 30
0.0
 10
43.54667722222222
 20
110.1968416666667
 30
0.0
 10
43.994705
 20
111.47425
 30
0.0
 10
43.620055
 20
115.1018638888889
 30
0.0
 10
43.78938833333333
 20
119.2332444444445
 30
0.0
 10
43.89381055555555
 20
121.9489277777778
 30
0.0
 10
41.25009388888888
 20
126.9336777777778
 30
0.0
 10
41.74116055555555
 20
127.5408083333333
 30
0.0
 10
42.25268833333333
 20
127.6790972222222
 30
0.0
 10
42.24704388888888
 20
127.1068916666667
 30
0.0
 10
43.04149944444444
 20
126.9484944444444
 30
0.0
 10
44.82726055555555
 20
127.0716138888889
 30
0.0
 10
45.44321055555555
 20
127.7602361111111
 30
0.0
 10
47.40253833333333
 20
128.5691555555555
 30
0.0
 10
47.47556333333333
 20
128.501775
 30
0.0
 10
47.93346888888887
 20
127.4258027777778
 30
0.0
 10
47.97650777777777
 20
126.0905388888889
 30
0.0
 10
48.01637166666666
 20
124.7051805555555
 30
0.0
 10
47.99449944444444
 20
123.9318916666667
 30
0.0
 10
48.00120222222221
 20
123.5861694444444
 30
0.0
 10
48.03436333333332
 20
122.5888666666666
 30
0.0
 10
48.06752444444444
 20
121.5919166666666
 30
0.0
 10
48.10068555555555
 20
120.5946138888889
 30
0.0
 10
49.09939944444444
 20
120.6242472222222
 30
0.0
 10
50.0984661111111
 20
120.6542333333333
 30
0.0
 10
51.09717999999999
 20
120.6838666666667
 30
0.0
 10
51.06507722222221
 20
121.6836388888889
 30
0.0
 10
51.03262166666666
 20
122.6830583333333
 30
0.0
 10
51.00051888888888
 20
123.6828305555555
 30
0.0
 10
50.99311055555555
 20
124.0232611111111
 30
0.0
 10
50.91514666666666
 20
124.7986666666666
 30
0.0
 10
50.87528277777778
 20
126.1787333333333
 30
0.0
 10
50.83541888888887
 20
127.5266972222222
 30
0.0
 10
51.22453277777777
 20
128.6354777777778
 30
0.0
 10
51.2986161111111
 20
128.69545
 30
0.0
 10
51.41185777777777
 20
128.6305388888889
 30
0.0
 10
52.91539666666666
 20
127.7845777777778
 30
0.0
 10
55.19469388888889
 20
128.8220972222222
 30
0.0
 10
56.73174666666667
 20
129.5191861111111
 30
0.0
 10
58.00139388888888
 20
130.076575
 30
0.0
 10
58.84206333333333
 20
130.1601833333333
 30
0.0
 10
59.60476888888888
 20
130.2367361111111
 30
0.0
 10
60.22001333333333
 20
129.4578027777778
 30
0.0
 10
59.69084666666667
 20
126.2581083333333
 30
0.0
 10
59.68767166666666
 20
126.2510527777778
 30
0.0
 10
59.68978833333333
 20
126.2432916666667
 30
0.0
 10
59.6869661111111
 20
126.2358833333333
 30
0.0
 10
59.59559666666666
 20
125.8471222222222
 30
0.0
 10
58.42472722222222
 20
120.8302694444444
 30
0.0
 10
56.99174388888888
 20
116.6861888888889
 30
0.0
 10
55.64272166666666
 20
112.7837611111111
 30
0.0
 10
56.73139388888888
 20
103.9928916666667
 30
0.0
 10
56.43788277777777
 20
102.6724444444444
 30
0.0
 10
55.89389944444444
 20
100.33635
 30
0.0
 10
53.66716611111111
 20
99.30306388888889
 30
0.0
 10
52.80603555555555
 20
97.27071111111111
 30
0.0
 10
51.70748555555556
 20
94.68414444444444
 30
0.0
 10
52.43350222222222
 20
92.79325555555555
 30
0.0
 10
50.21382444444444
 20
92.08911111111111
 30
0.0
 10
50.21100222222222
 20
92.08699444444443
 30
0.0
 10
50.20853277777777
 20
92.08946388888889
 30
0.0
 10
50.20324111111111
 20
92.08487777777778
 30
0.0
 10
49.11315777777777
 20
91.93283055555554
 30
0.0
 10
48.42277166666666
 20
91.10909444444444
 30
0.0
 10
49.23627722222223
 20
90.48961666666665
 30
0.0
 10
50.45230222222222
 20
87.29309722222222
 30
0.0
 10
48.32611055555554
 20
84.66525555555555
 30
0.0
 10
46.674405
 20
83.7833111111111
 30
0.0
 10
46.674405
 20
83.7833111111111
 30
0.0
 10
46.67193555555556
 20
83.78119444444444
 30
0.0
 10
46.66417444444444
 20
83.77907777777777
 30
0.0
 10
46.65676611111111
 20
83.7769611111111
 30
0.0
 10
46.64618277777777
 20
83.77272777777777
 30
0.0
 10
46.64371333333333
 20
83.77061111111111
 30
0.0
 10
45.29469111111111
 20
82.5909222222222
 30
0.0
 10
45.21778555555555
 20
81.67087777777778
 30
0.0
 10
44.15310222222222
 20
79.84454722222222
 30
0.0
 10
43.41756055555555
 20
77.19130555555554
 30
0.0
 10
42.51974111111111
 20
78.07924722222222
 30
0.0
 10
41.11815499999999
 20
77.38780277777776
 30
0.0
 10
41.11815499999999
 20
77.38780277777776
 30
0.0
 10
39.32463277777777
 20
77.22552499999999
 30
0.0
 10
38.08849944444444
 20
74.93070555555555
 30
0.0
 10
37.27922722222222
 20
73.44974444444443
 30
0.0
 10
36.60577444444444
 20
72.24253888888889
 30
0.0
 10
35.98982444444444
 20
71.66609999999999
 30
0.0
 10
35.64657166666667
 20
71.09424722222221
 30
0.0
 10
35.47018277777777
 20
70.25604722222222
 30
0.0
 10
36.11788277777777
 20
69.8101361111111
 30
0.0
 10
36.74406333333333
 20
69.37798333333333
 30
0.0
 10
37.35578
 20
69.0322611111111
 30
0.0
 10
37.94738833333333
 20
68.75744722222221
 30
0.0
 10
37.94985777777777
 20
68.754625
 30
0.0
 10
37.95691333333333
 20
68.75180277777777
 30
0.0
 10
37.96185222222222
 20
68.7465111111111
 30
0.0
 10
39.302055
 20
67.93159444444444
 30
0.0
 10
39.75043555555555
 20
67.53154444444444
 30
0.0
 10
39.98573833333333
 20
65.41311388888889
 30
0.0
 10
40.22351055555555
 20
63.28727499999999
 30
0.0
 10
37.45773277777778
 20
62.57007777777778
 30
0.0
 10
35.26768833333333
 20
61.52656111111111
 30
0.0
 10
34.12539388888889
 20
60.90884722222221
 30
0.0
 10
32.98345222222222
 20
60.29148611111111
 30
0.0
 10
31.84115777777777
 20
59.67377222222222
 30
0.0
 10
31.79176888888889
 20
59.64943055555555
 30
0.0
 10
30.86890222222222
 20
60.42624722222222
 30
0.0
 10
30.22331888888888
 20
61.6472111111111
 30
0.0
 10
29.57526611111111
 20
62.87064444444444
 30
0.0
 10
29.25035777777778
 20
63.57972777777777
 30
0.0
 10
29.09266611111111
 20
63.87817777777777
 30
0.0
 10
28.62453
 20
64.76188611111111
 30
0.0
 10
28.15604111111111
 20
65.64594722222222
 30
0.0
 10
27.687905
 20
66.52965555555555
 30
0.0
 10
26.80454944444444
 20
66.06046111111111
 30
0.0
 10
25.92154666666666
 20
65.59126666666666
 30
0.0
 10
25.03819111111111
 20
65.12207222222222
 30
0.0
 10
25.50668
 20
64.239775
 30
0.0
 10
25.97516888888889
 20
63.35783055555555
 30
0.0
 10
26.44365777777777
 20
62.47553333333333
 30
0.0
 10
26.60311333333333
 20
62.16967499999999
 30
0.0
 10
27.01127722222222
 20
61.50998055555555
 30
0.0
 10
27.65968277777777
 20
60.28619444444443
 30
0.0
 10
28.30314944444444
 20
59.07334444444444
 30
0.0
 10
28.43579388888889
 20
57.88166111111111
 30
0.0
 10
28.39063833333333
 20
57.84214999999999
 30
0.0
 10
27.25116611111111
 20
57.21596944444445
 30
0.0
 10
26.11169388888888
 20
56.58978888888888
 30
0.0
 10
24.97222166666667
 20
55.96360833333333
 30
0.0
 10
21.64552722222222
 20
54.59659444444444
 30
0.0
 10
21.07967166666667
 20
68.16478055555555
 30
0.0
 10
19.63398833333333
 20
71.47948055555555
 30
0.0
  0
SPLINE
  5
EB
330
1F
100
AcDbEntity
  8
DEFAULT
 62
     1
100
AcDbSpline
210
0.0
220
0.0
230
1.0
 70
    11
 71
     3
 72
    77
 73
    73
 74
     0
 42
0.000000001
 43
0.0000000001
 40
1.0
 40
1.0
 40
1.0
 40
1.0
 40
2.0
 40
2.0
 40
2.0
 40
3.0
 40
3.0
 40
3.0
 40
4.0
 40
4.0
 40
4.0
 40
5.0
 40
5.0
 40
5.0
 40
6.0
 40
6.0
 40
6.0
 40
7.0
 40
7.0
 40
7.0
 40
8.0
 40
8.0
 40
8.0
 40
9.0
 40
9.0
 40
9.0
 40
10.0
 40
10.0
 40
10.0
 40
11.0
 40
11.0
 40
11.0
 40
19.50099999999998
 40
19.50099999999998
 40
19.50099999999998
 40
20.50099999999998
 40
20.50099999999998
 40
20.50099999999998
 40
21.50099999999998
 40
21.50099999999998
 40
21.50099999999998
 40
22.50099999999998
 40
22.50099999999998
 40
22.50099999999998
 40
23.50099999999998
 40
23.50099999999998
 40
23.50099999999998
 40
24.50099999999998
 40
24.50099999999998
 40
24.50099999999998
 40
25.50099999999998
 40
25.50099999999998
 40
25.50099999999998
 40
26.50099999999998
 40
26.50099999999998
 40
26.50099999999998
 40
27.50099999999998
 40
27.50099999999998
 40
27.50099999999998
 40
28.50099999999998
 40
28.50099999999998
 40
28.50099999999998
 40
29.50099999999998
 40
29.50099999999998
 40
29.50099999999998
 40
30.50099999999998
 40
30.50099999999998
 40
30.50099999999998
 40
31.50099999999998
 40
31.50099999999998
 40
31.50099999999998
 40
32.50099999999998
 40
32.50099999999998
 40
32.50099999999998
 40
32.50099999999998
 10
129.8802188888889
 20
253.7864988888889
 30
0.0
 10
130.6097633333333
 20
251.28601
 30
0.0
 10
132.1189466666667
 20
249.55881
 30
0.0
 10
133.6133133333333
 20
249.6949822222222
 30
0.0
 10
149.96033
 20
251.1861738888889
 30
0.0
 10
145.4363077777778
 20
255.181735
 30
0.0
 10
153.436955
 20
261.4498905555556
 30
0.0
 10
155.507055
 20
263.0232794444444
 30
0.0
 10
159.5364827777778
 20
264.6467627777778
 30
0.0
 10
164.2876938888889
 20
267.7353322222222
 30
0.0
 10
168.4342438888889
 20
270.4294961111111
 30
0.0
 10
167.343455
 20
275.8957877777778
 30
0.0
 10
168.2790216666666
 20
279.1466349999999
 30
0.0
 10
168.5291411111111
 20
280.029285
 30
0.0
 10
167.8239383333333
 20
279.9541433333333
 30
0.0
 10
167.0347744444444
 20
279.1861461111111
 30
0.0
 10
162.6179966666667
 20
274.898485
 30
0.0
 10
160.8198883333333
 20
275.1059183333333
 30
0.0
 10
149.1087244444444
 20
275.1179127777777
 30
0.0
 10
149.0035966666667
 20
274.0779238888889
 30
0.0
 10
148.8988216666667
 20
273.0382877777778
 30
0.0
 10
148.7936938888889
 20
271.9982988888889
 30
0.0
 10
148.7936938888889
 20
271.945735
 30
0.0
 10
149.9091772222222
 20
271.4977072222222
 30
0.0
 10
151.2952411111111
 20
271.4966488888889
 30
0.0
 10
152.6784827777778
 20
271.4931211111111
 30
0.0
 10
153.4549466666667
 20
271.54251
 30
0.0
 10
153.7943188888889
 20
271.5421572222222
 30
0.0
 10
154.4603633333333
 20
271.5414516666667
 30
0.0
 10
155.126055
 20
271.5410988888889
 30
0.0
 10
155.7920994444444
 20
271.5403933333333
 30
0.0
 10
155.7920994444444
 20
270.5407387037037
 30
0.0
 10
155.7920994444444
 20
269.541084074074
 30
0.0
 10
155.7920994444444
 20
268.5414294444445
 30
0.0
 10
155.126055
 20
268.542135
 30
0.0
 10
154.4603633333333
 20
268.5424877777778
 30
0.0
 10
153.7943188888889
 20
268.5431933333333
 30
0.0
 10
153.4500077777778
 20
268.5438988888889
 30
0.0
 10
152.6753077777778
 20
268.5918766666666
 30
0.0
 10
151.2920661111111
 20
268.5950516666666
 30
0.0
 10
149.9112938888889
 20
268.5957572222222
 30
0.0
 10
148.7898133333333
 20
268.1505516666667
 30
0.0
 10
148.79193
 20
268.0955183333334
 30
0.0
 10
148.6755133333333
 20
267.608685
 30
0.0
 10
148.5594494444444
 20
267.1222044444444
 30
0.0
 10
148.4430327777778
 20
266.6353711111111
 30
0.0
 10
148.4387994444444
 20
264.9649683333333
 30
0.0
 10
142.9432272222222
 20
261.5359683333333
 30
0.0
 10
141.7081522222222
 20
261.1831905555555
 30
0.0
 10
140.4709605555555
 20
260.8328822222222
 30
0.0
 10
139.066905
 20
262.7749238888889
 30
0.0
 10
138.7116577777778
 20
262.6510988888889
 30
0.0
 10
138.35888
 20
262.5300961111111
 30
0.0
 10
137.6519133333333
 20
260.8346461111111
 30
0.0
 10
137.6512077777778
 20
258.9617488888888
 30
0.0
 10
137.6512077777778
 20
258.9617488888888
 30
0.0
 10
134.6518911111111
 20
261.1916572222222
 30
0.0
 10
134.3015827777778
 20
261.722235
 30
0.0
 10
133.948805
 20
262.2503433333333
 30
0.0
 10
133.593205
 20
259.7819572222222
 30
0.0
 10
133.5907355555555
 20
258.1937516666667
 30
0.0
 10
132.4293911111111
 20
258.1944572222222
 30
0.0
 10
131.5777855555556
 20
258.1962211111111
 30
0.0
 10
130.1448022222222
 20
260.7037655555555
 30
0.0
 10
130.0566077777778
 20
260.8575766666667
 30
0.0
 10
129.8287133333333
 20
261.0029211111111
 30
0.0
 10
129.7793244444444
 20
260.6907127777778
 30
0.0
 10
129.6597327777778
 20
259.9269488888888
 30
0.0
 10
129.0610688888889
 20
258.2015127777777
 30
0.0
 10
129.427605
 20
257.0408738888889
 30
0.0
 10
129.42443
 20
255.8823516666667
 30
0.0
 10
129.5934105555556
 20
254.7711016666667
 30
0.0
 10
129.8802188888889
 20
253.7864988888889
 30
0.0
  0
SPLINE
  5
EC
330
1F
100
AcDbEntity
  8
DEFAULT
 62
     1
100
AcDbSpline
210
0.0
220
0.0
230
1.0
 70
    11
 71
     3
 72
   170
 73
   166
 74
     0
 42
0.000000001
 43
0.0000000001
 40
1.0
 40
1.0
 40
1.0
 40
1.0
 40
2.0
 40
2.0
 40
2.0
 40
3.0
 40
3.0
 40
3.0
 40
4.0
 40
4.0
 40
4.0
 40
5.0
 40
5.0
 40
5.0
 40
13.495
 40
13.495
 40
13.495
 40
14.495
 40
14.495
 40
14.495
 40
15.495
 40
15.495
 40
15.495
 40
16.495
 40
16.495
 40
16.495
 40
17.495
 40
17.495
 40
17.495
 40
18.495
 40
18.495
 40
18.495
 40
19.495
 40
19.495
 40
19.495
 40
20.495
 40
20.495
 40
20.495
 40
21.495
 40
21.495
 40
21.495
 40
22.495
 40
22.495
 40
22.495
 40
23.495
 40
23.495
 40
23.495
 40
24.495
 40
24.495
 40
24.495
 40
25.495
 40
25.495
 40
25.495
 40
26.495
 40
26.495
 40
26.495
 40
27.495
 40
27.495
 40
27.495
 40
28.495
 40
28.495
 40
28.495
 40
29.495
 40
29.495
 40
29.495
 40
30.495
 40
30.495
 40
30.495
 40
31.495
 40
31.495
 40
31.495
 40
32.495
 40
32.495
 40
32.495
 40
33.495
 40
33.495
 40
33.495
 40
34.495
 40
34.495
 40
34.495
 40
35.495
 40
35.495
 40
35.495
 40
36.495
 40
36.495
 40
36.495
 40
37.495
 40
37.495
 40
37.495
 40
38.495
 40
38.495
 40
38.495
 40
39.495
 40
39.495
 40
39.495
 40
40.495
 40
40.495
 40
40.495
 40
41.495
 40
41.495
 40
41.495
 40
49.99132043887236
 40
49.99132043887236
 40
49.99132043887236
 40
50.99132043887236
 40
50.99132043887236
 40
50.99132043887236
 40
51.99132043887236
 40
51.99132043887236
 40
51.99132043887236
 40
52.99132043887236
 40
52.99132043887236
 40
52.99132043887236
 40
53.99132043887236
 40
53.99132043887236
 40
53.99132043887236
 40
54.99132043887236
 40
54.99132043887236
 40
54.99132043887236
 40
55.99132043887236
 40
55.99132043887236
 40
55.99132043887236
 40
56.99132043887236
 40
56.99132043887236
 40
56.99132043887236
 40
57.99132043887236
 40
57.99132043887236
 40
57.99132043887236
 40
58.99132043887236
 40
58.99132043887236
 40
58.99132043887236
 40
59.99132043887236
 40
59.99132043887236
 40
59.99132043887236
 40
60.99132043887236
 40
60.99132043887236
 40
60.99132043887236
 40
61.99132043887236
 40
61.99132043887236
 40
61.99132043887236
 40
62.99132043887236
 40
62.99132043887236
 40
62.99132043887236
 40
63.99132043887236
 40
63.99132043887236
 40
63.99132043887236
 40
64.99132043887236
 40
64.99132043887236
 40
64.99132043887236
 40
65.99132043887236
 40
65.99132043887236
 40
65.99132043887236
 40
66.99132043887236
 40
66.99132043887236
 40
66.99132043887236
 40
67.99132043887236
 40
67.99132043887236
 40
67.99132043887236
 40
68.99132043887236
 40
68.99132043887236
 40
68.99132043887236
 40
69.99132043887236
 40
69.99132043887236
 40
69.99132043887236
 40
70.99132043887236
 40
70.99132043887236
 40
70.99132043887236
 40
70.99132043887236
 10
240.8268897222222
 20
262.1976030555555
 30
0.0
 10
242.3138480555556
 20
261.7192363888889
 30
0.0
 10
245.4997841666666
 20
255.7393002777777
 30
0.0
 10
245.1216063888889
 20
254.4777669444444
 30
0.0
 10
245.1233702777778
 20
254.4206169444444
 30
0.0
 10
244.0061230555555
 20
253.9761169444444
 30
0.0
 10
242.6228813888889
 20
253.9747058333333
 30
0.0
 10
241.2396397222222
 20
253.9736475
 30
0.0
 10
240.4628230555555
 20
254.0226836111111
 30
0.0
 10
240.1199230555555
 20
254.0248002777778
 30
0.0
 10
239.4538786111111
 20
254.0237419444444
 30
0.0
 10
238.7874813888889
 20
254.0230363888889
 30
0.0
 10
238.1214369444444
 20
254.0219780555555
 30
0.0
 10
238.1214369444444
 20
253.0230289814815
 30
0.0
 10
238.1214369444444
 20
252.0240799074074
 30
0.0
 10
238.1214369444444
 20
251.0251308333333
 30
0.0
 10
238.7885397222222
 20
251.0251308333333
 30
0.0
 10
239.4556425
 20
251.0254836111111
 30
0.0
 10
240.1227452777778
 20
251.0254836111111
 30
0.0
 10
240.4628230555555
 20
251.0261891666666
 30
0.0
 10
241.2421091666667
 20
251.0769891666666
 30
0.0
 10
242.6228813888889
 20
251.0755780555555
 30
0.0
 10
244.0061230555555
 20
251.0769891666666
 30
0.0
 10
245.1254869444444
 20
250.6307252777777
 30
0.0
 10
245.1244286111111
 20
250.5756919444444
 30
0.0
 10
245.1276036111111
 20
248.6696336111111
 30
0.0
 10
242.8857008333333
 20
247.3781141666666
 30
0.0
 10
240.1241563888889
 20
247.3756447222222
 30
0.0
 10
233.5335619444444
 20
248.0289891666666
 30
0.0
 10
234.6215286111111
 20
248.5634475
 30
0.0
 10
231.7583841666666
 20
247.7502947222222
 30
0.0
 10
231.3756202777778
 20
247.6141225
 30
0.0
 10
230.6234980555555
 20
247.3075586111111
 30
0.0
 10
230.1564202777778
 20
247.0295697222222
 30
0.0
 10
221.7860619444444
 20
242.0381169444444
 30
0.0
 10
220.7570091666667
 20
242.6815836111111
 30
0.0
 10
219.8450786111111
 20
243.9635780555555
 30
0.0
 10
219.8023925
 20
244.0006197222222
 30
0.0
 10
220.1029591666667
 20
245.1612586111111
 30
0.0
 10
220.9224619444444
 20
246.2760363888889
 30
0.0
 10
221.7391425
 20
247.3932836111111
 30
0.0
 10
222.2344425
 20
247.9908891666666
 30
0.0
 10
222.4387008333333
 20
248.2660558333333
 30
0.0
 10
222.8327536111111
 20
248.8036891666667
 30
0.0
 10
223.2271591666666
 20
249.3409697222222
 30
0.0
 10
223.6212119444444
 20
249.8786030555555
 30
0.0
 10
222.8147619444444
 20
250.4698586111111
 30
0.0
 10
222.0079591666666
 20
251.0614669444444
 30
0.0
 10
221.2015091666667
 20
251.6527225
 30
0.0
 10
220.8081619444444
 20
251.1147363888888
 30
0.0
 10
220.4151675
 20
250.5763975
 30
0.0
 10
220.0218202777777
 20
250.0384113888889
 30
0.0
 10
219.8175619444444
 20
249.7625391666666
 30
0.0
 10
219.3963452777778
 20
249.1056669444444
 30
0.0
 10
218.5796647222222
 20
247.9887725
 30
0.0
 10
217.7654536111111
 20
246.8743475
 30
0.0
 10
216.7399286111111
 20
246.2397002777778
 30
0.0
 10
216.6954786111111
 20
246.2686280555555
 30
0.0
 10
216.1102202777778
 20
246.8976308333333
 30
0.0
 10
217.1255147222222
 20
248.0670891666667
 30
0.0
 10
215.8742119444445
 20
250.4045947222222
 30
0.0
 10
215.4875675
 20
251.1235558333333
 30
0.0
 10
215.0236647222222
 20
251.5691141666666
 30
0.0
 10
214.4489897222222
 20
252.3289975
 30
0.0
 10
214.4274702777778
 20
252.3847363888889
 30
0.0
 10
215.1033925
 20
253.3711030555556
 30
0.0
 10
216.2516841666666
 20
254.1376891666667
 30
0.0
 10
217.3999758333333
 20
254.9046280555555
 30
0.0
 10
218.0706063888889
 20
255.3000919444444
 30
0.0
 10
218.3542397222222
 20
255.4888280555555
 30
0.0
 10
218.9084536111111
 20
255.8588919444444
 30
0.0
 10
219.4626675
 20
256.2293086111111
 30
0.0
 10
220.0168813888889
 20
256.5993725
 30
0.0
 10
219.4616091666666
 20
257.4308697222222
 30
0.0
 10
218.9063369444444
 20
258.2620141666667
 30
0.0
 10
218.3510647222222
 20
259.0935113888889
 30
0.0
 10
217.7961452777778
 20
258.7223891666666
 30
0.0
 10
217.2408730555555
 20
258.3512669444444
 30
0.0
 10
216.6859536111111
 20
257.9801447222222
 30
0.0
 10
216.4026730555555
 20
257.7914086111111
 30
0.0
 10
215.7853119444444
 20
257.3172752777778
 30
0.0
 10
214.6349036111111
 20
256.5478669444444
 30
0.0
 10
213.4989591666667
 20
255.7848086111111
 30
0.0
 10
212.3245619444444
 20
255.5339836111111
 30
0.0
 10
212.2765841666667
 20
255.5752586111111
 30
0.0
 10
211.6666313888889
 20
256.6678113888889
 30
0.0
 10
212.8685452777778
 20
256.8205641666667
 30
0.0
 10
212.0786758333333
 20
258.7424975
 30
0.0
 10
211.7019091666667
 20
259.6572502777777
 30
0.0
 10
210.5934813888889
 20
260.0294308333333
 30
0.0
 10
210.1768508333333
 20
261.3788058333333
 30
0.0
 10
210.1652091666667
 20
261.4352502777778
 30
0.0
 10
211.1434619444445
 20
262.1341030555556
 30
0.0
 10
212.4871925
 20
262.4628919444444
 30
0.0
 10
213.8305702777778
 20
262.7913280555555
 30
0.0
 10
214.5932758333333
 20
262.9313808333333
 30
0.0
 10
214.9294730555555
 20
263.0139308333333
 30
0.0
 10
215.5771730555556
 20
263.1719752777777
 30
0.0
 10
216.2252258333333
 20
263.3296669444444
 30
0.0
 10
216.8729258333333
 20
263.4877113888889
 30
0.0
 10
216.6340952777778
 20
264.4578502777778
 30
0.0
 10
216.3952647222222
 20
265.4279891666666
 30
0.0
 10
216.1564341666667
 20
266.3981280555556
 30
0.0
 10
215.5087341666666
 20
266.2400836111111
 30
0.0
 10
214.8610341666666
 20
266.0823919444444
 30
0.0
 10
214.2133341666667
 20
265.9243475
 30
0.0
 10
213.8866619444444
 20
265.8425030555555
 30
0.0
 10
213.1412425
 20
265.6089641666666
 30
0.0
 10
211.7975119444444
 20
265.2801752777778
 30
0.0
 10
210.4611897222222
 20
264.9549141666666
 30
0.0
 10
209.2730341666667
 20
265.1207197222222
 30
0.0
 10
209.2490452777778
 20
265.1739891666667
 30
0.0
 10
209.0017480555556
 20
266.4986697222222
 30
0.0
 10
210.2752758333333
 20
266.4640975
 30
0.0
 10
209.8963925
 20
268.3119475
 30
0.0
 10
209.6614425
 20
269.4725863888888
 30
0.0
 10
208.1437925
 20
270.0941808333333
 30
0.0
 10
208.2072925
 20
271.7148419444444
 30
0.0
 10
208.2132897222222
 20
271.7702280555555
 30
0.0
 10
209.3774563888889
 20
272.0901975
 30
0.0
 10
210.7539952777778
 20
271.9434419444444
 30
0.0
 10
212.1210091666667
 20
271.7959808333333
 30
0.0
 10
212.8914758333333
 20
271.6636891666666
 30
0.0
 10
213.2319063888889
 20
271.6270002777778
 30
0.0
 10
213.8944230555556
 20
271.5550336111111
 30
0.0
 10
214.5569397222222
 20
271.4830669444444
 30
0.0
 10
215.2194563888889
 20
271.4111002777777
 30
0.0
 10
215.3274063888889
 20
272.4055808333333
 30
0.0
 10
215.4353563888889
 20
273.4000613888888
 30
0.0
 10
215.5433063888889
 20
274.3945419444444
 30
0.0
 10
214.8800841666667
 20
274.4658030555555
 30
0.0
 10
214.2165091666666
 20
274.5367113888889
 30
0.0
 10
213.5532869444444
 20
274.6079725
 30
0.0
 10
213.2128563888889
 20
274.6450141666666
 30
0.0
 10
212.4374508333333
 20
274.6792336111111
 30
0.0
 10
211.0605591666667
 20
274.8259891666667
 30
0.0
 10
209.6882536111111
 20
274.9780363888888
 30
0.0
 10
208.6253341666667
 20
275.5435391666667
 30
0.0
 10
208.6285091666667
 20
275.5961030555555
 30
0.0
 10
210.4798869444444
 20
280.3607197222222
 30
0.0
 10
213.2731813888889
 20
277.4411308333333
 30
0.0
 10
214.9961480555556
 20
277.6806669444444
 30
0.0
 10
216.2538008333333
 20
277.8549391666667
 30
0.0
 10
217.9922897222222
 20
278.1883141666667
 30
0.0
 10
219.4841869444444
 20
279.7063169444444
 30
0.0
 10
219.7120813888889
 20
279.9384447222222
 30
0.0
 10
220.3724813888889
 20
279.6403475
 30
0.0
 10
220.2980452777778
 20
279.0670836111111
 30
0.0
 10
219.9166925
 20
276.9144336111111
 30
0.0
 10
222.8352230555555
 20
272.1282975
 30
0.0
 10
222.7382091666666
 20
269.2566863888889
 30
0.0
 10
222.5956869444445
 20
264.9630280555555
 30
0.0
 10
225.5307980555555
 20
263.9177475
 30
0.0
 10
225.2055369444444
 20
261.0891752777777
 30
0.0
 10
224.9871675
 20
259.2018141666667
 30
0.0
 10
226.5492675
 20
260.4171336111111
 30
0.0
 10
226.1739119444445
 20
259.2183947222222
 30
0.0
 10
224.7518647222222
 20
254.7088363888889
 30
0.0
 10
228.3501980555556
 20
259.8219975
 30
0.0
 10
230.2015758333333
 20
259.8484558333333
 30
0.0
 10
232.0557758333333
 20
259.8777363888889
 30
0.0
 10
234.3802286111111
 20
260.0700002777778
 30
0.0
 10
238.0762813888889
 20
260.2873113888889
 30
0.0
 10
242.1081786111111
 20
260.5279058333333
 30
0.0
 10
237.6607091666666
 20
262.8177863888889
 30
0.0
 10
240.8268897222222
 20
262.1976030555555
 30
0.0
  0
SPLINE
  5
ED
330
1F
100
AcDbEntity
  8
DEFAULT
 62
     1
100
AcDbSpline
210
0.0
220
0.0
230
1.0
 70
    11
 71
     3
 72
    80
 73
    76
 74
     0
 42
0.000000001
 43
0.0000000001
 40
1.0
 40
1.0
 40
1.0
 40
1.0
 40
2.0
 40
2.0
 40
2.0
 40
3.0
 40
3.0
 40
3.0
 40
4.0
 40
4.0
 40
4.0
 40
5.0
 40
5.0
 40
5.0
 40
6.0
 40
6.0
 40
6.0
 40
7.0
 40
7.0
 40
7.0
 40
8.0
 40
8.0
 40
8.0
 40
9.0
 40
9.0
 40
9.0
 40
10.0
 40
10.0
 40
10.0
 40
11.0
 40
11.0
 40
11.0
 40
12.0
 40
12.0
 40
12.0
 40
13.0
 40
13.0
 40
13.0
 40
14.0
 40
14.0
 40
14.0
 40
15.0
 40
15.0
 40
15.0
 40
16.0
 40
16.0
 40
16.0
 40
17.0
 40
17.0
 40
17.0
 40
18.0
 40
18.0
 40
18.0
 40
19.0
 40
19.0
 40
19.0
 40
20.0
 40
20.0
 40
20.0
 40
21.0
 40
21.0
 40
21.0
 40
29.503
 40
29.503
 40
29.503
 40
30.503
 40
30.503
 40
30.503
 40
31.503
 40
31.503
 40
31.503
 40
32.503
 40
32.503
 40
32.503
 40
33.503
 40
33.503
 40
33.503
 40
33.503
 10
240.0093625
 20
10.21453944444444
 30
0.0
 10
234.6661902777778
 20
10.73947277777778
 30
0.0
 10
231.4545013888889
 20
10.34083388888889
 30
0.0
 10
228.5525513888889
 20
12.23736722222222
 30
0.0
 10
223.8066319444444
 20
15.53548666666666
 30
0.0
 10
229.4457847222222
 20
8.965000555555553
 30
0.0
 10
222.6632791666667
 20
11.47642555555555
 30
0.0
 10
216.4438069444444
 20
13.783945
 30
0.0
 10
212.4955180555556
 20
15.13684777777778
 30
0.0
 10
209.4362291666667
 20
16.43048388888889
 30
0.0
 10
206.3787041666666
 20
17.72023944444444
 30
0.0
 10
196.7983180555555
 20
11.93150888888889
 30
0.0
 10
202.3806736111111
 20
18.30267555555555
 30
0.0
 10
203.8619875
 20
19.99671444444444
 30
0.0
 10
200.4195819444444
 20
19.12394222222222
 30
0.0
 10
202.1414902777778
 20
22.06363944444444
 30
0.0
 10
204.7125347222222
 20
26.46560055555555
 30
0.0
 10
200.6513569444444
 20
30.29465055555555
 30
0.0
 10
203.9826375
 20
37.23484777777777
 30
0.0
 10
206.2076069444444
 20
41.869995
 30
0.0
 10
205.0836569444444
 20
50.74165055555555
 30
0.0
 10
207.2542986111111
 20
53.99390888888889
 30
0.0
 10
208.1207208333333
 20
56.0001561111111
 30
0.0
 10
214.8097402777778
 20
66.85054222222222
 30
0.0
 10
214.8040958333333
 20
71.34140333333333
 30
0.0
 10
216.0084791666667
 20
70.99850333333332
 30
0.0
 10
217.6933458333333
 20
70.61573944444444
 30
0.0
 10
219.6233930555555
 20
71.34775333333333
 30
0.0
 10
219.9677041666666
 20
71.47757555555555
 30
0.0
 10
220.5568430555556
 20
71.12938388888888
 30
0.0
 10
220.3582291666667
 20
70.50673111111111
 30
0.0
 10
219.4805180555555
 20
67.75577
 30
0.0
 10
217.4897930555555
 20
61.87143666666666
 30
0.0
 10
217.4527513888889
 20
60.83709222222222
 30
0.0
 10
217.0992680555555
 20
57.47265055555555
 30
0.0
 10
214.0360986111111
 20
52.81598388888889
 30
0.0
 10
216.8674930555555
 20
48.76221444444444
 30
0.0
 10
220.1116375
 20
44.11577833333333
 30
0.0
 10
223.2372486111111
 20
41.09811722222221
 30
0.0
 10
224.5647513888889
 20
38.86291722222222
 30
0.0
 10
229.6267597222222
 20
30.04911722222221
 30
0.0
 10
223.9336319444444
 20
28.04463388888889
 30
0.0
 10
238.5252263888889
 20
20.52517555555556
 30
0.0
 10
239.8590791666666
 20
19.83761166666666
 30
0.0
 10
241.9062486111111
 20
20.87195611111111
 30
0.0
 10
243.5226763888888
 20
22.92053666666666
 30
0.0
 10
243.7181152777778
 20
23.16642277777778
 30
0.0
 10
244.4811736111111
 20
23.39431722222222
 30
0.0
 10
244.6028819444444
 20
22.788245
 30
0.0
 10
244.9362569444444
 20
21.17605055555556
 30
0.0
 10
245.3888708333333
 20
18.60394777777778
 30
0.0
 10
245.0068125
 20
17.31842555555555
 30
0.0
 10
245.0057541666666
 20
17.26303944444444
 30
0.0
 10
243.8888597222222
 20
16.81853944444444
 30
0.0
 10
242.5066763888888
 20
16.81430611111111
 30
0.0
 10
241.1227291666666
 20
16.812895
 30
0.0
 10
240.3473236111111
 20
16.86440055555556
 30
0.0
 10
240.0047763888888
 20
16.86087277777778
 30
0.0
 10
239.3387319444444
 20
16.86016722222222
 30
0.0
 10
238.6730402777777
 20
16.85981444444444
 30
0.0
 10
238.0069958333333
 20
16.85910888888889
 30
0.0
 10
238.0069958333333
 20
15.85921907407407
 30
0.0
 10
238.0069958333333
 20
14.85932925925926
 30
0.0
 10
238.0069958333333
 20
13.85943944444444
 30
0.0
 10
238.6740986111111
 20
13.86049777777778
 30
0.0
 10
239.3408486111111
 20
13.86155611111111
 30
0.0
 10
240.0079513888889
 20
13.86261444444444
 30
0.0
 10
240.3473236111111
 20
13.86473111111111
 30
0.0
 10
241.1259041666666
 20
13.91270888888889
 30
0.0
 10
242.5098513888888
 20
13.91376722222222
 30
0.0
 10
243.8937986111111
 20
13.91517833333333
 30
0.0
 10
245.0110458333333
 20
13.46820888888889
 30
0.0
 10
245.0117513888889
 20
13.41776166666666
 30
0.0
 10
245.0131625
 20
11.50993944444444
 30
0.0
 10
242.7737291666666
 20
10.215245
 30
0.0
 10
240.0093625
 20
10.21453944444444
 30
0.0
  0
POLYLINE
  5
EE
330
1F
100
AcDbEntity
  8
DEFAULT
 62
    18
100
AcDb2dPolyline
 66
     1
 10
0.0
 20
0.0
 30
0.0
  0
VERTEX
  5
EF
330
EE
100
AcDbEntity
  8
DEFAULT
 62
    18
100
AcDbVertex
100
AcDb2dVertex
 10
235.1855497222222
 20
16.42794388888889
 30
0.0
  0
VERTEX
  5
F0
330
EE
100
AcDbEntity
  8
DEFAULT
 62
    18
100
AcDbVertex
100
AcDb2dVertex
 10
235.1883719444444
 20
14.24530777777778
 30
0.0
  0
SEQEND
  5
F1
330
EE
100
AcDbEntity
  8
DEFAULT
 62
    18
  0
SPLINE
  5
F2
330
1F
100
AcDbEntity
  8
DEFAULT
 62
     1
100
AcDbSpline
210
0.0
220
0.0
230
1.0
 70
    11
 71
     3
 72
    83
 73
    79
 74
     0
 42
0.000000001
 43
0.0000000001
 40
1.0
 40
1.0
 40
1.0
 40
1.0
 40
2.0
 40
2.0
 40
2.0
 40
3.0
 40
3.0
 40
3.0
 40
4.0
 40
4.0
 40
4.0
 40
5.0
 40
5.0
 40
5.0
 40
6.0
 40
6.0
 40
6.0
 40
7.0
 40
7.0
 40
7.0
 40
8.0
 40
8.0
 40
8.0
 40
9.0
 40
9.0
 40
9.0
 40
10.0
 40
10.0
 40
10.0
 40
11.0
 40
11.0
 40
11.0
 40
12.0
 40
12.0
 40
12.0
 40
13.0
 40
13.0
 40
13.0
 40
14.0
 40
14.0
 40
14.0
 40
15.0
 40
15.0
 40
15.0
 40
16.0
 40
16.0
 40
16.0
 40
17.0
 40
17.0
 40
17.0
 40
18.0
 40
18.0
 40
18.0
 40
19.0
 40
19.0
 40
19.0
 40
20.0
 40
20.0
 40
20.0
 40
21.0
 40
21.0
 40
21.0
 40
22.0
 40
22.0
 40
22.0
 40
30.50200000000001
 40
30.50200000000001
 40
30.50200000000001
 40
31.50200000000001
 40
31.50200000000001
 40
31.50200000000001
 40
32.50200000000001
 40
32.50200000000001
 40
32.50200000000001
 40
33.50200000000001
 40
33.50200000000001
 40
33.50200000000001
 40
34.50200000000001
 40
34.50200000000001
 40
34.50200000000001
 40
34.50200000000001
 10
239.704245
 20
73.63992694444444
 30
0.0
 10
234.6983283333333
 20
74.13099361111111
 30
0.0
 10
232.5375644444444
 20
76.47202694444444
 30
0.0
 10
228.3197533333333
 20
77.46509638888888
 30
0.0
 10
224.2208283333333
 20
80.31836305555555
 30
0.0
 10
229.0944533333333
 20
74.45696027777777
 30
0.0
 10
223.2337561111111
 20
76.62724916666666
 30
0.0
 10
217.8609505555555
 20
78.6204436111111
 30
0.0
 10
214.4492366666666
 20
79.7920186111111
 30
0.0
 10
211.8083422222222
 20
80.90609083333332
 30
0.0
 10
209.1642727777778
 20
82.01875194444443
 30
0.0
 10
200.8881061111111
 20
77.01847972222221
 30
0.0
 10
205.7109311111111
 20
82.52534083333333
 30
0.0
 10
206.9908088888889
 20
83.9861936111111
 30
0.0
 10
204.0144227777778
 20
83.23477694444443
 30
0.0
 10
205.5006755555555
 20
85.77618805555555
 30
0.0
 10
207.7252922222222
 20
89.57807416666665
 30
0.0
 10
204.2151533333333
 20
92.88501305555556
 30
0.0
 10
207.0945255555555
 20
98.88152972222221
 30
0.0
 10
209.0182227777777
 20
102.8876741666667
 30
0.0
 10
208.0794811111111
 20
110.6117436111111
 30
0.0
 10
209.9537894444444
 20
113.4212658333333
 30
0.0
 10
209.9622561111111
 20
113.4449019444444
 30
0.0
 10
209.973545
 20
113.4695963888889
 30
0.0
 10
209.9851866666667
 20
113.4946436111111
 30
0.0
 10
211.0078894444444
 20
115.7792325
 30
0.0
 10
217.5120533333333
 20
124.3273908333333
 30
0.0
 10
217.5053505555555
 20
128.7709797222222
 30
0.0
 10
218.7129088888888
 20
128.4298436111111
 30
0.0
 10
220.3914255555555
 20
128.0439047222222
 30
0.0
 10
222.3246477777778
 20
128.7769769444444
 30
0.0
 10
222.6661366666666
 20
128.9053880555555
 30
0.0
 10
223.2485727777778
 20
128.5624880555555
 30
0.0
 10
223.0033922222222
 20
127.9715852777778
 30
0.0
 10
220.8323977777777
 20
124.7193269444444
 30
0.0
 10
221.9563477777778
 20
115.8480241666667
 30
0.0
 10
219.7317311111111
 20
111.2128769444444
 30
0.0
 10
216.4000977777777
 20
104.2726797222222
 30
0.0
 10
220.4616283333333
 20
100.4436297222222
 30
0.0
 10
217.8905838888888
 20
96.0416686111111
 30
0.0
 10
216.1683227777777
 20
93.1016186111111
 30
0.0
 10
219.6107283333333
 20
93.97474361111111
 30
0.0
 10
218.1297672222222
 20
92.28035194444442
 30
0.0
 10
212.5470588888889
 20
85.90953805555554
 30
0.0
 10
222.127445
 20
91.6982686111111
 30
0.0
 10
225.18497
 20
90.40816027777777
 30
0.0
 10
228.2442588888889
 20
89.11487694444445
 30
0.0
 10
232.1925477777777
 20
87.76162138888888
 30
0.0
 10
238.4116672222222
 20
85.45410194444443
 30
0.0
 10
245.1945255555555
 20
82.94267694444444
 30
0.0
 10
239.5553727777777
 20
89.51316305555555
 30
0.0
 10
244.3012922222222
 20
86.2150436111111
 30
0.0
 10
245.6513727777777
 20
85.27347972222222
 30
0.0
 10
245.0837533333333
 20
82.02933527777778
 30
0.0
 10
244.701695
 20
80.74381305555555
 30
0.0
 10
244.7006366666666
 20
80.68842694444443
 30
0.0
 10
243.5837422222222
 20
80.24392694444444
 30
0.0
 10
242.2015588888888
 20
80.23969361111111
 30
0.0
 10
240.8176116666666
 20
80.23863527777777
 30
0.0
 10
240.0404422222222
 20
80.28484916666665
 30
0.0
 10
239.6996588888888
 20
80.28626027777777
 30
0.0
 10
239.0336144444444
 20
80.28555472222222
 30
0.0
 10
238.3679227777777
 20
80.28520194444444
 30
0.0
 10
237.7018783333333
 20
80.28449638888888
 30
0.0
 10
237.7018783333333
 20
79.28472416666666
 30
0.0
 10
237.7018783333333
 20
78.28495194444444
 30
0.0
 10
237.7018783333333
 20
77.28517972222221
 30
0.0
 10
238.3689811111111
 20
77.28623805555556
 30
0.0
 10
239.0357311111111
 20
77.2869436111111
 30
0.0
 10
239.7028338888888
 20
77.28800194444445
 30
0.0
 10
240.0467922222222
 20
77.28835472222222
 30
0.0
 10
240.8207866666666
 20
77.33809638888889
 30
0.0
 10
242.2047338888889
 20
77.3395075
 30
0.0
 10
243.5886811111111
 20
77.34056583333333
 30
0.0
 10
244.7059283333333
 20
76.89359638888888
 30
0.0
 10
244.7034588888889
 20
76.84173805555555
 30
0.0
 10
244.7083977777777
 20
74.93532694444444
 30
0.0
 10
242.4672005555555
 20
73.64416027777777
 30
0.0
 10
239.704245
 20
73.63992694444444
 30
0.0
  0
POLYLINE
  5
F3
330
1F
100
AcDbEntity
  8
DEFAULT
 62
    18
100
AcDb2dPolyline
 66
     1
 10
0.0
 20
0.0
 30
0.0
  0
VERTEX
  5
F4
330
F3
100
AcDbEntity
  8
DEFAULT
 62
    18
100
AcDbVertex
100
AcDb2dVertex
 10
235.8664108333334
 20
79.92035916666667
 30
0.0
  0
VERTEX
  5
F5
330
F3
100
AcDbEntity
  8
DEFAULT
 62
    18
100
AcDbVertex
100
AcDb2dVertex
 10
235.8688802777778
 20
77.73772305555556
 30
0.0
  0
SEQEND
  5
F6
330
F3
100
AcDbEntity
  8
DEFAULT
 62
    18
  0
POLYLINE
  5
F7
330
1F
100
AcDbEntity
  8
DEFAULT
 62
    18
100
AcDb2dPolyline
 66
     1
 10
0.0
 20
0.0
 30
0.0
  0
VERTEX
  5
F8
330
F7
100
AcDbEntity
  8
DEFAULT
 62
    18
100
AcDbVertex
100
AcDb2dVertex
 10
234.5434941666666
 20
79.91863055555555
 30
0.0
  0
VERTEX
  5
F9
330
F7
100
AcDbEntity
  8
DEFAULT
 62
    18
100
AcDbVertex
100
AcDb2dVertex
 10
234.5459636111111
 20
77.73599444444443
 30
0.0
  0
SEQEND
  5
FA
330
F7
100
AcDbEntity
  8
DEFAULT
 62
    18
  0
SPLINE
  5
FB
330
1F
100
AcDbEntity
  8
DEFAULT
 62
     1
100
AcDbSpline
210
0.0
220
0.0
230
1.0
 70
    11
 71
     3
 72
    83
 73
    79
 74
     0
 42
0.000000001
 43
0.0000000001
 40
1.0
 40
1.0
 40
1.0
 40
1.0
 40
2.0
 40
2.0
 40
2.0
 40
3.0
 40
3.0
 40
3.0
 40
4.0
 40
4.0
 40
4.0
 40
5.0
 40
5.0
 40
5.0
 40
6.0
 40
6.0
 40
6.0
 40
7.0
 40
7.0
 40
7.0
 40
8.0
 40
8.0
 40
8.0
 40
9.0
 40
9.0
 40
9.0
 40
10.0
 40
10.0
 40
10.0
 40
11.0
 40
11.0
 40
11.0
 40
19.49799999999999
 40
19.49799999999999
 40
19.49799999999999
 40
20.49799999999999
 40
20.49799999999999
 40
20.49799999999999
 40
21.49799999999999
 40
21.49799999999999
 40
21.49799999999999
 40
22.49799999999999
 40
22.49799999999999
 40
22.49799999999999
 40
23.49799999999999
 40
23.49799999999999
 40
23.49799999999999
 40
24.49799999999999
 40
24.49799999999999
 40
24.49799999999999
 40
25.49799999999999
 40
25.49799999999999
 40
25.49799999999999
 40
26.49799999999999
 40
26.49799999999999
 40
26.49799999999999
 40
27.49799999999999
 40
27.49799999999999
 40
27.49799999999999
 40
28.49799999999999
 40
28.49799999999999
 40
28.49799999999999
 40
29.49799999999999
 40
29.49799999999999
 40
29.49799999999999
 40
30.49799999999999
 40
30.49799999999999
 40
30.49799999999999
 40
31.49799999999999
 40
31.49799999999999
 40
31.49799999999999
 40
32.49799999999999
 40
32.49799999999999
 40
32.49799999999999
 40
33.49799999999999
 40
33.49799999999999
 40
33.49799999999999
 40
34.49799999999999
 40
34.49799999999999
 40
34.49799999999999
 40
34.49799999999999
 10
225.9997808333333
 20
179.5427927777778
 30
0.0
 10
224.1222974999999
 20
176.7353872222222
 30
0.0
 10
225.0218808333333
 20
168.9365288888889
 30
0.0
 10
223.0939502777777
 20
164.9325011111111
 30
0.0
 10
220.2078752777777
 20
158.9391594444444
 30
0.0
 10
223.7144863888889
 20
155.6286927777778
 30
0.0
 10
221.4859891666666
 20
151.8289233333333
 30
0.0
 10
219.9969141666666
 20
149.2892761111111
 30
0.0
 10
222.9740058333333
 20
150.0375177777778
 30
0.0
 10
221.6930697222222
 20
148.5780761111111
 30
0.0
 10
216.8642475
 20
143.0761538888889
 30
0.0
 10
225.1453530555555
 20
148.0676066666666
 30
0.0
 10
227.7883641666666
 20
146.9524761111111
 30
0.0
 10
230.4282002777777
 20
145.8355816666667
 30
0.0
 10
233.8385030555555
 20
144.6601261111111
 30
0.0
 10
239.2095447222222
 20
142.66164
 30
0.0
 10
245.0677725
 20
140.4850011111111
 30
0.0
 10
240.2004975
 20
146.3513427777778
 30
0.0
 10
244.2962475
 20
143.4938427777778
 30
0.0
 10
245.6583225
 20
142.5646261111111
 30
0.0
 10
245.0801197222222
 20
139.4510094444444
 30
0.0
 10
244.6952391666666
 20
138.169015
 30
0.0
 10
244.6910058333333
 20
138.1122177777777
 30
0.0
 10
243.5751697222222
 20
137.6656011111111
 30
0.0
 10
242.1912225
 20
137.6659538888889
 30
0.0
 10
240.8104502777777
 20
137.6677177777778
 30
0.0
 10
240.033633611111
 20
137.7153427777777
 30
0.0
 10
239.6924974999999
 20
137.7167538888889
 30
0.0
 10
239.0257474999999
 20
137.7164011111111
 30
0.0
 10
238.3586447222222
 20
137.7160483333333
 30
0.0
 10
237.6918947222222
 20
137.7156955555556
 30
0.0
 10
237.6918947222222
 20
136.7163937037037
 30
0.0
 10
237.6918947222222
 20
135.7170918518518
 30
0.0
 10
237.6918947222222
 20
134.71779
 30
0.0
 10
238.3579391666666
 20
134.7174372222222
 30
0.0
 10
239.0236308333333
 20
134.7174372222222
 30
0.0
 10
239.6896752777778
 20
134.7170844444444
 30
0.0
 10
240.033633611111
 20
134.7170844444444
 30
0.0
 10
240.8076280555555
 20
134.7661205555555
 30
0.0
 10
242.1912225
 20
134.7657677777778
 30
0.0
 10
243.5751697222222
 20
134.765415
 30
0.0
 10
244.6920641666666
 20
134.3173872222222
 30
0.0
 10
244.6941808333333
 20
134.2634122222222
 30
0.0
 10
244.6924169444444
 20
132.3591177777778
 30
0.0
 10
242.4515725
 20
131.0668927777778
 30
0.0
 10
239.6868530555555
 20
131.0690094444444
 30
0.0
 10
234.3743725
 20
131.5942955555555
 30
0.0
 10
229.9681780555555
 20
135.7577788888889
 30
0.0
 10
228.4283030555555
 20
136.9695705555555
 30
0.0
 10
225.0180002777777
 20
139.3487038888889
 30
0.0
 10
229.0693002777778
 20
134.4221622222222
 30
0.0
 10
224.1907363888888
 20
136.2333233333333
 30
0.0
 10
219.7178669444444
 20
137.8984344444444
 30
0.0
 10
216.8734197222222
 20
138.8784511111111
 30
0.0
 10
214.6749086111111
 20
139.8076677777778
 30
0.0
 10
212.4753391666666
 20
140.7397066666666
 30
0.0
 10
205.5757113888889
 20
136.5793983333333
 30
0.0
 10
209.5956141666666
 20
141.1633927777777
 30
0.0
 10
210.6655891666666
 20
142.3776538888889
 30
0.0
 10
208.1876780555555
 20
141.7542955555555
 30
0.0
 10
209.4291030555555
 20
143.8709622222222
 30
0.0
 10
211.2847141666666
 20
147.0353788888889
 30
0.0
 10
208.3612447222222
 20
149.7955122222222
 30
0.0
 10
210.7647197222222
 20
154.7848483333333
 30
0.0
 10
212.3726808333333
 20
158.1242427777778
 30
0.0
 10
211.4163002777777
 20
164.5433872222222
 30
0.0
 10
212.9805169444444
 20
166.8847733333333
 30
0.0
 10
213.0471919444444
 20
166.9828455555555
 30
0.0
 10
213.0835280555555
 20
167.0706872222222
 30
0.0
 10
213.0958752777777
 20
167.1588816666666
 30
0.0
 10
214.7394669444444
 20
170.8002538888889
 30
0.0
 10
220.5507752777777
 20
175.84039
 30
0.0
 10
220.5511280555555
 20
180.2222427777778
 30
0.0
 10
221.7533947222222
 20
179.8814594444444
 30
0.0
 10
223.4361447222222
 20
179.4923455555555
 30
0.0
 10
225.3683086111111
 20
180.2264761111111
 30
0.0
 10
225.6942752777777
 20
180.3467733333333
 30
0.0
 10
226.1987474999999
 20
180.059965
 30
0.0
 10
225.9997808333333
 20
179.5427927777778
 30
0.0
  0
POLYLINE
  5
FC
330
1F
100
AcDbEntity
  8
DEFAULT
 62
    18
100
AcDb2dPolyline
 66
     1
 10
0.0
 20
0.0
 30
0.0
  0
VERTEX
  5
FD
330
FC
100
AcDbEntity
  8
DEFAULT
 62
    18
100
AcDbVertex
100
AcDb2dVertex
 10
235.9712916666666
 20
137.2804030555556
 30
0.0
  0
VERTEX
  5
FE
330
FC
100
AcDbEntity
  8
DEFAULT
 62
    18
100
AcDbVertex
100
AcDb2dVertex
 10
235.9719972222222
 20
135.0974141666667
 30
0.0
  0
SEQEND
  5
FF
330
FC
100
AcDbEntity
  8
DEFAULT
 62
    18
  0
POLYLINE
  5
100
330
1F
100
AcDbEntity
  8
DEFAULT
 62
    18
100
AcDb2dPolyline
 66
     1
 10
0.0
 20
0.0
 30
0.0
  0
VERTEX
  5
101
330
100
100
AcDbEntity
  8
DEFAULT
 62
    18
100
AcDbVertex
100
AcDb2dVertex
 10
235.3101508333333
 20
137.2804030555556
 30
0.0
  0
VERTEX
  5
102
330
100
100
AcDbEntity
  8
DEFAULT
 62
    18
100
AcDbVertex
100
AcDb2dVertex
 10
235.3101508333333
 20
135.0974141666667
 30
0.0
  0
SEQEND
  5
103
330
100
100
AcDbEntity
  8
DEFAULT
 62
    18
  0
POLYLINE
  5
104
330
1F
100
AcDbEntity
  8
DEFAULT
 62
    18
100
AcDb2dPolyline
 66
     1
 10
0.0
 20
0.0
 30
0.0
  0
VERTEX
  5
105
330
104
100
AcDbEntity
  8
DEFAULT
 62
    18
100
AcDbVertex
100
AcDb2dVertex
 10
234.6485513888888
 20
137.2797327777778
 30
0.0
  0
VERTEX
  5
106
330
104
100
AcDbEntity
  8
DEFAULT
 62
    18
100
AcDbVertex
100
AcDb2dVertex
 10
234.6489041666666
 20
135.0970966666667
 30
0.0
  0
SEQEND
  5
107
330
104
100
AcDbEntity
  8
DEFAULT
 62
    18
  0
SPLINE
  5
108
330
1F
100
AcDbEntity
  8
DEFAULT
 62
     1
100
AcDbSpline
210
0.0
220
0.0
230
1.0
 70
    11
 71
     3
 72
    86
 73
    82
 74
     0
 42
0.000000001
 43
0.0000000001
 40
1.0
 40
1.0
 40
1.0
 40
1.0
 40
2.0
 40
2.0
 40
2.0
 40
3.0
 40
3.0
 40
3.0
 40
4.0
 40
4.0
 40
4.0
 40
5.0
 40
5.0
 40
5.0
 40
6.0
 40
6.0
 40
6.0
 40
7.0
 40
7.0
 40
7.0
 40
8.0
 40
8.0
 40
8.0
 40
9.0
 40
9.0
 40
9.0
 40
10.0
 40
10.0
 40
10.0
 40
11.0
 40
11.0
 40
11.0
 40
19.49800000000005
 40
19.49800000000005
 40
19.49800000000005
 40
20.49800000000005
 40
20.49800000000005
 40
20.49800000000005
 40
21.49800000000005
 40
21.49800000000005
 40
21.49800000000005
 40
22.49800000000005
 40
22.49800000000005
 40
22.49800000000005
 40
23.49800000000005
 40
23.49800000000005
 40
23.49800000000005
 40
24.49800000000005
 40
24.49800000000005
 40
24.49800000000005
 40
25.49800000000005
 40
25.49800000000005
 40
25.49800000000005
 40
26.49800000000005
 40
26.49800000000005
 40
26.49800000000005
 40
27.49800000000005
 40
27.49800000000005
 40
27.49800000000005
 40
28.49800000000005
 40
28.49800000000005
 40
28.49800000000005
 40
29.49800000000005
 40
29.49800000000005
 40
29.49800000000005
 40
30.49800000000005
 40
30.49800000000005
 40
30.49800000000005
 40
31.49800000000005
 40
31.49800000000005
 40
31.49800000000005
 40
32.49800000000005
 40
32.49800000000005
 40
32.49800000000005
 40
33.49800000000005
 40
33.49800000000005
 40
33.49800000000005
 40
34.49800000000005
 40
34.49800000000005
 40
34.49800000000005
 40
35.49800000000005
 40
35.49800000000005
 40
35.49800000000005
 40
35.49800000000005
 10
229.0116916666666
 20
232.5669155555556
 30
0.0
 10
227.447475
 20
230.2258822222222
 30
0.0
 10
228.2881444444444
 20
223.5322766666667
 30
0.0
 10
226.6801833333333
 20
220.193235
 30
0.0
 10
224.2767083333333
 20
215.2038988888889
 30
0.0
 10
227.2001777777778
 20
212.4437655555556
 30
0.0
 10
225.3445666666667
 20
209.2793488888889
 30
0.0
 10
224.1031416666667
 20
207.1626822222222
 30
0.0
 10
226.5810527777778
 20
207.7860405555556
 30
0.0
 10
225.5110777777778
 20
206.5717794444444
 30
0.0
 10
221.491175
 20
201.987785
 30
0.0
 10
228.3908027777778
 20
206.1477405555555
 30
0.0
 10
230.590725
 20
205.2157016666666
 30
0.0
 10
232.7892361111111
 20
204.2868377777778
 30
0.0
 10
235.6333305555555
 20
203.3068211111111
 30
0.0
 10
240.1062
 20
201.64171
 30
0.0
 10
244.9847638888889
 20
199.8305488888889
 30
0.0
 10
240.9334638888889
 20
204.7570905555555
 30
0.0
 10
244.3437666666667
 20
202.3779572222222
 30
0.0
 10
245.5880138888889
 20
201.4822544444444
 30
0.0
 10
245.1234055555556
 20
198.1961294444445
 30
0.0
 10
244.7399361111111
 20
196.91096
 30
0.0
 10
244.7406416666666
 20
196.8523988888889
 30
0.0
 10
243.6230416666667
 20
196.40931
 30
0.0
 10
242.2394472222222
 20
196.40931
 30
0.0
 10
240.8555
 20
196.4096627777778
 30
0.0
 10
240.0786833333333
 20
196.4572877777778
 30
0.0
 10
239.7393111111111
 20
196.4555238888889
 30
0.0
 10
239.0722083333333
 20
196.4551711111111
 30
0.0
 10
238.4054583333333
 20
196.4548183333333
 30
0.0
 10
237.7383555555555
 20
196.4544655555556
 30
0.0
 10
237.7383555555556
 20
195.4551637037037
 30
0.0
 10
237.7383555555556
 20
194.4558618518519
 30
0.0
 10
237.7383555555555
 20
193.45656
 30
0.0
 10
238.4054583333333
 20
193.4569127777778
 30
0.0
 10
239.0722083333333
 20
193.4569127777778
 30
0.0
 10
239.7393111111111
 20
193.4572655555556
 30
0.0
 10
240.0783305555555
 20
193.4590294444445
 30
0.0
 10
240.8572638888889
 20
193.5063016666667
 30
0.0
 10
242.2398
 20
193.5091238888889
 30
0.0
 10
243.6202194444444
 20
193.50736
 30
0.0
 10
244.7402888888889
 20
193.0607433333333
 30
0.0
 10
244.7392305555555
 20
193.0053572222222
 30
0.0
 10
244.7420527777778
 20
191.0992988888889
 30
0.0
 10
241.0064888888889
 20
190.3097822222222
 30
0.0
 10
238.2435333333333
 20
190.3083711111111
 30
0.0
 10
231.5827361111111
 20
190.9726516666667
 30
0.0
 10
230.2806333333333
 20
194.2912322222222
 30
0.0
 10
228.0704805555555
 20
195.8670905555555
 30
0.0
 10
228.0613083333333
 20
195.8783794444444
 30
0.0
 10
228.0517833333333
 20
195.8819072222222
 30
0.0
 10
228.0412
 20
195.8882572222222
 30
0.0
 10
228.0299111111111
 20
195.89496
 30
0.0
 10
228.0193277777778
 20
195.90131
 30
0.0
 10
228.0115666666667
 20
195.9094238888889
 30
0.0
 10
225.3643222222222
 20
197.7537461111111
 30
0.0
 10
228.5103944444444
 20
193.8647238888889
 30
0.0
 10
224.7236777777778
 20
195.2708961111111
 30
0.0
 10
221.2541083333333
 20
196.5624155555555
 30
0.0
 10
219.0496
 20
197.3240627777778
 30
0.0
 10
217.3410972222222
 20
198.0451405555556
 30
0.0
 10
215.6361222222222
 20
198.7676294444445
 30
0.0
 10
210.2809555555556
 20
195.5400655555556
 30
0.0
 10
213.401275
 20
199.0928905555555
 30
0.0
 10
214.2285388888889
 20
200.0386877777778
 30
0.0
 10
212.3087222222222
 20
199.5564405555556
 30
0.0
 10
213.2696888888889
 20
201.1954461111111
 30
0.0
 10
214.7083166666667
 20
203.6528961111111
 30
0.0
 10
212.4441888888889
 20
205.7931988888889
 30
0.0
 10
214.30615
 20
209.6642294444444
 30
0.0
 10
215.5532194444444
 20
212.2529127777778
 30
0.0
 10
214.8127388888889
 20
217.8095155555555
 30
0.0
 10
216.0298222222222
 20
219.6256155555556
 30
0.0
 10
217.1290777777778
 20
221.3189488888889
 30
0.0
 10
223.5965527777778
 20
228.4739877777778
 30
0.0
 10
223.5954944444445
 20
232.9648488888889
 30
0.0
 10
224.7981138888889
 20
232.6240655555556
 30
0.0
 10
226.4840388888889
 20
232.2363627777778
 30
0.0
 10
228.4147916666666
 20
232.96626
 30
0.0
 10
228.6896055555555
 20
233.0699766666667
 30
0.0
 10
229.0557888888889
 20
232.9006433333333
 30
0.0
 10
229.0116916666666
 20
232.5669155555556
 30
0.0
  0
POLYLINE
  5
109
330
1F
100
AcDbEntity
  8
DEFAULT
 62
    18
100
AcDb2dPolyline
 66
     1
 10
0.0
 20
0.0
 30
0.0
  0
VERTEX
  5
10A
330
109
100
AcDbEntity
  8
DEFAULT
 62
    18
100
AcDbVertex
100
AcDb2dVertex
 10
234.3116486111111
 20
196.0497941666667
 30
0.0
  0
VERTEX
  5
10B
330
109
100
AcDbEntity
  8
DEFAULT
 62
    18
100
AcDbVertex
100
AcDb2dVertex
 10
234.9731069444444
 20
193.8671580555555
 30
0.0
  0
VERTEX
  5
10C
330
109
100
AcDbEntity
  8
DEFAULT
 62
    18
100
AcDbVertex
100
AcDb2dVertex
 10
235.5939958333333
 20
196.0501469444444
 30
0.0
  0
SEQEND
  5
10D
330
109
100
AcDbEntity
  8
DEFAULT
 62
    18
  0
POLYLINE
  5
10E
330
1F
100
AcDbEntity
  8
DEFAULT
 62
    18
100
AcDb2dPolyline
 66
     1
 10
0.0
 20
0.0
 30
0.0
  0
VERTEX
  5
10F
330
10E
100
AcDbEntity
  8
DEFAULT
 62
    18
100
AcDbVertex
100
AcDb2dVertex
 10
236.1676830555555
 20
196.0504644444444
 30
0.0
  0
VERTEX
  5
110
330
10E
100
AcDbEntity
  8
DEFAULT
 62
    18
100
AcDbVertex
100
AcDb2dVertex
 10
236.1676830555555
 20
193.8674755555556
 30
0.0
  0
SEQEND
  5
111
330
10E
100
AcDbEntity
  8
DEFAULT
 62
    18
  0
SPLINE
  5
112
330
1F
100
AcDbEntity
  8
DEFAULT
 62
     1
100
AcDbSpline
210
0.0
220
0.0
230
1.0
 70
    11
 71
     3
 72
    86
 73
    82
 74
     0
 42
0.000000001
 43
0.0000000001
 40
1.0
 40
1.0
 40
1.0
 40
1.0
 40
2.0
 40
2.0
 40
2.0
 40
3.0
 40
3.0
 40
3.0
 40
4.0
 40
4.0
 40
4.0
 40
5.0
 40
5.0
 40
5.0
 40
6.0
 40
6.0
 40
6.0
 40
7.0
 40
7.0
 40
7.0
 40
8.0
 40
8.0
 40
8.0
 40
13.65999999999997
 40
13.65999999999997
 40
13.65999999999997
 40
22.15999999999997
 40
22.15999999999997
 40
22.15999999999997
 40
27.81999999999994
 40
27.81999999999994
 40
27.81999999999994
 40
28.81999999999994
 40
28.81999999999994
 40
28.81999999999994
 40
29.81999999999994
 40
29.81999999999994
 40
29.81999999999994
 40
30.81999999999994
 40
30.81999999999994
 40
30.81999999999994
 40
31.81999999999994
 40
31.81999999999994
 40
31.81999999999994
 40
32.81999999999994
 40
32.81999999999994
 40
32.81999999999994
 40
33.81999999999994
 40
33.81999999999994
 40
33.81999999999994
 40
34.81999999999994
 40
34.81999999999994
 40
34.81999999999994
 40
35.81999999999994
 40
35.81999999999994
 40
35.81999999999994
 40
36.81999999999994
 40
36.81999999999994
 40
36.81999999999994
 40
37.81999999999994
 40
37.81999999999994
 40
37.81999999999994
 40
38.81999999999994
 40
38.81999999999994
 40
38.81999999999994
 40
39.81999999999994
 40
39.81999999999994
 40
39.81999999999994
 40
40.81999999999994
 40
40.81999999999994
 40
40.81999999999994
 40
41.81999999999994
 40
41.81999999999994
 40
41.81999999999994
 40
42.81999999999994
 40
42.81999999999994
 40
42.81999999999994
 40
43.81999999999994
 40
43.81999999999994
 40
43.81999999999994
 40
44.81999999999994
 40
44.81999999999994
 40
44.81999999999994
 40
44.81999999999994
 10
153.0374341666667
 20
156.8652141666666
 30
0.0
 10
154.7201841666666
 20
151.9933530555556
 30
0.0
 10
148.4160452777778
 20
154.2476030555555
 30
0.0
 10
149.0228230555555
 20
151.4218530555555
 30
0.0
 10
149.2450730555555
 20
150.3882141666666
 30
0.0
 10
149.1851008333333
 20
149.8978530555555
 30
0.0
 10
148.9416841666666
 20
149.7285197222222
 30
0.0
 10
148.8781841666666
 20
149.7249919444444
 30
0.0
 10
148.8111563888889
 20
149.7038252777778
 30
0.0
 10
148.7335452777778
 20
149.6614919444444
 30
0.0
 10
148.7264897222222
 20
149.6614919444444
 30
0.0
 10
148.7159063888889
 20
149.6579641666667
 30
0.0
 10
148.7088508333333
 20
149.6579641666667
 30
0.0
 10
147.9574341666666
 20
149.6156308333333
 30
0.0
 10
147.9045175
 20
150.8750475
 30
0.0
 10
146.6415730555555
 20
150.8785752777778
 30
0.0
 10
146.5886563888889
 20
150.8785752777778
 30
0.0
 10
146.1406286111111
 20
151.9968808333333
 30
0.0
 10
146.1406286111111
 20
153.3832975
 30
0.0
 10
146.1406286111111
 20
154.7661863888889
 30
0.0
 10
146.1900175
 20
155.5387697222222
 30
0.0
 10
146.1900175
 20
155.8844919444444
 30
0.0
 10
146.1900175
 20
156.5500660185185
 30
0.0
 10
146.1900175
 20
157.2156400925926
 30
0.0
 10
146.1900175
 20
157.8812141666667
 30
0.0
 10
145.1904804629629
 20
157.8812141666667
 30
0.0
 10
144.1909434259259
 20
157.8812141666667
 30
0.0
 10
143.1914063888889
 20
157.8812141666667
 30
0.0
 10
143.1914063888889
 20
157.2156400925926
 30
0.0
 10
143.1914063888889
 20
156.5500660185185
 30
0.0
 10
143.1914063888889
 20
155.8844919444444
 30
0.0
 10
143.1914063888889
 20
155.5387697222222
 30
0.0
 10
143.2407952777778
 20
154.7661863888889
 30
0.0
 10
143.2407952777778
 20
153.3832975
 30
0.0
 10
143.2407952777778
 20
152.0180475
 30
0.0
 10
142.8104063888889
 20
150.9138530555555
 30
0.0
 10
142.7398508333333
 20
150.8785752777778
 30
0.0
 10
141.4804341666666
 20
150.8750475
 30
0.0
 10
141.4239897222222
 20
149.6156308333333
 30
0.0
 10
140.6725730555555
 20
149.6579641666667
 30
0.0
 10
140.6655175
 20
149.6579641666667
 30
0.0
 10
140.6619897222222
 20
149.6579641666667
 30
0.0
 10
140.6549341666666
 20
149.6614919444444
 30
0.0
 10
140.5773230555556
 20
149.7038252777778
 30
0.0
 10
140.5067675
 20
149.7249919444444
 30
0.0
 10
140.4362119444444
 20
149.7285197222222
 30
0.0
 10
140.1963230555556
 20
149.9049086111111
 30
0.0
 10
140.1363508333333
 20
150.3952697222222
 30
0.0
 10
140.3586008333333
 20
151.4218530555555
 30
0.0
 10
140.9653786111111
 20
154.2476030555555
 30
0.0
 10
134.6612397222222
 20
151.9933530555556
 30
0.0
 10
136.3439897222222
 20
156.8652141666666
 30
0.0
 10
136.8766841666666
 20
158.4033252777778
 30
0.0
 10
135.0387119444444
 20
159.2429363888889
 30
0.0
 10
136.0582397222222
 20
161.5712697222222
 30
0.0
 10
137.6386841666666
 20
165.1872419444444
 30
0.0
 10
136.5274341666666
 20
162.2556586111111
 30
0.0
 10
138.4289063888889
 20
160.1001863888889
 30
0.0
 10
140.1927952777777
 20
158.0999363888889
 30
0.0
 10
139.0744897222222
 20
165.0990475
 30
0.0
 10
140.6514063888889
 20
164.2488530555555
 30
0.0
 10
141.3111008333333
 20
163.8925475
 30
0.0
 10
141.4663230555555
 20
165.4659363888889
 30
0.0
 10
142.7398508333333
 20
165.4659363888889
 30
0.0
 10
143.7558508333333
 20
165.3389363888889
 30
0.0
 10
144.0274897222222
 20
164.8767975
 30
0.0
 10
144.6907119444444
 20
164.8767975
 30
0.0
 10
145.3539341666666
 20
164.8767975
 30
0.0
 10
145.6255730555555
 20
165.3389363888889
 30
0.0
 10
146.6415730555555
 20
165.4659363888889
 30
0.0
 10
147.9151008333333
 20
165.4659363888889
 30
0.0
 10
148.0703230555555
 20
163.8925475
 30
0.0
 10
148.7300175
 20
164.2488530555555
 30
0.0
 10
150.3069341666667
 20
165.0990475
 30
0.0
 10
149.1886286111111
 20
158.0999363888889
 30
0.0
 10
150.9525175
 20
160.1001863888889
 30
0.0
 10
152.8539897222222
 20
162.2556586111111
 30
0.0
 10
151.7427397222222
 20
165.1872419444444
 30
0.0
 10
153.3231841666666
 20
161.5712697222222
 30
0.0
 10
154.3427119444444
 20
159.2429363888889
 30
0.0
 10
152.5047397222222
 20
158.4033252777778
 30
0.0
 10
153.0374341666667
 20
156.8652141666666
 30
0.0
  0
SPLINE
  5
113
330
1F
100
AcDbEntity
  8
DEFAULT
 62
     1
100
AcDbSpline
210
0.0
220
0.0
230
1.0
 70
    11
 71
     3
 72
    80
 73
    76
 74
     0
 42
0.000000001
 43
0.0000000001
 40
1.0
 40
1.0
 40
1.0
 40
1.0
 40
2.0
 40
2.0
 40
2.0
 40
3.0
 40
3.0
 40
3.0
 40
4.0
 40
4.0
 40
4.0
 40
9.658999999999992
 40
9.658999999999992
 40
9.658999999999992
 40
18.15899999999999
 40
18.15899999999999
 40
18.15899999999999
 40
23.82899999999995
 40
23.82899999999995
 40
23.82899999999995
 40
24.82899999999995
 40
24.82899999999995
 40
24.82899999999995
 40
25.82899999999995
 40
25.82899999999995
 40
25.82899999999995
 40
26.82899999999995
 40
26.82899999999995
 40
26.82899999999995
 40
27.82899999999995
 40
27.82899999999995
 40
27.82899999999995
 40
28.82899999999995
 40
28.82899999999995
 40
28.82899999999995
 40
29.82899999999995
 40
29.82899999999995
 40
29.82899999999995
 40
30.82899999999995
 40
30.82899999999995
 40
30.82899999999995
 40
31.82899999999995
 40
31.82899999999995
 40
31.82899999999995
 40
32.82899999999995
 40
32.82899999999995
 40
32.82899999999995
 40
33.82899999999995
 40
33.82899999999995
 40
33.82899999999995
 40
34.82899999999995
 40
34.82899999999995
 40
34.82899999999995
 40
35.82899999999995
 40
35.82899999999995
 40
35.82899999999995
 40
36.82899999999995
 40
36.82899999999995
 40
36.82899999999995
 40
37.82899999999995
 40
37.82899999999995
 40
37.82899999999995
 40
38.82899999999995
 40
38.82899999999995
 40
38.82899999999995
 40
39.82899999999995
 40
39.82899999999995
 40
39.82899999999995
 40
40.82899999999995
 40
40.82899999999995
 40
40.82899999999995
 40
41.82899999999995
 40
41.82899999999995
 40
41.82899999999995
 40
42.82899999999995
 40
42.82899999999995
 40
42.82899999999995
 40
42.82899999999995
 10
149.3058566666666
 20
111.678085
 30
0.0
 10
148.4521344444444
 20
110.78591
 30
0.0
 10
146.3989677777778
 20
110.4278405555555
 30
0.0
 10
145.5769955555556
 20
111.2392294444444
 30
0.0
 10
145.4570511111111
 20
111.4861738888889
 30
0.0
 10
145.122265
 20
112.484535
 30
0.0
 10
145.122265
 20
113.6804516666666
 30
0.0
 10
145.122265
 20
115.0636933333333
 30
0.0
 10
145.1709483333333
 20
115.8394516666666
 30
0.0
 10
145.1709483333333
 20
116.1819988888889
 30
0.0
 10
145.1709483333333
 20
116.8474553703704
 30
0.0
 10
145.1709483333333
 20
117.5129118518518
 30
0.0
 10
145.1709483333333
 20
118.1783683333333
 30
0.0
 10
144.1714112962963
 20
118.1783683333333
 30
0.0
 10
143.1718742592593
 20
118.1783683333333
 30
0.0
 10
142.1723372222222
 20
118.1783683333333
 30
0.0
 10
142.1723372222222
 20
117.5116183333333
 30
0.0
 10
142.1723372222222
 20
116.8448683333333
 30
0.0
 10
142.1723372222222
 20
116.1781183333333
 30
0.0
 10
142.1723372222222
 20
115.8394516666666
 30
0.0
 10
142.2185511111111
 20
115.0636933333333
 30
0.0
 10
142.2185511111111
 20
113.6804516666666
 30
0.0
 10
142.2185511111111
 20
112.3857572222222
 30
0.0
 10
141.8308483333333
 20
111.3171933333333
 30
0.0
 10
141.7355983333333
 20
111.1933683333333
 30
0.0
 10
141.0790788888889
 20
110.5548405555555
 30
0.0
 10
138.5390788888889
 20
111.4720627777778
 30
0.0
 10
138.1369122222222
 20
111.8989238888889
 30
0.0
 10
136.7575511111111
 20
113.3700072222222
 30
0.0
 10
138.5359038888889
 20
113.3558961111111
 30
0.0
 10
138.3842094444444
 20
115.8923683333333
 30
0.0
 10
138.1795983333333
 20
119.3495905555555
 30
0.0
 10
132.8946344444444
 20
118.2065905555556
 30
0.0
 10
134.359015
 20
116.60886
 30
0.0
 10
135.8156344444444
 20
115.02136
 30
0.0
 10
134.4472094444444
 20
114.1253044444444
 30
0.0
 10
132.7253011111111
 20
111.8213127777778
 30
0.0
 10
132.3372455555555
 20
111.2992016666666
 30
0.0
 10
132.1149955555555
 20
111.4194988888889
 30
0.0
 10
131.8504122222222
 20
111.6981933333333
 30
0.0
 10
131.66344
 20
111.9165627777778
 30
0.0
 10
131.3604038888889
 20
112.1599794444444
 30
0.0
 10
130.9476538888889
 20
112.5692016666667
 30
0.0
 10
130.0265511111111
 20
113.5220544444444
 30
0.0
 10
126.1491705555555
 20
119.5718405555555
 30
0.0
 10
130.1429677777778
 20
120.6940266666667
 30
0.0
 10
132.5273927777778
 20
121.3639516666667
 30
0.0
 10
136.143365
 20
123.1211377777778
 30
0.0
 10
136.8104677777777
 20
123.8439794444444
 30
0.0
 10
138.4159594444444
 20
125.3573961111111
 30
0.0
 10
140.5710788888889
 20
124.7929516666666
 30
0.0
 10
141.7140788888889
 20
125.7669711111111
 30
0.0
 10
143.0969677777778
 20
126.8778683333333
 30
0.0
 10
144.7659594444444
 20
127.0440266666667
 30
0.0
 10
145.6232094444444
 20
125.7701461111111
 30
0.0
 10
146.4483566666667
 20
124.9552294444444
 30
0.0
 10
147.9547177777778
 20
124.8740905555555
 30
0.0
 10
148.8049122222222
 20
125.7701461111111
 30
0.0
 10
151.821515
 20
128.0208683333333
 30
0.0
 10
155.2078288888889
 20
122.0310544444444
 30
0.0
 10
159.2016261111111
 20
120.4502572222222
 30
0.0
 10
160.9859761111111
 20
119.7447016666666
 30
0.0
 10
161.2967733333333
 20
119.3954516666666
 30
0.0
 10
160.7926538888889
 20
119.2970266666666
 30
0.0
 10
159.82569
 20
119.1097016666666
 30
0.0
 10
155.8742261111111
 20
119.8399516666666
 30
0.0
 10
153.5571816666667
 20
120.7148405555555
 30
0.0
 10
149.6801538888889
 20
122.1792211111111
 30
0.0
 10
149.1936733333333
 20
115.0083072222222
 30
0.0
 10
149.3838205555555
 20
113.6984433333333
 30
0.0
 10
149.4670761111111
 20
113.1230627777778
 30
0.0
 10
149.5725566666666
 20
112.7477072222222
 30
0.0
 10
149.5937233333333
 20
112.4612516666667
 30
0.0
 10
149.6173594444444
 20
112.154335
 30
0.0
 10
149.5566816666667
 20
111.9405516666667
 30
0.0
 10
149.3058566666666
 20
111.678085
 30
0.0
  0
ENDSEC
  0
SECTION
  2
OBJECTS
  0
DICTIONARY
  5
C
330
0
100
AcDbDictionary
  3
ACAD_GROUP
350
D
  3
ACAD_LAYOUT
350
1A
  3
ACAD_MATERIAL
350
43
  3
ACAD_MLEADERSTYLE
350
136
  3
ACAD_MLINESTYLE
350
17
  3
ACAD_PLOTSETTINGS
350
19
  3
ACAD_SCALELIST
350
47
  3
ACAD_VISUALSTYLE
350
2A
  3
ACDBHEADERROUNDTRIPXREC
350
114
  3
ACDBVARIABLEDICTIONARY
350
134
  0
DICTIONARY
  5
D
102
{ACAD_REACTORS
330
C
102
}
330
C
100
AcDbDictionary
  0
DICTIONARY
  5
1A
102
{ACAD_REACTORS
330
C
102
}
330
C
100
AcDbDictionary
  0
DICTIONARY
  5
43
102
{ACAD_REACTORS
330
C
102
}
330
C
100
AcDbDictionary
  3
BYBLOCK
350
45
  3
BYLAYER
350
44
  3
GLOBAL
350
46
  0
DICTIONARY
  5
136
102
{ACAD_REACTORS
330
C
102
}
330
C
100
AcDbDictionary
  0
DICTIONARY
  5
17
102
{ACAD_REACTORS
330
C
102
}
330
C
100
AcDbDictionary
  3
STANDARD
350
18
  0
DICTIONARY
  5
19
102
{ACAD_REACTORS
330
C
102
}
330
C
100
AcDbDictionary
  0
DICTIONARY
  5
47
102
{ACAD_REACTORS
330
C
102
}
330
C
100
AcDbDictionary
  3
A0
350
48
  3
A1
350
49
  3
A2
350
4A
  3
A3
350
4B
  3
A4
350
4C
  3
A5
350
4D
  3
A6
350
4E
  3
A7
350
4F
  3
A8
350
50
  3
A9
350
51
  3
B0
350
52
  3
B1
350
53
  3
B2
350
54
  3
B3
350
55
  3
B4
350
56
  3
B5
350
57
  3
B6
350
58
  3
B7
350
59
  3
B8
350
5A
  3
B9
350
5B
  3
C0
350
5C
  3
C1
350
5D
  3
C2
350
5E
  3
C3
350
5F
  3
C4
350
60
  3
C5
350
61
  3
C6
350
62
  3
C7
350
63
  3
C8
350
64
  3
C9
350
65
  3
D0
350
66
  3
D1
350
67
  3
D2
350
68
  0
DICTIONARY
  5
2A
102
{ACAD_REACTORS
330
C
102
}
330
C
100
AcDbDictionary
  3
2DWIREFRAME
350
2F
  3
BASIC
350
32
  3
BRIGHTEN
350
36
  3
COLORCHANGE
350
3A
  3
CONCEPTUAL
350
34
  3
DIM
350
35
  3
EDGECOLOROFF
350
3D
  3
FACEPATTERN
350
39
  3
FLAT
350
2B
  3
FLATWITHEDGES
350
2C
  3
GOURAUD
350
2D
  3
GOURAUDWITHEDGES
350
2E
  3
HIDDEN
350
31
  3
JITTEROFF
350
3B
  3
LINEPATTERN
350
38
  3
OVERHANGOFF
350
3C
  3
REALISTIC
350
33
  3
SHADED
350
42
  3
SHADED_WITH_EDGES
350
41
  3
SHADES_OF_GRAY
350
3E
  3
SKETCHY
350
3F
  3
THICKEN
350
37
  3
WIREFRAME
350
30
  3
X-RAY
350
40
  0
DICTIONARY
  5
114
102
{ACAD_REACTORS
330
C
102
}
330
C
100
AcDbDictionary
  3
CEPSNTYPE
350
11D
  3
DIMSTYLEDATA
350
133
  3
FINGERPRINTGUID
350
11E
  3
HYPERLINKBASE
350
117
  3
INSUNITS
350
11C
  3
LAYOUTDICT
350
119
  3
LWETCUNION
350
11B
  3
PLOTSETDICT
350
11A
  3
PSVPSCALE
350
120
  3
PUCSBASE
350
123
  3
PUCSORGBACK
350
129
  3
PUCSORGBOTTOM
350
125
  3
PUCSORGFRONT
350
128
  3
PUCSORGLEFT
350
126
  3
PUCSORGRIGHT
350
127
  3
PUCSORGTOP
350
124
  3
PUCSORTHOREF
350
121
  3
PUCSORTHOVIEW
350
122
  3
STYLESHEET
350
118
  3
TSTACKALIGN
350
115
  3
TSTACKSIZE
350
116
  3
UCSBASE
350
12C
  3
UCSORGBACK
350
132
  3
UCSORGBOTTOM
350
12E
  3
UCSORGFRONT
350
131
  3
UCSORGLEFT
350
12F
  3
UCSORGRIGHT
350
130
  3
UCSORGTOP
350
12D
  3
UCSORTHOREF
350
12A
  3
UCSORTHOVIEW
350
12B
  3
VERSIONGUID
350
11F
  0
DICTIONARY
  5
134
102
{ACAD_REACTORS
330
C
102
}
330
C
100
AcDbDictionary
  3
CANNOSCALE
350
13B
  3
DIMASSOC
350
139
  3
HIDETEXT
350
13A
  3
MSLTSCALE
350
13C
  0
MATERIAL
  5
45
102
{ACAD_REACTORS
330
43
102
}
102
{ACAD_XDICTIONARY
360
13F
102
}
330
43
100
AcDbMaterial
  1
BYBLOCK
  0
MATERIAL
  5
44
102
{ACAD_REACTORS
330
43
102
}
102
{ACAD_XDICTIONARY
360
13D
102
}
330
43
100
AcDbMaterial
  1
BYLAYER
  0
MATERIAL
  5
46
102
{ACAD_REACTORS
330
43
102
}
102
{ACAD_XDICTIONARY
360
141
102
}
330
43
100
AcDbMaterial
  1
GLOBAL
  0
MLINESTYLE
  5
18
102
{ACAD_REACTORS
330
17
102
}
330
17
100
AcDbMlineStyle
  2
Standard
 70
     0
  3

 62
   256
 51
90.0
 52
90.0
 71
     2
 49
0.5
 62
   256
  6
BYLAYER
 49
-0.5
 62
   256
  6
BYLAYER
  0
ACAD_PROXY_OBJECT
  5
48
102
{ACAD_REACTORS
330
47
102
}
330
47
100
AcDbProxyObject
 90
      499
 91
      503
 93
       41
310
903313A31580
  0
ACAD_PROXY_OBJECT
  5
49
102
{ACAD_REACTORS
330
47
102
}
330
47
100
AcDbProxyObject
 90
      499
 91
      503
 93
      105
310
903313A324000000000000004000
  0
ACAD_PROXY_OBJECT
  5
4A
102
{ACAD_REACTORS
330
47
102
}
330
47
100
AcDbProxyObject
 90
      499
 91
      503
 93
      105
310
903313A344000000000000104000
  0
ACAD_PROXY_OBJECT
  5
4B
102
{ACAD_REACTORS
330
47
102
}
330
47
100
AcDbProxyObject
 90
      499
 91
      503
 93
      105
310
903313A354000000000000144000
  0
ACAD_PROXY_OBJECT
  5
4C
102
{ACAD_REACTORS
330
47
102
}
330
47
100
AcDbProxyObject
 90
      499
 91
      503
 93
      105
310
903313A384000000000000204000
  0
ACAD_PROXY_OBJECT
  5
4D
102
{ACAD_REACTORS
330
47
102
}
330
47
100
AcDbProxyObject
 90
      499
 91
      503
 93
      113
310
904313A31304000000000000244000
  0
ACAD_PROXY_OBJECT
  5
4E
102
{ACAD_REACTORS
330
47
102
}
330
47
100
AcDbProxyObject
 90
      499
 91
      503
 93
      113
310
904313A31364000000000000304000
  0
ACAD_PROXY_OBJECT
  5
4F
102
{ACAD_REACTORS
330
47
102
}
330
47
100
AcDbProxyObject
 90
      499
 91
      503
 93
      113
310
904313A32304000000000000344000
  0
ACAD_PROXY_OBJECT
  5
50
102
{ACAD_REACTORS
330
47
102
}
330
47
100
AcDbProxyObject
 90
      499
 91
      503
 93
      113
310
904313A333040000000000003E4000
  0
ACAD_PROXY_OBJECT
  5
51
102
{ACAD_REACTORS
330
47
102
}
330
47
100
AcDbProxyObject
 90
      499
 91
      503
 93
      113
310
904313A34304000000000000444000
  0
ACAD_PROXY_OBJECT
  5
52
102
{ACAD_REACTORS
330
47
102
}
330
47
100
AcDbProxyObject
 90
      499
 91
      503
 93
      113
310
904313A35304000000000000494000
  0
ACAD_PROXY_OBJECT
  5
53
102
{ACAD_REACTORS
330
47
102
}
330
47
100
AcDbProxyObject
 90
      499
 91
      503
 93
      121
310
905313A3130304000000000000594000
  0
ACAD_PROXY_OBJECT
  5
54
102
{ACAD_REACTORS
330
47
102
}
330
47
100
AcDbProxyObject
 90
      499
 91
      503
 93
      105
310
903323A310000000000000010100
  0
ACAD_PROXY_OBJECT
  5
55
102
{ACAD_REACTORS
330
47
102
}
330
47
100
AcDbProxyObject
 90
      499
 91
      503
 93
      105
310
903343A310000000000000410100
  0
ACAD_PROXY_OBJECT
  5
56
102
{ACAD_REACTORS
330
47
102
}
330
47
100
AcDbProxyObject
 90
      499
 91
      503
 93
      105
310
903383A310000000000000810100
  0
ACAD_PROXY_OBJECT
  5
57
102
{ACAD_REACTORS
330
47
102
}
330
47
100
AcDbProxyObject
 90
      499
 91
      503
 93
      113
310
90431303A310000000000000910100
  0
ACAD_PROXY_OBJECT
  5
58
102
{ACAD_REACTORS
330
47
102
}
330
47
100
AcDbProxyObject
 90
      499
 91
      503
 93
      121
310
9053130303A310000000000001650100
  0
ACAD_PROXY_OBJECT
  5
59
102
{ACAD_REACTORS
330
47
102
}
330
47
100
AcDbProxyObject
 90
      499
 91
      503
 93
      257
310
90E312F31323822203D2031272D3022000000000000200FC000000000000284000
  0
ACAD_PROXY_OBJECT
  5
5A
102
{ACAD_REACTORS
330
47
102
}
330
47
100
AcDbProxyObject
 90
      499
 91
      503
 93
      249
310
90D312F363422203D2031272D3022000000000000240FC000000000000284000
  0
ACAD_PROXY_OBJECT
  5
5B
102
{ACAD_REACTORS
330
47
102
}
330
47
100
AcDbProxyObject
 90
      499
 91
      503
 93
      249
310
90D312F333222203D2031272D3022000000000000280FC000000000000284000
  0
ACAD_PROXY_OBJECT
  5
5C
102
{ACAD_REACTORS
330
47
102
}
330
47
100
AcDbProxyObject
 90
      499
 91
      503
 93
      249
310
90D312F313622203D2031272D30220000000000002C0FC000000000000284000
  0
ACAD_PROXY_OBJECT
  5
5D
102
{ACAD_REACTORS
330
47
102
}
330
47
100
AcDbProxyObject
 90
      499
 91
      503
 93
      249
310
90D332F333222203D2031272D30220000000000002E0FC000000000000284000
  0
ACAD_PROXY_OBJECT
  5
5E
102
{ACAD_REACTORS
330
47
102
}
330
47
100
AcDbProxyObject
 90
      499
 91
      503
 93
      241
310
90C312F3822203D2031272D3022000000000000300FC000000000000284000
  0
ACAD_PROXY_OBJECT
  5
5F
102
{ACAD_REACTORS
330
47
102
}
330
47
100
AcDbProxyObject
 90
      499
 91
      503
 93
      249
310
90D332F313622203D2031272D3022000000000000320FC000000000000284000
  0
ACAD_PROXY_OBJECT
  5
60
102
{ACAD_REACTORS
330
47
102
}
330
47
100
AcDbProxyObject
 90
      499
 91
      503
 93
      241
310
90C312F3422203D2031272D3022000000000000340FC000000000000284000
  0
ACAD_PROXY_OBJECT
  5
61
102
{ACAD_REACTORS
330
47
102
}
330
47
100
AcDbProxyObject
 90
      499
 91
      503
 93
      241
310
90C332F3822203D2031272D3022000000000000360FC000000000000284000
  0
ACAD_PROXY_OBJECT
  5
62
102
{ACAD_REACTORS
330
47
102
}
330
47
100
AcDbProxyObject
 90
      499
 91
      503
 93
      241
310
90C312F3222203D2031272D3022000000000000380FC000000000000284000
  0
ACAD_PROXY_OBJECT
  5
63
102
{ACAD_REACTORS
330
47
102
}
330
47
100
AcDbProxyObject
 90
      499
 91
      503
 93
      241
310
90C332F3422203D2031272D30220000000000003A0FC000000000000284000
  0
ACAD_PROXY_OBJECT
  5
64
102
{ACAD_REACTORS
330
47
102
}
330
47
100
AcDbProxyObject
 90
      499
 91
      503
 93
      161
310
90A3122203D2031272D30224000000000000284000
  0
ACAD_PROXY_OBJECT
  5
65
102
{ACAD_REACTORS
330
47
102
}
330
47
100
AcDbProxyObject
 90
      499
 91
      503
 93
      257
310
90E312D312F3222203D2031272D30220000000000003E0FC000000000000284000
  0
ACAD_PROXY_OBJECT
  5
66
102
{ACAD_REACTORS
330
47
102
}
330
47
100
AcDbProxyObject
 90
      499
 91
      503
 93
      225
310
90A3322203D2031272D302200000000000002100000000000000284000
  0
ACAD_PROXY_OBJECT
  5
67
102
{ACAD_REACTORS
330
47
102
}
330
47
100
AcDbProxyObject
 90
      499
 91
      503
 93
      225
310
90A3622203D2031272D302200000000000006100000000000000284000
  0
ACAD_PROXY_OBJECT
  5
68
102
{ACAD_REACTORS
330
47
102
}
330
47
100
AcDbProxyObject
 90
      499
 91
      503
 93
      249
310
90D31272D3022203D2031272D30220000000000000A100000000000000284000
  0
ACAD_PROXY_OBJECT
  5
2F
102
{ACAD_REACTORS
330
2A
102
}
330
2A
100
AcDbProxyObject
 90
      499
 91
      501
 93
      436
310
42CC9915DA5C99599C985B595049028333333333333E33F0000000000000F90107901411070040501600405405064090741402480A0340
1001
ACAD
1000
AcDbSavedByObjectVersion
1070
     0
  0
ACAD_PROXY_OBJECT
  5
32
102
{ACAD_REACTORS
330
2A
102
}
330
2A
100
AcDbProxyObject
 90
      499
 91
      501
 93
      388
310
4150985CDA58D07406404333333333333E33F0000000000000F90107A41107004050150841D405064090741402480A0350
1001
ACAD
1000
AcDbSavedByObjectVersion
1070
     0
  0
ACAD_PROXY_OBJECT
  5
36
102
{ACAD_REACTORS
330
2A
102
}
330
2A
100
AcDbProxyObject
 90
      499
 91
      501
 93
      428
310
42109C9A59DA1D195B90C409028333333333333E33F0000000000000F9010790141107004050150841D405064090741402480A029950
1001
ACAD
1000
AcDbSavedByObjectVersion
1070
     0
  0
ACAD_PROXY_OBJECT
  5
3A
102
{ACAD_REACTORS
330
2A
102
}
330
2A
100
AcDbProxyObject
 90
      499
 91
      501
 93
      452
310
42D0DBDB1BDC90DA185B99D95104090240C333333333333E33F0000000000000F90108901411070040501508421405064090741402480A0350
1001
ACAD
1000
AcDbSavedByObjectVersion
1070
     0
  0
ACAD_PROXY_OBJECT
  5
34
102
{ACAD_REACTORS
330
2A
102
}
330
2A
100
AcDbProxyObject
 90
      499
 91
      501
 93
      500
310
4290DBDB98D95C1D1D585B10940D028333333333333E33F0000000000000F90107902409070040501000000000018199010841D405064090740C02480A0340
1001
ACAD
1000
AcDbSavedByObjectVersion
1070
     0
  0
ACAD_PROXY_OBJECT
  5
35
102
{ACAD_REACTORS
330
2A
102
}
330
2A
100
AcDbProxyObject
 90
      499
 91
      501
 93
      412
310
40D11A5B50B409028333333333333E33F0000000000000F9010790141107004050150841D405064090741402480A02677FFFFFD0
1001
ACAD
1000
AcDbSavedByObjectVersion
1070
     0
  0
ACAD_PROXY_OBJECT
  5
3D
102
{ACAD_REACTORS
330
2A
102
}
330
2A
100
AcDbProxyObject
 90
      499
 91
      501
 93
      452
310
43115919D950DBDB1BDC93D999916409028333333333333E33F0000000000000F9010790141107004050150841D405064090741402480A0350
1001
ACAD
1000
AcDbSavedByObjectVersion
1070
     0
  0
ACAD_PROXY_OBJECT
  5
39
102
{ACAD_REACTORS
330
2A
102
}
330
2A
100
AcDbProxyObject
 90
      499
 91
      501
 93
      444
310
42D19858D95C185D1D195C9B90F409028333333333333E33F0000000000000F9010790141107004050150841D405064090741402480A0350
1001
ACAD
1000
AcDbSavedByObjectVersion
1070
     0
  0
ACAD_PROXY_OBJECT
  5
2B
102
{ACAD_REACTORS
330
2A
102
}
330
2A
100
AcDbProxyObject
 90
      499
 91
      501
 93
      380
310
41119B185D240901404333333333333E33F0000000000000F9010740A907004050150841D405064090741402480A1B50
1001
ACAD
1000
AcDbSavedByObjectVersion
1070
     0
  0
ACAD_PROXY_OBJECT
  5
2C
102
{ACAD_REACTORS
330
2A
102
}
330
2A
100
AcDbProxyObject
 90
      499
 91
      501
 93
      468
310
43519B185D15DA5D1A115919D95CD0140901404333333333333E33F0000000000000F90107409019070040501600405405064090741402480A1B50
1001
ACAD
1000
AcDbSavedByObjectVersion
1070
     0
  0
ACAD_PROXY_OBJECT
  5
2D
102
{ACAD_REACTORS
330
2A
102
}
330
2A
100
AcDbProxyObject
 90
      499
 91
      501
 93
      404
310
41D1DBDD5C985D5910240902404333333333333E33F0000000000000F9010740A9070040501641D405064090741402480A1B50
1001
ACAD
1000
AcDbSavedByObjectVersion
1070
     0
  0
ACAD_PROXY_OBJECT
  5
2E
102
{ACAD_REACTORS
330
2A
102
}
330
2A
100
AcDbProxyObject
 90
      499
 91
      501
 93
      492
310
4411DBDD5C985D5915DA5D1A115919D95CD0340902404333333333333E33F0000000000000F90107409019070040501600405405064090741402480A1B50
1001
ACAD
1000
AcDbSavedByObjectVersion
1070
     0
  0
ACAD_PROXY_OBJECT
  5
31
102
{ACAD_REACTORS
330
2A
102
}
330
2A
100
AcDbProxyObject
 90
      499
 91
      501
 93
      476
310
41921A5919195B90640502408333333333333E33F0000000000000F901079024090700405020000000000001110200405405064090740C02480A0340
1001
ACAD
1000
AcDbSavedByObjectVersion
1070
     0
  0
ACAD_PROXY_OBJECT
  5
3B
102
{ACAD_REACTORS
330
2A
102
}
330
2A
100
AcDbProxyObject
 90
      499
 91
      501
 93
      428
310
42529A5D1D195C93D999914409028333333333333E33F0000000000000F9010790141107004050150A41D405064090741402480A0350
1001
ACAD
1000
AcDbSavedByObjectVersion
1070
     0
  0
ACAD_PROXY_OBJECT
  5
38
102
{ACAD_REACTORS
330
2A
102
}
330
2A
100
AcDbProxyObject
 90
      499
 91
      501
 93
      444
310
42D31A5B995C185D1D195C9B90E409028333333333333E33F0000000000000F9010790141107004050750841D405064090741402483A0350
1001
ACAD
1000
AcDbSavedByObjectVersion
1070
     0
  0
ACAD_PROXY_OBJECT
  5
3C
102
{ACAD_REACTORS
330
2A
102
}
330
2A
100
AcDbProxyObject
 90
      499
 91
      501
 93
      444
310
42D3DD995C9A185B99D3D999915409028333333333333E33F0000000000000F9010790141107004050150941D405064090741402480A0350
1001
ACAD
1000
AcDbSavedByObjectVersion
1070
     0
  0
ACAD_PROXY_OBJECT
  5
33
102
{ACAD_REACTORS
330
2A
102
}
330
2A
100
AcDbProxyObject
 90
      499
 91
      501
 93
      428
310
425499585B1A5CDD1A58D08409038333333333333E33F0000000000000F9010740A907004050150800405405064090740C02480A1B40
1001
ACAD
1000
AcDbSavedByObjectVersion
1070
     0
  0
ACAD_PROXY_OBJECT
  5
42
102
{ACAD_REACTORS
330
2A
102
}
330
2A
100
AcDbProxyObject
 90
      499
 91
      501
 93
      420
310
4194DA1859195911B40902404333333333333E33F0000000000000F9010740A41107004050150800405405064090840C02480A0B40
1001
ACAD
1000
AcDbSavedByObjectVersion
1070
     0
  0
ACAD_PROXY_OBJECT
  5
41
102
{ACAD_REACTORS
330
2A
102
}
330
2A
100
AcDbProxyObject
 90
      499
 91
      501
 93
      516
310
4454DA18591959081DDA5D1A08195919D95CD1A40902404333333333333E33F0000000000000F901074090142907004050250800405405064090740C02480A0B40
1001
ACAD
1000
AcDbSavedByObjectVersion
1070
     0
  0
ACAD_PROXY_OBJECT
  5
3E
102
{ACAD_REACTORS
330
2A
102
}
330
2A
100
AcDbProxyObject
 90
      499
 91
      501
 93
      532
310
4394DA1859195CC81BD98811DC985E5174090240C333333333333E33F0000000000000F901079024090741D01000000000000111010841D405064090740C02480A0340
1001
ACAD
1000
AcDbSavedByObjectVersion
1070
     0
  0
ACAD_PROXY_OBJECT
  5
3F
102
{ACAD_REACTORS
330
2A
102
}
330
2A
100
AcDbProxyObject
 90
      499
 91
      501
 93
      476
310
41D4DAD95D18DA1E51840502408333333333333E33F0000000000000F901079024090741D01000000000000111010B41D405064090741802480A0340
1001
ACAD
1000
AcDbSavedByObjectVersion
1070
     0
  0
ACAD_PROXY_OBJECT
  5
37
102
{ACAD_REACTORS
330
2A
102
}
330
2A
100
AcDbProxyObject
 90
      499
 91
      501
 93
      412
310
41D51A1A58DAD95B90D409028333333333333E33F0000000000000F9010790141107004050150C41D405064090741402480A0350
1001
ACAD
1000
AcDbSavedByObjectVersion
1070
     0
  0
ACAD_PROXY_OBJECT
  5
30
102
{ACAD_REACTORS
330
2A
102
}
330
2A
100
AcDbProxyObject
 90
      499
 91
      501
 93
      420
310
4255DA5C99599C985B595059028333333333333E33F0000000000000F90107901411070040501600405405064090740C02480A0340
1001
ACAD
1000
AcDbSavedByObjectVersion
1070
     0
  0
ACAD_PROXY_OBJECT
  5
40
102
{ACAD_REACTORS
330
2A
102
}
330
2A
100
AcDbProxyObject
 90
      499
 91
      501
 93
      404
310
41560B54985E51940902404000000000000E03F0000000000000F9010740501907004050150841D405064090740C02480A1B40
1001
ACAD
1000
AcDbSavedByObjectVersion
1070
     0
  0
XRECORD
  5
11D
102
{ACAD_REACTORS
330
114
102
}
330
114
100
AcDbXrecord
 90
        0
  0
XRECORD
  5
133
102
{ACAD_REACTORS
330
114
102
}
330
114
100
AcDbXrecord
1000
DSTYLE
1002
{
1070
   279
 70
     2
1070
   340
340
11
1002
}
  0
XRECORD
  5
11E
102
{ACAD_REACTORS
330
114
102
}
330
114
100
AcDbXrecord
  1
{60E4C07A-7392-449D-84EA-1DEA67F8909B}
  0
XRECORD
  5
117
102
{ACAD_REACTORS
330
114
102
}
330
114
100
AcDbXrecord
  1

  0
XRECORD
  5
11C
102
{ACAD_REACTORS
330
114
102
}
330
114
100
AcDbXrecord
 90
        4
  0
XRECORD
  5
119
102
{ACAD_REACTORS
330
114
102
}
330
114
100
AcDbXrecord
340
1A
  0
XRECORD
  5
11B
102
{ACAD_REACTORS
330
114
102
}
330
114
100
AcDbXrecord
 90
    10781
  0
XRECORD
  5
11A
102
{ACAD_REACTORS
330
114
102
}
330
114
100
AcDbXrecord
340
19
  0
XRECORD
  5
120
102
{ACAD_REACTORS
330
114
102
}
330
114
100
AcDbXrecord
 40
0.0
  0
XRECORD
  5
123
102
{ACAD_REACTORS
330
114
102
}
330
114
100
AcDbXrecord
340
0
  0
XRECORD
  5
129
102
{ACAD_REACTORS
330
114
102
}
330
114
100
AcDbXrecord
 10
0.0
 20
0.0
 30
0.0
  0
XRECORD
  5
125
102
{ACAD_REACTORS
330
114
102
}
330
114
100
AcDbXrecord
 10
0.0
 20
0.0
 30
0.0
  0
XRECORD
  5
128
102
{ACAD_REACTORS
330
114
102
}
330
114
100
AcDbXrecord
 10
0.0
 20
0.0
 30
0.0
  0
XRECORD
  5
126
102
{ACAD_REACTORS
330
114
102
}
330
114
100
AcDbXrecord
 10
0.0
 20
0.0
 30
0.0
  0
XRECORD
  5
127
102
{ACAD_REACTORS
330
114
102
}
330
114
100
AcDbXrecord
 10
0.0
 20
0.0
 30
0.0
  0
XRECORD
  5
124
102
{ACAD_REACTORS
330
114
102
}
330
114
100
AcDbXrecord
 10
0.0
 20
0.0
 30
0.0
  0
XRECORD
  5
121
102
{ACAD_REACTORS
330
114
102
}
330
114
100
AcDbXrecord
340
0
  0
XRECORD
  5
122
102
{ACAD_REACTORS
330
114
102
}
330
114
100
AcDbXrecord
 70
     0
  0
XRECORD
  5
118
102
{ACAD_REACTORS
330
114
102
}
330
114
100
AcDbXrecord
  1

  0
XRECORD
  5
115
102
{ACAD_REACTORS
330
114
102
}
330
114
100
AcDbXrecord
 90
        1
  0
XRECORD
  5
116
102
{ACAD_REACTORS
330
114
102
}
330
114
100
AcDbXrecord
 90
       70
  0
XRECORD
  5
12C
102
{ACAD_REACTORS
330
114
102
}
330
114
100
AcDbXrecord
340
0
  0
XRECORD
  5
132
102
{ACAD_REACTORS
330
114
102
}
330
114
100
AcDbXrecord
 10
0.0
 20
0.0
 30
0.0
  0
XRECORD
  5
12E
102
{ACAD_REACTORS
330
114
102
}
330
114
100
AcDbXrecord
 10
0.0
 20
0.0
 30
0.0
  0
XRECORD
  5
131
102
{ACAD_REACTORS
330
114
102
}
330
114
100
AcDbXrecord
 10
0.0
 20
0.0
 30
0.0
  0
XRECORD
  5
12F
102
{ACAD_REACTORS
330
114
102
}
330
114
100
AcDbXrecord
 10
0.0
 20
0.0
 30
0.0
  0
XRECORD
  5
130
102
{ACAD_REACTORS
330
114
102
}
330
114
100
AcDbXrecord
 10
0.0
 20
0.0
 30
0.0
  0
XRECORD
  5
12D
102
{ACAD_REACTORS
330
114
102
}
330
114
100
AcDbXrecord
 10
0.0
 20
0.0
 30
0.0
  0
XRECORD
  5
12A
102
{ACAD_REACTORS
330
114
102
}
330
114
100
AcDbXrecord
340
0
  0
XRECORD
  5
12B
102
{ACAD_REACTORS
330
114
102
}
330
114
100
AcDbXrecord
 70
     0
  0
XRECORD
  5
11F
102
{ACAD_REACTORS
330
114
102
}
330
114
100
AcDbXrecord
  1
{FAEB1C32-E019-11D5-929B-00C0DF256EC4}
  0
DICTIONARYVAR
  5
13B
102
{ACAD_REACTORS
330
134
102
}
330
134
100
DictionaryVariables
280
     0
  1
1:1
  0
DICTIONARYVAR
  5
139
102
{ACAD_REACTORS
330
134
102
}
330
134
100
DictionaryVariables
280
     0
  1
2
  0
DICTIONARYVAR
  5
13A
102
{ACAD_REACTORS
330
134
102
}
330
134
100
DictionaryVariables
280
     0
  1
1
  0
DICTIONARYVAR
  5
13C
102
{ACAD_REACTORS
330
134
102
}
330
134
100
DictionaryVariables
280
     0
  1
1
  0
DICTIONARY
  5
13F
330
45
100
AcDbDictionary
280
     1
  3
ACAD_XREC_ROUNDTRIP
360
140
  0
DICTIONARY
  5
13D
330
44
100
AcDbDictionary
280
     1
  3
ACAD_XREC_ROUNDTRIP
360
13E
  0
DICTIONARY
  5
141
330
46
100
AcDbDictionary
280
     1
  3
ACAD_XREC_ROUNDTRIP
360
142
  0
XRECORD
  5
140
102
{ACAD_REACTORS
330
13F
102
}
330
13F
100
AcDbXrecord
102
MATERIAL
148
0.0
149
0.0
149
0.0
 93
        0
 94
      127
282
     0
 72
     1
 77
     1
171
     1
175
     1
179
     1
273
     0
  0
XRECORD
  5
13E
102
{ACAD_REACTORS
330
13D
102
}
330
13D
100
AcDbXrecord
102
MATERIAL
148
0.0
149
0.0
149
0.0
 93
        0
 94
      127
282
     0
 72
     1
 77
     1
171
     1
175
     1
179
     1
273
     0
  0
XRECORD
  5
142
102
{ACAD_REACTORS
330
141
102
}
330
141
100
AcDbXrecord
102
MATERIAL
148
0.0
149
0.0
149
0.0
 93
        0
 94
      127
282
     0
 72
     1
 77
     1
171
     1
175
     1
179
     1
273
     0
  0
ENDSEC
  0
EOF
